equip,mode,start,end,duration_min,n_points,peak_mae,peak_ratio,mean_mae,mean_ratio,dist_to_failure_days,category,trig_class,base_before,base_after,peak_dev,max_step_in_ep,typical_step,level_shift,frac_off_like,shutdown_after
B-0302C,mult,2024-02-01 15:41:00,2024-02-01 17:34:00,113.0,114,0.0704197,1.594,0.0432735966693548,0.979,210.35,far,sustentado_sem_causa,2.7729,3.0223,2.1416,1.7827,0.1603,0.2494,0.0,False
B-0302C,mult,2024-02-01 18:23:00,2024-02-01 19:39:00,76.0,77,0.06037665,1.366,0.0296141967586206,0.67,210.23,far,mudanca_regime,4.2614,2.8417,1.7949,0.7411,0.1603,1.4196,0.0,False
B-0302C,mult,2024-02-01 22:04:00,2024-02-01 23:34:00,90.0,91,0.061335523,1.388,0.0340755735643564,0.771,210.08,far,mudanca_regime,2.8312,5.0158,2.7366,0.8547,0.1603,2.1846,0.0,False
B-0302C,mult,2024-02-02 04:52:00,2024-02-02 05:57:00,65.0,66,0.08474537,1.918,0.0376256628289473,0.852,209.8,far,sustentado_sem_causa,5.0399,5.4343,0.6866,1.9492,0.1603,0.3945,0.0,False
B-0302C,mult,2024-02-02 17:50:00,2024-02-02 19:39:00,109.0,110,0.070337996,1.592,0.0447648917333333,1.013,209.26,far,mudanca_regime,4.9072,2.7871,2.5263,1.2027,0.1603,2.1201,0.0,False
B-0302C,mult,2024-02-02 22:41:00,2024-02-03 00:12:00,91.0,92,0.05089163,1.152,0.0317592394117647,0.719,209.05,far,mudanca_regime,2.7723,4.7067,2.6123,1.5808,0.1603,1.9344,0.0,False
B-0302C,mult,2024-02-03 01:36:00,2024-02-03 04:22:00,166.0,167,0.07087682,1.604,0.0444200777401129,1.005,208.93,far,sustentado_sem_causa,4.8984,4.5554,2.6639,0.8466,0.1603,0.343,0.0,False
B-0302C,mult,2024-02-03 04:40:00,2024-02-03 05:35:00,55.0,56,0.047244873,1.069,0.0325000329393939,0.736,208.81,far,mudanca_regime,3.0034,4.5169,2.0347,0.8466,0.1603,1.5135,0.0,False
B-0302C,mult,2024-02-04 15:20:00,2024-02-04 18:00:00,160.0,161,0.06857147,1.552,0.041248754491228,0.934,207.36,far,sustentado_sem_causa,4.7473,4.8131,2.5068,1.4347,0.1603,0.0658,0.0,False
B-0302C,mult,2024-02-04 23:11:00,2024-02-05 00:22:00,71.0,72,0.056891005,1.288,0.0308523134512195,0.698,207.03,far,mudanca_regime,4.5775,2.718,2.337,1.105,0.1603,1.8595,0.0,False
B-0302C,mult,2024-02-05 10:52:00,2024-02-05 12:00:00,68.0,69,0.054118063,1.225,0.0367168239873417,0.831,206.55,far,mudanca_regime,2.7589,4.8907,2.5341,0.8974,0.1603,2.1318,0.0,False
B-0302C,mult,2024-02-06 09:41:00,2024-02-06 11:02:00,81.0,82,0.056806963,1.286,0.0343401193858695,0.777,205.6,far,mudanca_regime,2.7785,5.082,3.0212,0.8878,0.1603,2.3035,0.0,False
B-0302C,mult,2024-02-06 17:59:00,2024-02-06 19:32:00,93.0,94,0.055513836,1.256,0.032925149201923,0.745,205.25,far,mudanca_regime,5.0054,2.9535,2.5573,0.7833,0.1603,2.0519,0.0,False
B-0302C,mult,2024-02-06 22:14:00,2024-02-07 00:05:00,111.0,112,0.0680469,1.54,0.0378517488688524,0.857,205.07,far,mudanca_regime,2.9946,5.2494,0.5893,2.5432,0.1603,2.2548,0.0,False
B-0302C,mult,2024-02-07 00:25:00,2024-02-07 02:01:00,96.0,97,0.053071193,1.201,0.033098615635514,0.749,204.98,far,mudanca_regime,2.8438,5.2791,2.9559,1.7035,0.1603,2.4353,0.0,False
B-0302C,mult,2024-02-07 12:47:00,2024-02-07 15:03:00,136.0,137,0.076440565,1.73,0.0388813643163265,0.88,204.47,far,mudanca_regime,6.4831,4.0118,4.0594,1.3635,0.1603,2.4713,0.0,False
B-0302C,mult,2024-02-07 16:41:00,2024-02-07 17:57:00,76.0,77,0.053009905,1.2,0.0334325824942528,0.757,204.3,far,mudanca_regime,6.2014,2.935,3.8265,0.757,0.1603,3.2664,0.0,False
B-0302C,mult,2024-02-08 07:49:00,2024-02-08 09:43:00,114.0,115,0.10530737,2.383,0.049394574696,1.118,203.67,far,mudanca_regime,5.2276,6.8325,2.9055,3.811,0.1603,1.6049,0.0,False
B-0302C,mult,2024-02-08 17:36:00,2024-02-08 17:40:00,4.0,5,0.052395634,1.186,0.0298125314666666,0.675,203.27,far,mudanca_regime,5.3965,2.8526,0.1224,3.486,0.1603,2.544,0.0,False
B-0302C,mult,2024-02-08 17:56:00,2024-02-08 19:45:00,109.0,110,0.069619745,1.576,0.0422852868666666,0.957,203.25,far,mudanca_regime,5.377,2.8978,3.0137,1.0478,0.1603,2.4791,0.0,False
B-0302C,mult,2024-02-10 12:51:00,2024-02-10 14:18:00,87.0,88,0.05793183,1.311,0.0294878531224489,0.667,201.46,far,mudanca_regime,4.5641,3.0235,2.0745,1.2332,0.1603,1.5406,0.0,False
B-0302C,mult,2024-02-11 22:17:00,2024-02-11 23:39:00,82.0,83,0.0728605,1.649,0.0373162531397849,0.845,200.07,far,mudanca_regime,5.2706,2.9906,2.8164,1.2739,0.1603,2.28,0.0,False
B-0302C,mult,2024-02-12 18:00:00,2024-02-12 19:31:00,91.0,92,0.05819602,1.317,0.0356151113431372,0.806,199.25,far,mudanca_regime,5.2503,2.9653,2.7717,1.0372,0.1603,2.285,0.0,False
B-0302C,mult,2024-02-13 15:46:00,2024-02-13 18:34:00,168.0,169,0.15268987,3.456,0.0737872646648044,1.67,198.34,far,sustentado_sem_causa,4.9392,4.9633,2.7186,1.6972,0.1603,0.0241,0.0,False
B-0302C,mult,2024-02-13 18:59:00,2024-02-13 19:45:00,46.0,47,0.0479639,1.085,0.0268289542631578,0.607,198.21,far,mudanca_regime,3.0718,4.9863,2.5265,1.2027,0.1603,1.9145,0.0,False
B-0302C,mult,2024-02-14 18:20:00,2024-02-14 19:28:00,68.0,69,0.05239355,1.186,0.0308437265189873,0.698,197.24,far,mudanca_regime,4.2543,2.927,1.8429,0.9463,0.1603,1.3273,0.0,False
B-0302C,mult,2024-02-14 22:38:00,2024-02-14 23:38:00,60.0,61,0.049285986,1.115,0.0302623103380281,0.685,197.06,far,mudanca_regime,2.9615,4.6947,2.0507,0.7363,0.1603,1.7332,0.0,False
B-0302C,mult,2024-02-15 18:33:00,2024-02-15 19:33:00,60.0,61,0.0641053,1.451,0.0343882177323943,0.778,196.23,far,sustentado_sem_causa,3.5283,2.892,1.1229,1.0195,0.1603,0.6363,0.0,False
B-0302C,mult,2024-02-16 16:14:00,2024-02-16 17:52:00,98.0,99,0.05753889,1.302,0.034346515412844,0.777,195.32,far,mudanca_regime,4.2652,2.8104,1.7367,1.89,0.1603,1.4547,0.0,False
B-0302C,mult,2024-02-16 18:06:00,2024-02-16 19:29:00,83.0,84,0.052736055,1.193,0.035153251680851,0.796,195.25,far,mudanca_regime,4.2721,2.8714,1.8667,0.7753,0.1603,1.4007,0.0,False
B-0302C,mult,2024-02-16 22:31:00,2024-02-16 23:59:00,88.0,89,0.059455454,1.346,0.0327145553333333,0.74,195.06,far,mudanca_regime,2.8714,3.916,1.6219,0.9822,0.1603,1.0446,0.0,False
B-0302C,mult,2024-02-17 17:56:00,2024-02-17 22:07:00,251.0,252,0.15871811,3.592,0.076936122221374,1.741,194.25,far,mudanca_regime,4.6328,3.0472,2.4411,1.1447,0.1603,1.5856,0.0,False
B-0302C,mult,2024-02-17 22:58:00,2024-02-18 01:14:00,136.0,137,0.06029187,1.364,0.0370291121836734,0.838,194.04,far,sustentado_sem_causa,4.4426,4.7254,2.0484,0.9168,0.1603,0.2828,0.0,False
B-0302C,mult,2024-02-18 10:59:00,2024-02-18 12:06:00,67.0,68,0.06909743,1.564,0.034803020576923,0.788,193.54,far,mudanca_regime,4.4576,2.8277,2.156,1.5263,0.1603,1.6299,0.0,False
B-0302C,mult,2024-02-18 13:45:00,2024-02-18 15:22:00,97.0,98,0.050753854,1.149,0.0322013286481481,0.729,193.43,far,mudanca_regime,2.786,4.9915,2.7695,1.3818,0.1603,2.2054,0.0,False
B-0302C,mult,2024-02-18 18:45:00,2024-02-18 20:19:00,94.0,95,0.0532449,1.205,0.0349994047904761,0.792,193.22,far,mudanca_regime,4.905,2.8447,2.4242,0.8425,0.1603,2.0603,0.0,False
B-0302C,mult,2024-02-19 09:03:00,2024-02-19 10:54:00,111.0,112,0.074219786,1.68,0.0426059035983606,0.964,192.62,far,sustentado_sem_causa,2.9063,2.8615,0.5649,1.8655,0.1603,0.0448,0.0,False
B-0302C,mult,2024-02-20 18:26:00,2024-02-20 19:42:00,76.0,77,0.075693145,1.713,0.0360039662528735,0.815,191.23,far,mudanca_regime,4.1026,3.0224,1.6484,0.9217,0.1603,1.0801,0.0,False
B-0302C,mult,2024-02-20 22:11:00,2024-02-20 23:40:00,89.0,90,0.057931587,1.311,0.032313686555,0.731,191.08,far,mudanca_regime,3.046,4.2575,1.7342,2.3504,0.1603,1.2115,0.0,False
B-0302C,mult,2024-02-21 10:01:00,2024-02-21 12:37:00,156.0,157,0.08062882,1.825,0.0430457152035928,0.974,190.58,far,sustentado_sem_causa,4.1556,4.1196,1.8968,1.4103,0.1603,0.0361,0.0,False
B-0302C,mult,2024-02-21 17:44:00,2024-02-21 19:37:00,113.0,114,0.08947224,2.025,0.0484523066209677,1.097,190.26,far,mudanca_regime,4.1127,2.8823,1.6829,0.8735,0.1603,1.2304,0.0,False
B-0302C,mult,2024-02-21 22:12:00,2024-02-21 23:39:00,87.0,88,0.049539763,1.121,0.0314804892346938,0.712,190.07,far,mudanca_regime,2.8985,5.1584,2.8157,0.7998,0.1603,2.2599,0.0,False
B-0302C,mult,2024-02-22 01:55:00,2024-02-22 03:17:00,82.0,83,0.0644857,1.459,0.0350563469892473,0.793,189.92,far,mudanca_regime,5.061,3.0679,2.5519,0.8002,0.1603,1.9931,0.0,False
B-0302C,mult,2024-02-22 06:11:00,2024-02-22 07:19:00,68.0,69,0.050980277,1.154,0.0386383175189873,0.874,189.74,far,sustentado_sem_causa,2.908,3.1904,0.5377,0.7595,0.1603,0.2824,0.0,False
B-0302C,mult,2024-02-22 08:12:00,2024-02-22 10:56:00,164.0,165,0.15688196,3.55,0.06426172,1.454,189.66,far,mudanca_regime,3.0424,6.7223,4.4092,1.3618,0.1603,3.6799,0.0,False
B-0302C,mult,2024-02-22 17:57:00,2024-02-22 20:56:00,179.0,180,0.08002582,1.811,0.0450988901473684,1.021,189.25,far,mudanca_regime,6.7972,4.383,4.4163,0.8352,0.1603,2.4142,0.0,False
B-0302C,mult,2024-02-22 22:01:00,2024-02-22 23:28:00,87.0,88,0.059047356,1.336,0.0345430607653061,0.782,189.08,far,mudanca_regime,2.9456,6.6356,4.3255,1.9017,0.1603,3.69,0.0,False
B-0302C,mult,2024-02-23 07:05:00,2024-02-23 09:03:00,118.0,119,0.11645924,2.636,0.0530904165581395,1.202,188.7,far,sustentado_sem_causa,6.7201,6.7999,0.4716,6.7806,0.1603,0.0798,0.0,False
B-0302C,mult,2024-02-23 17:53:00,2024-02-23 19:32:00,99.0,100,0.060999278,1.381,0.0376741014499999,0.853,188.25,far,mudanca_regime,6.6878,2.9024,4.2763,1.3187,0.1603,3.7854,0.0,False
B-0302C,mult,2024-02-25 02:26:00,2024-02-25 03:14:00,48.0,49,0.05007784,1.133,0.0334478912881355,0.757,186.9,far,sustentado_sem_causa,3.0305,2.9507,0.5031,0.9153,0.1603,0.0798,0.0,False
B-0302C,mult,2024-02-27 23:00:00,2024-02-28 00:29:00,89.0,90,0.04884515,1.105,0.03233063584,0.732,184.04,far,mudanca_regime,3.0971,4.2191,1.5977,1.5934,0.1603,1.1221,0.0,False
B-0302C,mult,2024-03-01 15:41:00,2024-03-01 15:55:00,14.0,15,0.0578086,1.308,0.03249641996,0.735,181.35,far,mudanca_regime,4.011,2.9898,1.4799,0.9307,0.1603,1.0212,0.0,False
B-0302C,mult,2024-03-03 14:06:00,2024-03-03 15:37:00,91.0,92,0.05391713,1.22,0.0328202529509803,0.743,179.41,far,mudanca_regime,3.0874,5.2343,2.5192,0.6877,0.1603,2.1469,0.0,False
B-0302C,mult,2024-03-04 14:54:00,2024-03-04 16:37:00,103.0,104,0.055422142,1.254,0.0343206103596491,0.777,178.38,far,mudanca_regime,4.3508,2.9543,2.0309,1.2697,0.1603,1.3965,0.0,False
B-0302C,mult,2024-03-04 22:34:00,2024-03-04 23:21:00,47.0,48,0.04436872,1.004,0.0325530183448275,0.737,178.06,far,mudanca_regime,2.953,5.0218,2.4967,0.7441,0.1603,2.0688,0.0,False
B-0302C,mult,2024-03-05 04:16:00,2024-03-05 11:11:00,415.0,416,0.08627084,1.952,0.0475368025187793,1.076,177.82,far,mudanca_regime,4.7481,2.7169,4.7481,2.5458,0.1603,2.0311,0.0,False
B-0302C,mult,2024-03-17 16:42:00,2024-03-17 17:43:00,61.0,62,0.048764724,1.104,0.0319766407097222,0.724,165.3,far,mudanca_regime,5.0404,4.1488,2.7511,0.9368,0.1603,0.8917,0.0,False
B-0302C,mult,2024-03-17 19:41:00,2024-03-17 20:49:00,68.0,69,0.048844896,1.105,0.0371507549620253,0.841,165.18,far,mudanca_regime,4.1428,3.1826,1.7313,1.7872,0.1603,0.9602,0.0,False
B-0302C,mult,2024-03-18 15:23:00,2024-03-18 16:53:00,90.0,91,0.07138329,1.616,0.0343163756851485,0.777,164.36,far,mudanca_regime,4.1762,2.9489,1.7409,3.2549,0.1603,1.2273,0.0,False
B-0302C,mult,2024-04-05 10:18:00,2024-04-05 11:46:00,88.0,89,0.06680799,1.512,0.0300465537616161,0.68,146.57,far,sustentado_sem_causa,2.8318,2.9478,0.703,2.8571,0.1603,0.116,0.0,False
B-0302C,mult,2024-04-09 17:15:00,2024-04-09 19:42:00,147.0,148,0.0757006,1.713,0.0481776055506329,1.09,142.28,far,mudanca_regime,4.9291,2.9071,2.5848,2.6905,0.1603,2.0221,0.0,False
B-0302C,mult,2024-04-10 15:16:00,2024-04-10 16:27:00,71.0,72,0.050689418,1.147,0.0355637601585365,0.805,141.36,far,mudanca_regime,2.8565,4.6122,2.0768,0.7326,0.1603,1.7558,0.0,False
B-0302C,mult,2024-05-02 17:19:00,2024-05-02 19:02:00,103.0,104,0.06539447,1.48,0.0337368448245614,0.764,119.28,far,sustentado_sem_causa,3.3426,3.1812,1.4743,2.442,0.1603,0.1614,0.0,False
B-0302C,mult,2024-05-13 15:34:00,2024-05-13 16:40:00,66.0,67,0.047267642,1.07,0.0278211824155844,0.63,108.35,far,sustentado_sem_causa,4.4483,3.9709,0.4853,4.3529,0.1603,0.4775,0.0,False
B-0302C,mult,2024-05-21 14:24:00,2024-05-21 15:20:00,56.0,57,0.045143463,1.022,0.0298265818358208,0.675,100.4,far,mudanca_regime,6.2999,3.0028,3.7602,2.1907,0.1603,3.2971,0.0,False
B-0302C,mult,2024-05-28 22:02:00,2024-05-28 23:06:00,64.0,65,0.04817097,1.09,0.0309278693799999,0.7,93.08,far,mudanca_regime,3.0097,5.9401,3.5226,2.2161,0.1603,2.9304,0.0,False
B-0302C,mult,2024-06-19 22:03:00,2024-06-19 22:59:00,56.0,57,0.05269508,1.193,0.0320778462462686,0.726,71.08,far,mudanca_regime,2.9322,6.0502,3.7833,1.4206,0.1603,3.118,0.0,False
B-0302C,mult,2024-06-29 07:30:00,2024-06-29 09:17:00,107.0,108,0.07373885,1.669,0.0359013196601694,0.813,61.69,far,sustentado_sem_causa,4.681,4.6396,0.5113,4.4811,0.1603,0.0414,0.0,False
B-0302C,mult,2024-07-09 18:38:00,2024-07-09 19:37:00,59.0,60,0.05291043,1.197,0.0239632025285714,0.542,51.22,far,mudanca_regime,4.6942,3.0673,2.1118,0.8608,0.1603,1.6269,0.0,False
B-0302C,mult,2024-07-27 19:39:00,2024-07-27 20:38:00,59.0,60,0.051328786,1.162,0.0302358941142857,0.684,33.18,far,mudanca_regime,4.2491,3.0509,1.7705,0.7228,0.1603,1.1982,0.0,False
B-0302C,mult,2024-08-05 17:51:00,2024-08-05 19:40:00,109.0,110,0.09997944,2.263,0.038501607125,0.871,24.26,far,mudanca_regime,6.8122,3.1819,4.4373,1.453,0.1603,3.6303,0.0,False
B-0302C,mult,2024-08-07 14:17:00,2024-08-07 15:50:00,93.0,94,0.055141475,1.248,0.0334724529076923,0.758,22.4,far,sustentado_sem_causa,3.0387,3.1204,2.0009,1.9536,0.1603,0.0816,0.0,False
B-0302C,mult,2024-08-16 22:02:00,2024-08-16 23:12:00,70.0,71,0.054603506,1.236,0.0339609617160493,0.769,13.08,far,mudanca_regime,3.2566,4.9775,2.209,0.871,0.1603,1.7208,0.0,False
B-0302C,mult,2024-08-18 16:06:00,2024-08-18 17:28:00,82.0,83,0.051309798,1.161,0.0326771766397849,0.74,11.33,far,mudanca_regime,4.2196,3.1214,1.6494,0.989,0.1603,1.0981,0.0,False
B-0302C,mult,2024-08-28 21:38:00,2024-08-29 00:10:00,152.0,153,0.07108239,1.609,0.0411296066472392,0.931,1.1,near_48h,mudanca_regime,3.4737,4.7344,1.917,1.3248,0.1603,1.2607,0.0,False
B-0302C,mult,2024-08-30 18:36:00,2024-08-30 20:54:00,138.0,139,0.06377201,1.443,0.0422223741409395,0.956,0.78,near_48h,sustentado_sem_causa,4.3702,4.392,1.4825,1.8791,0.1603,0.0218,0.0,False
B-24001B,mult,2024-10-11 12:06:00,2024-10-11 13:35:00,89.0,90,0.33565503,2.041,0.14034307049,0.854,86.5,far,glitch_sensor,0.0,1.3366,1.4146,1.5128,0.0001,1.3366,0.0,True
B-24001B,mult,2024-11-07 16:27:00,2024-11-07 17:45:00,78.0,79,0.20356074,1.238,0.1095492537303371,0.666,59.31,far,mudanca_regime,1.0847,1.4859,0.64,2.0735,0.0001,0.4011,0.0,False
B-24001B,mult,2024-11-11 05:37:00,2024-11-11 06:24:00,47.0,48,0.19374338,1.178,0.1132884341206896,0.689,55.77,far,mudanca_regime,0.1501,1.4464,1.3159,2.6666,0.0001,1.2963,0.0,False
B-24001B,mult,2024-11-13 15:04:00,2024-11-13 16:12:00,68.0,69,0.18114801,1.102,0.1005698210632911,0.612,53.37,far,precursor_parada,0.0388,0.9999,0.9562,2.8099,0.0001,0.9611,0.0,True
B-24001B,mult,2024-11-21 00:32:00,2024-11-21 02:32:00,120.0,121,0.40004295,2.433,0.1952458197938931,1.187,45.98,far,mudanca_regime,5.0578,1.3226,5.116,6.5694,0.0001,3.7352,0.0,False
B-24001B,mult,2024-11-22 12:11:00,2024-11-22 13:30:00,79.0,80,0.2132522,1.297,0.1380052278666666,0.839,44.49,far,mudanca_regime,0.0388,5.5249,6.2399,6.1043,0.0001,5.4861,0.0,False
B-24001B,mult,2024-11-22 17:00:00,2024-11-22 17:32:00,32.0,33,0.39333642,2.392,0.2232297124651163,1.358,44.29,far,precursor_parada,5.3098,0.2859,9.67,8.0422,0.0001,5.0238,0.0,False
B-24001B,mult,2024-11-22 17:35:00,2024-11-22 19:23:00,108.0,109,0.39333642,2.392,0.1342050458823529,0.816,44.27,far,precursor_parada,5.3098,0.2411,5.0442,12.1699,0.0001,5.0686,0.0,False
B-24001B,mult,2024-11-27 12:24:00,2024-11-27 16:38:00,254.0,255,0.6246854,3.799,0.2673438657547169,1.626,39.48,far,mudanca_regime,0.0388,1.6133,12.0342,7.3634,0.0001,1.5745,0.0,False
B-24001B,mult,2024-11-27 18:40:00,2024-11-28 00:11:00,331.0,332,0.6247184,3.799,0.2414486199064327,1.468,39.22,far,mudanca_regime,1.6133,1.7295,12.7269,8.6429,0.0001,0.1163,0.0,False
B-24001B,mult,2024-11-28 01:06:00,2024-11-28 02:03:00,57.0,58,0.21427852,1.303,0.1332174662205882,0.81,38.95,far,mudanca_regime,5.1628,1.6679,3.5738,5.6198,0.0001,3.4949,0.0,False
B-24001B,mult,2024-11-28 03:39:00,2024-11-28 05:13:00,94.0,95,0.2011962,1.224,0.1070427062952381,0.651,38.85,far,mudanca_regime,1.6692,1.7055,0.2173,3.9427,0.0001,0.0363,0.0,False
B-24001B,mult,2024-11-28 07:59:00,2024-11-28 12:10:00,251.0,252,0.34192467,2.079,0.1943628675305344,1.182,38.67,far,mudanca_regime,1.7359,1.8699,8.3216,6.143,0.0001,0.1339,0.0,False
B-24001B,mult,2024-11-29 05:21:00,2024-11-29 07:16:00,115.0,116,0.41001186,2.494,0.2235971999603175,1.36,37.78,far,mudanca_regime,1.8164,1.7863,14.8299,11.7435,0.0001,0.0301,0.0,False
B-24001B,mult,2024-11-29 07:56:00,2024-11-29 09:46:00,110.0,111,0.29562882,1.798,0.1541321632809917,0.937,37.67,far,precursor_parada,15.5223,1.8358,13.9527,10.2513,0.0001,13.6865,0.0,True
B-24001B,mult,2024-11-29 15:55:00,2024-11-29 19:21:00,206.0,207,0.33268735,2.023,0.1758415792396313,1.069,37.34,far,mudanca_regime,0.2487,1.9512,13.6652,7.9259,0.0001,1.7025,0.0,False
B-24001B,mult,2024-11-30 17:10:00,2024-11-30 21:49:00,279.0,280,0.31193236,1.897,0.177915603,1.082,36.28,far,mudanca_regime,0.0388,13.0176,14.1077,11.1815,0.0001,12.9789,0.0,False
B-24001B,mult,2024-11-30 21:57:00,2024-12-01 01:53:00,236.0,237,0.19347902,1.177,0.1589431978947368,0.967,36.09,far,mudanca_regime,13.0031,13.1533,1.3759,1.6084,0.0001,0.1502,0.0,False
B-24001B,mult,2024-12-01 03:52:00,2024-12-01 06:30:00,158.0,159,0.18008393,1.095,0.1582072195266272,0.962,35.84,far,mudanca_regime,13.1727,13.1387,0.9932,1.4146,0.0001,0.0339,0.0,False
B-24001B,mult,2024-12-01 09:53:00,2024-12-01 11:14:00,81.0,82,0.19229384,1.169,0.1587791278260869,0.966,35.59,far,mudanca_regime,13.0951,13.2938,1.1676,1.3759,0.0001,0.1986,0.0,False
B-24001B,mult,2024-12-01 11:37:00,2024-12-01 12:40:00,63.0,64,0.17206545,1.046,0.1512703224324324,0.92,35.52,far,mudanca_regime,13.2615,13.2938,1.0206,1.1433,0.0001,0.0323,0.0,False
B-24001B,mult,2024-12-01 12:44:00,2024-12-01 13:43:00,59.0,60,0.16948447,1.031,0.1485761423142857,0.904,35.47,far,mudanca_regime,13.2938,13.2163,0.8333,1.1563,0.0001,0.0775,0.0,False
B-24001B,mult,2024-12-01 14:19:00,2024-12-01 16:02:00,103.0,104,0.19285668,1.173,0.1529021701929824,0.93,35.4,far,mudanca_regime,13.2841,13.1113,0.843,1.434,0.0001,0.1728,0.0,False
B-24001B,mult,2024-12-01 20:30:00,2024-12-01 22:21:00,111.0,112,0.18544152,1.128,0.1590980163934426,0.968,35.15,far,mudanca_regime,13.0289,13.3616,0.9625,1.4146,0.0001,0.3327,0.0,False
B-24001B,mult,2024-12-02 00:15:00,2024-12-02 03:13:00,178.0,179,0.19083911,1.161,0.1567598497460317,0.953,34.99,far,mudanca_regime,13.3442,13.4246,0.9767,1.7053,0.0001,0.0804,0.0,False
B-24001B,mult,2024-12-02 04:51:00,2024-12-02 05:46:00,55.0,56,0.1717936,1.045,0.1463422302272727,0.89,34.8,far,mudanca_regime,13.4488,13.6523,0.9108,1.1433,0.0001,0.2035,0.0,False
B-24001B,mult,2024-12-02 15:55:00,2024-12-02 17:40:00,105.0,106,0.30219766,1.838,0.1232212264482758,0.749,34.34,far,precursor_parada,13.6103,0.1993,13.4061,14.9216,0.0001,13.411,0.0,True
B-24001B,mult,2024-12-03 11:33:00,2024-12-03 13:06:00,93.0,94,0.27523762,1.674,0.149618532201923,0.91,33.52,far,mudanca_regime,0.2346,1.9565,6.5479,8.8172,0.0001,1.7219,0.0,False
B-24001B,mult,2024-12-03 22:03:00,2024-12-03 23:06:00,63.0,64,0.17140089,1.042,0.1095365934459459,0.666,33.08,far,precursor_parada,1.7192,1.6966,0.1883,2.9068,0.0001,0.0226,0.0,True
B-24001B,mult,2024-12-04 06:46:00,2024-12-04 09:04:00,138.0,139,0.30195895,1.836,0.1797445166241611,1.093,32.72,far,glitch_sensor,0.0485,0.0845,9.699,7.48,0.0001,0.036,0.0,True
B-24001B,mult,2024-12-05 14:27:00,2024-12-05 15:06:00,39.0,40,0.44606164,2.713,0.1906292498,1.159,31.4,far,precursor_parada,0.241,0.2325,17.0641,11.2396,0.0001,0.0085,0.0,True
B-24001B,mult,2024-12-05 15:42:00,2024-12-05 17:00:00,78.0,79,0.24695158,1.502,0.0911075766910112,0.554,31.35,far,glitch_sensor,0.2362,0.2325,0.0037,17.228,0.0001,0.0037,0.0,False
B-24001B,mult,2024-12-09 04:57:00,2024-12-09 05:36:00,39.0,40,0.4385049,2.667,0.20978514,1.276,27.79,far,glitch_sensor,0.1744,0.214,17.2858,7.8096,0.0001,0.0396,0.0,True
B-24001B,mult,2024-12-09 06:32:00,2024-12-09 06:35:00,3.0,4,0.24224524,1.473,0.1634597914285714,0.994,27.73,far,glitch_sensor,0.2476,0.2221,0.0262,15.2704,0.0001,0.0255,0.0,False
B-24001B,mult,2024-12-18 13:53:00,2024-12-18 15:33:00,100.0,101,0.28613007,1.74,0.1447645477477477,0.88,18.42,far,mudanca_regime,0.0581,1.7767,7.3445,6.7825,0.0001,1.7186,0.0,False
B-24001B,mult,2024-12-19 02:50:00,2024-12-19 04:38:00,108.0,109,0.20505491,1.247,0.1174033473613445,0.714,17.88,far,precursor_parada,1.7167,1.8797,0.5119,6.2076,0.0001,0.1631,0.0,True
B-24001B,mult,2024-12-19 15:31:00,2024-12-19 17:40:00,129.0,130,0.28344744,1.724,0.1761693205,1.071,17.35,far,mudanca_regime,0.0581,4.0534,8.9336,5.9686,0.0001,3.9952,0.0,False
B-24001B,mult,2024-12-19 18:30:00,2024-12-19 23:04:00,274.0,275,0.3784395,2.302,0.2168105805087719,1.319,17.23,far,mudanca_regime,7.7063,2.3884,5.6327,7.0538,0.0001,5.3178,0.0,False
B-24001B,mult,2024-12-20 00:42:00,2024-12-20 03:49:00,187.0,188,0.39453918,2.399,0.2219032092575757,1.35,16.97,far,mudanca_regime,2.2996,3.1006,11.5755,6.6856,0.0001,0.801,0.0,False
B-24001B,mult,2024-12-20 04:39:00,2024-12-20 06:44:00,125.0,126,0.33050364,2.01,0.1832920582279411,1.115,16.81,far,mudanca_regime,3.0812,3.1393,5.678,5.5035,0.0001,0.0581,0.0,False
B-24001B,mult,2024-12-20 08:34:00,2024-12-20 12:51:00,257.0,258,0.439376,2.672,0.2307795570746268,1.404,16.64,far,precursor_parada,3.0974,3.1975,11.2429,9.6603,0.0001,0.1001,0.0,True
B-24001B,mult,2024-12-20 13:00:00,2024-12-20 14:46:00,106.0,107,0.24299914,1.478,0.1424947257777777,0.867,16.46,far,precursor_parada,3.6819,2.9746,4.6121,4.9416,0.0001,0.7073,0.0,True
B-24001B,mult,2024-12-26 15:51:00,2024-12-26 16:28:00,37.0,38,0.6996682,4.255,0.33592999125,2.043,10.34,far,glitch_sensor,0.0969,0.272,17.4602,15.0766,0.0001,0.1751,0.0,True
B-24001B,mult,2024-12-26 17:06:00,2024-12-26 18:22:00,76.0,77,0.43667296,2.656,0.137541091091954,0.836,10.29,far,glitch_sensor,0.1381,0.2455,0.1516,17.4602,0.0001,0.1075,0.0,False
B-24001B,mult,2024-12-27 12:03:00,2024-12-27 14:03:00,120.0,121,0.40377623,2.456,0.2075506253282442,1.262,9.5,near_10d,mudanca_regime,0.2325,5.7603,13.7007,7.4866,0.0001,5.5278,0.0,False
B-24001B,mult,2024-12-27 14:44:00,2024-12-27 17:16:00,152.0,153,0.3583322,2.179,0.1943725308650307,1.182,9.39,near_10d,mudanca_regime,4.4216,5.5536,5.8298,6.8213,0.0001,1.132,0.0,False
B-24001B,mult,2024-12-27 22:24:00,2024-12-27 23:36:00,72.0,73,0.1819075,1.106,0.1183937084578313,0.72,9.07,near_10d,mudanca_regime,5.6004,1.8991,3.8951,4.3214,0.0001,3.7013,0.0,False
B-24001B,mult,2024-12-28 03:58:00,2024-12-28 06:06:00,128.0,129,0.28446776,1.73,0.1503535472446042,0.914,8.83,near_10d,mudanca_regime,7.3775,1.8531,5.6915,4.0501,0.0001,5.5244,0.0,False
B-24001B,mult,2024-12-30 03:39:00,2024-12-30 05:42:00,123.0,124,0.41677538,2.535,0.1879319090746268,1.143,6.85,near_10d,mudanca_regime,3.4082,3.4494,8.5678,8.2941,0.0001,0.0412,0.0,False
B-24001B,mult,2024-12-30 21:19:00,2024-12-30 23:14:00,115.0,116,0.2832374,1.723,0.1579482644444444,0.961,6.11,near_10d,mudanca_regime,3.4494,2.2202,8.7107,7.7805,0.0001,1.2292,0.0,False
B-24001B,mult,2024-12-31 03:23:00,2024-12-31 06:22:00,179.0,180,0.41430026,2.52,0.2405790000947368,1.463,5.86,near_10d,mudanca_regime,3.5947,8.4539,9.3308,8.4103,0.0001,4.8592,0.0,False
B-24001B,mult,2024-12-31 07:00:00,2024-12-31 10:30:00,210.0,211,0.4542591,2.763,0.250109074117647,1.521,5.71,near_10d,mudanca_regime,8.5072,2.6226,6.3756,6.0461,0.0001,5.8847,0.0,False
B-24001B,mult,2024-12-31 23:09:00,2025-01-01 01:36:00,147.0,148,0.47783664,2.906,0.2178726051518987,1.325,5.04,near_10d,precursor_parada,3.3964,2.656,9.4904,7.8968,0.0001,0.7405,0.0,True
B-24001B,mult,2025-01-02 11:45:00,2025-01-02 12:03:00,18.0,19,0.42801383,2.603,0.23850903,1.451,3.51,near_10d,mudanca_regime,0.2094,0.2528,16.9795,14.6698,0.0001,0.0433,0.0,True
B-24001B,mult,2025-01-02 12:06:00,2025-01-02 12:17:00,11.0,12,0.42801383,2.603,0.3490526968181818,2.123,3.5,near_10d,mudanca_regime,0.2183,0.2507,0.1887,15.2137,0.0001,0.0324,0.0,True
B-24001B,mult,2025-01-02 12:19:00,2025-01-02 13:03:00,44.0,45,0.42349827,2.576,0.2636066126545454,1.603,3.49,near_10d,precursor_parada,0.2232,0.2349,0.0475,15.2137,0.0001,0.0116,0.0,True
B-24001B,mult,2025-01-05 22:50:00,2025-01-05 22:54:00,4.0,5,0.4110969,2.5,0.2460433886666666,1.496,0.05,near_48h,mudanca_regime,0.0581,0.217,17.4602,9.98,0.0001,0.1589,0.0,True
B-24001B,mult,2025-01-05 23:13:00,2025-01-06 00:48:00,95.0,96,0.4104923,2.497,0.1501654410943396,0.913,0.0,near_48h,mudanca_regime,0.0581,0.2254,0.3014,16.9951,0.0001,0.1673,0.0,False
B-24001B,mult,2025-01-09 06:12:00,2025-01-09 06:12:00,0.0,1,0.31609142,1.922,0.2367941945454545,1.44,3.26,near_10d,glitch_sensor,0.0614,0.3032,16.1586,8.6818,0.0001,0.2418,0.0,True
B-24001B,mult,2025-01-09 06:39:00,2025-01-09 08:04:00,85.0,86,0.38109142,2.318,0.14936339653125,0.908,3.28,near_10d,glitch_sensor,0.0707,0.2703,0.2586,10.0575,0.0001,0.1996,0.0,False
B-24001B,mult,2025-01-09 09:51:00,2025-01-09 11:39:00,108.0,109,0.3149896,1.916,0.1237957675210083,0.753,3.41,near_10d,mudanca_regime,0.2765,0.2519,0.146,14.8053,0.0001,0.0246,0.0,False
B-24001B,mult,2025-01-19 10:07:00,2025-01-19 13:07:00,180.0,181,0.28226313,1.717,0.1805548510157067,1.098,13.42,far,mudanca_regime,6.0752,5.0546,1.7925,2.3836,0.0001,1.0206,0.0,False
B-24001B,mult,2025-01-19 18:16:00,2025-01-19 20:00:00,104.0,105,0.23639822,1.438,0.1166913002,0.71,13.76,far,precursor_parada,4.8253,0.0832,4.7372,9.1661,0.0001,4.7421,0.0,True
B-24001B,mult,2025-01-22 13:07:00,2025-01-22 14:06:00,59.0,60,0.19047785,1.158,0.1001868522428571,0.609,16.55,far,mudanca_regime,0.2314,4.8253,4.7683,4.6186,0.0001,4.5939,0.0,False
B-24001B,mult,2025-01-23 10:02:00,2025-01-23 10:31:00,29.0,30,0.21053465,1.28,0.17577856925,1.069,17.42,far,mudanca_regime,4.4959,0.1085,4.3824,7.4221,0.0001,4.3873,0.0,True
B-24001B,mult,2025-02-09 23:19:00,2025-02-10 00:28:00,69.0,70,0.19885357,1.209,0.144037502,0.876,34.97,far,mudanca_regime,0.0581,4.4038,5.0966,4.0695,0.0001,4.3457,0.0,False
B-24001B,mult,2025-02-10 13:39:00,2025-02-10 19:24:00,345.0,346,0.38871497,2.364,0.2322643447752809,1.413,35.57,far,precursor_parada,13.9769,0.2277,2.3206,2.2479,0.0001,13.7492,0.0,False
B-24001B,mult,2025-02-10 19:26:00,2025-02-10 21:16:00,110.0,111,0.38871497,2.364,0.1513379584545454,0.92,35.81,far,precursor_parada,13.3325,0.2187,13.109,16.065,0.0001,13.1139,0.0,False
B-24001B,mult,2025-02-11 13:17:00,2025-02-11 15:04:00,107.0,108,0.3250421,1.977,0.1520864352457627,0.925,36.55,far,precursor_parada,0.0919,0.238,0.1596,16.2393,0.0001,0.1461,0.0,True
B-24001B,mult,2025-02-13 12:53:00,2025-02-13 14:38:00,105.0,106,0.29116482,1.771,0.1328722367198275,0.808,38.54,far,mudanca_regime,0.0775,0.2438,0.1931,14.9285,0.0001,0.1663,0.0,False
B-24001B,mult,2025-02-14 10:32:00,2025-02-14 10:33:00,1.0,2,0.32066795,1.95,0.2179568383333333,1.326,39.44,far,mudanca_regime,0.2272,0.2616,16.9423,14.2436,0.0001,0.0344,0.0,False
B-24001B,mult,2025-02-14 10:35:00,2025-02-14 10:36:00,1.0,2,0.32066795,1.95,0.2468401216666667,1.501,39.44,far,mudanca_regime,0.2272,0.2611,0.0438,14.2436,0.0001,0.0339,0.0,False
B-24001B,mult,2025-02-14 10:38:00,2025-02-14 12:24:00,106.0,107,0.32066795,1.95,0.1362705221367521,0.829,39.44,far,mudanca_regime,0.2272,0.2436,0.0433,14.2436,0.0001,0.0164,0.0,False
B-24001B,mult,2025-02-17 13:05:00,2025-02-17 14:07:00,62.0,63,0.36046612,2.192,0.2425381369452055,1.475,42.55,far,precursor_parada,0.2088,0.2423,0.2088,17.0145,0.0001,0.0335,0.0,True
B-24001B,mult,2025-02-17 14:09:00,2025-02-17 14:09:00,0.0,1,0.03542582,0.215,0.0311264006363636,0.189,42.59,far,mudanca_regime,0.2126,0.2423,0.019,0.1421,0.0001,0.0297,0.0,True
B-24001B,mult,2025-02-17 14:12:00,2025-02-17 14:51:00,39.0,40,0.03542582,0.215,0.0280487389199999,0.171,42.59,far,precursor_parada,0.2129,0.2423,0.0003,0.1421,0.0001,0.0294,0.0,True
B-24001B,mult,2025-02-28 13:32:00,2025-02-28 15:21:00,109.0,110,0.3258398,1.982,0.1578167044791666,0.96,53.56,far,mudanca_regime,0.201,0.2216,0.0109,22.2273,0.0001,0.0206,0.0,False
B-24001B,mult,2025-03-21 09:45:00,2025-03-21 10:58:00,73.0,74,0.20482874,1.246,0.1119596751309523,0.681,74.41,far,glitch_sensor,0.6119,0.2132,0.0429,0.8777,0.0001,0.3987,0.0,False
B-3403C,mult,2023-01-03 12:06:00,2023-01-03 13:52:00,106.0,107,0.1375185,1.379,0.0959443382222222,0.962,251.5,far,mudanca_regime,0.093,4.5373,4.9373,2.1472,0.0868,4.4442,0.0,False
B-3403C,mult,2023-01-03 14:14:00,2023-01-03 15:59:00,105.0,106,0.11272338,1.13,0.08891780875,0.891,251.41,far,sustentado_sem_causa,4.4969,4.7947,0.5893,0.9242,0.0868,0.2977,0.0,False
B-3403C,mult,2023-01-03 18:41:00,2023-01-03 19:45:00,64.0,65,0.108291276,1.086,0.0937598742666666,0.94,251.22,far,mudanca_regime,4.9063,4.345,0.9552,0.8684,0.0868,0.5613,0.0,False
B-3403C,mult,2023-01-03 23:05:00,2023-01-04 00:06:00,61.0,62,0.103320375,1.036,0.0906988322638888,0.909,251.04,far,sustentado_sem_causa,4.4163,4.5768,0.7753,0.8126,0.0868,0.1605,0.0,False
B-3403C,mult,2023-01-04 00:47:00,2023-01-04 02:33:00,106.0,107,0.10432976,1.046,0.0944124209145299,0.946,250.97,far,sustentado_sem_causa,4.5331,4.476,0.5448,0.8126,0.0868,0.0571,0.0,False
B-3403C,mult,2023-01-04 12:35:00,2023-01-04 14:03:00,88.0,89,0.110133186,1.104,0.0896394219292929,0.899,250.48,far,sustentado_sem_causa,4.3791,4.0927,0.5846,0.9842,0.0868,0.2864,0.0,False
B-3403C,mult,2023-01-13 15:27:00,2023-01-13 17:13:00,106.0,107,0.18507273,1.855,0.1083238572222222,1.086,241.36,far,glitch_sensor,4.4764,4.0845,0.7982,4.3,0.0868,0.3919,0.0,True
B-3403C,mult,2023-01-24 10:43:00,2023-01-24 11:59:00,76.0,77,0.11811673,1.184,0.0760773188620689,0.763,230.55,far,glitch_sensor,0.2775,3.824,4.1885,1.8608,0.0868,3.5465,0.0,False
B-3403C,mult,2023-01-24 15:21:00,2023-01-24 16:19:00,58.0,59,0.10413688,1.044,0.0896283479275362,0.898,230.36,far,sustentado_sem_causa,3.9046,3.8932,0.3939,0.7319,0.0868,0.0114,0.0,False
B-3403C,mult,2023-02-01 01:10:00,2023-02-01 02:09:00,59.0,60,0.12496745,1.253,0.0621936317,0.623,222.95,far,glitch_sensor,0.3828,3.1718,2.589,2.534,0.0868,2.789,0.0,False
B-3403C,mult,2023-02-01 11:08:00,2023-02-01 12:10:00,62.0,63,0.13697726,1.373,0.0758103379178082,0.76,222.54,far,glitch_sensor,3.2859,3.6782,0.4357,3.7449,0.0868,0.3923,0.0,False
B-3403C,mult,2023-02-07 12:12:00,2023-02-07 14:15:00,123.0,124,0.11516926,1.154,0.093255826641791,0.935,216.49,far,sustentado_sem_causa,4.0209,4.0069,0.6497,0.8001,0.0868,0.014,0.0,False
B-3403C,mult,2023-02-07 18:12:00,2023-02-07 19:47:00,95.0,96,0.11208356,1.124,0.0874197003962264,0.876,216.24,far,precursor_parada,4.0984,3.8674,0.4823,0.8498,0.0868,0.231,0.0,True
B-3403C,mult,2023-02-16 07:47:00,2023-02-16 09:24:00,97.0,98,0.13542679,1.358,0.0925101082222221,0.927,207.68,far,precursor_parada,3.7938,0.1753,0.9575,3.3308,0.0868,3.6185,0.0,True
B-3403C,mult,2023-02-16 11:50:00,2023-02-16 13:19:00,89.0,90,0.13269188,1.33,0.0988387241599999,0.991,207.51,far,glitch_sensor,0.2605,4.6272,4.9373,3.4766,0.0868,4.3667,0.0,False
B-3403C,mult,2023-02-17 01:46:00,2023-02-17 03:36:00,110.0,111,0.118087806,1.184,0.0948234476694214,0.951,206.93,far,sustentado_sem_causa,4.5822,4.7016,0.5846,0.7815,0.0868,0.1194,0.0,False
B-3403C,mult,2023-02-17 04:14:00,2023-02-17 05:36:00,82.0,83,0.11207027,1.123,0.0963702879354838,0.966,206.82,far,sustentado_sem_causa,4.6877,4.7202,0.5412,0.9242,0.0868,0.0326,0.0,False
B-3403C,mult,2023-02-17 05:48:00,2023-02-17 06:03:00,15.0,16,0.10814554,1.084,0.1025454930384615,1.028,206.76,far,transiente_curto,4.714,4.6908,0.4714,0.7753,0.0868,0.0233,0.0,False
B-3403C,mult,2023-02-17 06:05:00,2023-02-17 08:03:00,118.0,119,0.12211888,1.224,0.0989858354806201,0.992,206.75,far,sustentado_sem_causa,4.7208,4.6158,1.0539,0.7753,0.0868,0.1049,0.0,False
B-3403C,mult,2023-02-18 11:39:00,2023-02-18 12:21:00,42.0,43,0.10089617,1.011,0.0902348668490566,0.905,205.51,far,sustentado_sem_causa,4.4484,4.7109,0.7619,1.1103,0.0868,0.2626,0.0,False
B-3403C,mult,2023-02-18 14:02:00,2023-02-18 22:27:00,505.0,506,0.13963799,1.4,0.1077820628391472,1.08,205.42,far,mudanca_regime,4.6551,4.2393,0.8715,1.0917,0.0868,0.4158,0.0,False
B-3403C,mult,2023-02-20 03:42:00,2023-02-20 09:55:00,373.0,374,0.13611384,1.364,0.1055654212005208,1.058,203.85,far,mudanca_regime,4.9366,4.3527,0.9855,1.1723,0.0868,0.5838,0.0,False
B-3403C,mult,2023-02-20 09:58:00,2023-02-20 10:29:00,31.0,32,0.09982047,1.001,0.0827264417142857,0.829,203.58,far,sustentado_sem_causa,4.5311,4.3636,0.4528,0.7236,0.0868,0.1675,0.0,False
B-3403C,mult,2023-02-22 14:22:00,2023-02-22 15:48:00,86.0,87,0.12274787,1.23,0.0684076919175257,0.686,201.4,far,mudanca_regime,3.8999,3.4301,0.6683,2.8532,0.0868,0.4699,0.0,False
B-3403C,mult,2023-02-24 18:39:00,2023-02-24 20:13:00,94.0,95,0.12562676,1.259,0.0869190946,0.871,199.22,far,glitch_sensor,0.0982,3.6906,4.7523,2.4253,0.0868,3.5924,0.0,False
B-3403C,mult,2023-02-27 05:47:00,2023-02-27 07:24:00,97.0,98,0.15853222,1.589,0.0931499620833333,0.934,196.76,far,glitch_sensor,0.1028,4.0185,4.5678,5.4604,0.0868,3.9157,0.0,False
B-3403C,mult,2023-02-28 00:04:00,2023-02-28 02:25:00,141.0,142,0.1049092,1.052,0.0935438195131578,0.938,196.0,far,sustentado_sem_causa,3.9038,3.8896,0.5373,0.887,0.0868,0.0142,0.0,False
B-3403C,mult,2023-02-28 03:33:00,2023-02-28 04:50:00,77.0,78,0.10591715,1.062,0.0933684902613636,0.936,195.85,far,sustentado_sem_causa,3.8632,3.84,0.5221,0.9242,0.0868,0.0233,0.0,False
B-3403C,mult,2023-03-04 16:23:00,2023-03-04 16:56:00,33.0,34,0.12353067,1.238,0.1033307430227272,1.036,191.32,far,precursor_parada,3.0449,0.1039,1.204,3.0083,0.0868,2.941,0.0,True
B-3403C,mult,2023-03-04 16:58:00,2023-03-04 17:02:00,4.0,5,0.13987201,1.402,0.1172741085333333,1.176,191.29,far,mudanca_regime,3.1235,0.1039,1.2556,3.0083,0.0868,3.0196,0.0,True
B-3403C,mult,2023-03-05 02:00:00,2023-03-05 03:09:00,69.0,70,0.11268464,1.13,0.08420601835,0.844,190.92,far,mudanca_regime,0.1272,3.32,3.52,2.419,0.0868,3.1928,0.0,False
B-3403C,mult,2023-04-28 10:17:00,2023-04-28 10:32:00,15.0,16,0.13715973,1.375,0.0998285028076923,1.001,136.57,far,mudanca_regime,4.1149,0.1638,0.4911,1.5693,0.0868,3.9511,0.0,True
B-3403C,mult,2023-04-29 02:31:00,2023-04-29 04:00:00,89.0,90,0.15891916,1.593,0.0822247455399999,0.824,135.9,far,glitch_sensor,2.7953,2.8222,0.4114,4.621,0.0868,0.0269,0.0,False
B-3403C,mult,2023-05-05 01:11:00,2023-05-05 02:20:00,69.0,70,0.10555825,1.058,0.0924782144625,0.927,129.95,far,sustentado_sem_causa,4.3729,4.1155,0.7257,0.7922,0.0868,0.2574,0.0,False
B-3403C,mult,2023-05-05 14:05:00,2023-05-05 15:52:00,107.0,108,0.10374938,1.04,0.0938955347203389,0.941,129.41,far,sustentado_sem_causa,3.458,3.5101,0.6792,0.9366,0.0868,0.0521,0.0,False
B-3403C,mult,2023-05-14 06:22:00,2023-05-14 07:53:00,91.0,92,0.120718375,1.21,0.0688595882254902,0.69,120.73,far,glitch_sensor,0.097,4.4166,4.2555,2.3856,0.0868,4.3195,0.0,False
B-3403C,mult,2023-05-31 19:12:00,2023-05-31 19:52:00,40.0,41,0.1074575,1.077,0.0815309913137255,0.817,103.2,far,glitch_sensor,0.3227,0.6827,2.2577,2.4687,0.0868,0.36,0.0,True
B-3403C,mult,2023-06-04 12:14:00,2023-06-04 13:50:00,96.0,97,0.11351218,1.138,0.0869008755046728,0.871,99.49,far,sustentado_sem_causa,3.5867,3.6472,0.4761,0.7629,0.0868,0.0605,0.0,False
B-3403C,mult,2023-06-04 17:34:00,2023-06-04 19:10:00,96.0,97,0.103561975,1.038,0.0902158435607476,0.904,99.27,far,sustentado_sem_causa,3.8364,3.9185,0.4435,0.8126,0.0868,0.0822,0.0,False
B-3403C,mult,2023-06-06 20:25:00,2023-06-06 21:22:00,57.0,58,0.10279802,1.03,0.0915809319558823,0.918,97.15,far,sustentado_sem_causa,4.0814,4.0726,0.4652,0.918,0.0868,0.0088,0.0,False
B-3403C,mult,2023-06-07 00:36:00,2023-06-07 01:49:00,73.0,74,0.10741625,1.077,0.0860926240833333,0.863,96.97,far,sustentado_sem_causa,4.1248,3.9883,0.4962,0.8684,0.0868,0.1365,0.0,False
B-3403C,mult,2023-06-08 07:35:00,2023-06-08 08:08:00,33.0,34,0.16651425,1.669,0.1245519772954545,1.249,95.68,far,precursor_parada,3.4642,0.0967,0.2574,3.458,0.0868,3.3675,0.0,True
B-3403C,mult,2023-07-06 17:24:00,2023-07-06 18:59:00,95.0,96,0.116692506,1.17,0.0830214451792452,0.832,67.28,far,glitch_sensor,0.0992,4.0293,5.0552,2.814,0.0868,3.9301,0.0,False
B-3403C,mult,2023-07-07 13:11:00,2023-07-07 14:43:00,92.0,93,0.26354063,2.642,0.104134779553398,1.044,66.45,far,glitch_sensor,0.3225,4.1625,5.8651,4.7058,0.0868,3.84,0.0,True
B-3403C,mult,2023-07-07 14:53:00,2023-07-07 15:05:00,12.0,13,0.10795021,1.082,0.092545053347826,0.928,66.38,far,mudanca_regime,4.8803,4.191,1.0788,3.19,0.0868,0.6893,0.0,False
B-3403C,mult,2023-07-07 15:08:00,2023-07-07 16:11:00,63.0,64,0.10427343,1.045,0.0646087262972973,0.648,66.37,far,mudanca_regime,4.8803,4.2096,0.8796,3.19,0.0868,0.6708,0.0,False
B-3403C,mult,2023-07-12 18:51:00,2023-07-12 19:49:00,58.0,59,0.106795795,1.071,0.0709242016521739,0.711,61.21,far,glitch_sensor,0.098,4.5745,4.8703,4.6665,0.0868,4.4764,0.0,True
B-3403C,mult,2023-07-13 00:50:00,2023-07-13 01:52:00,62.0,63,0.11516212,1.154,0.079041433,0.792,60.97,far,glitch_sensor,4.2923,4.7344,0.825,3.9325,0.0868,0.4421,0.0,True
B-3403C,mult,2023-07-13 18:48:00,2023-07-13 19:40:00,52.0,53,0.12358887,1.239,0.0826492987142857,0.828,60.22,far,glitch_sensor,0.0824,0.1027,5.6402,3.6906,0.0868,0.0203,0.0,True
B-3403C,mult,2023-07-16 00:51:00,2023-07-16 02:42:00,111.0,112,0.2718786,2.725,0.109779919114754,1.1,57.96,far,glitch_sensor,0.2789,3.8576,5.502,6.2539,0.0868,3.5787,0.0,False
B-3403C,mult,2023-07-16 23:22:00,2023-07-17 00:51:00,89.0,90,0.11075072,1.11,0.0638121147899999,0.64,57.03,far,mudanca_regime,3.7681,4.162,0.7164,3.0827,0.0868,0.3939,0.0,False
B-3403C,mult,2023-07-19 11:46:00,2023-07-19 13:19:00,93.0,94,0.16178967,1.622,0.086940840625,0.872,54.51,far,mudanca_regime,4.1341,4.5807,0.9645,4.2209,0.0868,0.4466,0.0,False
B-3403C,mult,2023-07-24 11:59:00,2023-07-24 13:22:00,83.0,84,0.11966562,1.2,0.070115247574468,0.703,49.5,far,glitch_sensor,0.1076,4.2208,5.0158,2.9525,0.0868,4.1132,0.0,False
B-3403C,mult,2023-08-02 02:03:00,2023-08-02 03:07:00,64.0,65,0.116823316,1.171,0.0705748934666666,0.707,40.91,far,precursor_parada,0.0924,3.4035,3.4217,2.9649,0.0868,3.3111,0.0,True
B-3403C,mult,2023-08-04 06:27:00,2023-08-04 07:37:00,70.0,71,0.15668269,1.571,0.081107839382716,0.813,38.73,far,glitch_sensor,5.5592,4.6478,1.1056,5.2244,0.0868,0.9114,0.0,False
B-3403C,mult,2023-08-08 19:19:00,2023-08-08 20:58:00,99.0,100,0.23218352,2.327,0.107798793790909,1.081,34.2,far,glitch_sensor,0.0899,4.6631,6.026,5.9006,0.0868,4.5733,0.0,False
B-3403C,mult,2023-08-10 10:38:00,2023-08-10 12:06:00,88.0,89,0.109114915,1.094,0.0897646606363636,0.9,32.56,far,sustentado_sem_causa,4.7326,4.7373,0.5148,0.887,0.0868,0.0047,0.0,False
B-3403C,mult,2023-08-10 18:17:00,2023-08-10 20:17:00,120.0,121,0.11759524,1.179,0.0962741954122137,0.965,32.24,far,sustentado_sem_causa,4.8381,4.7823,0.5706,0.9676,0.0868,0.0558,0.0,False
B-3403C,mult,2023-08-10 21:54:00,2023-08-10 22:52:00,58.0,59,0.10521388,1.055,0.088782933347826,0.89,32.09,far,sustentado_sem_causa,4.7699,4.7257,0.6327,0.7753,0.0868,0.0442,0.0,False
B-3403C,mult,2023-08-13 03:43:00,2023-08-13 05:22:00,99.0,100,0.11002469,1.103,0.0941581980545454,0.944,29.85,far,precursor_parada,4.9637,4.9746,0.5443,0.8684,0.0868,0.0109,0.0,True
B-3403C,mult,2023-08-13 10:41:00,2023-08-13 12:22:00,101.0,102,0.14793824,1.483,0.0973226262946428,0.976,29.55,far,glitch_sensor,0.1181,4.742,5.1108,5.2041,0.0868,4.6239,0.0,True
B-3403C,mult,2023-08-18 04:26:00,2023-08-18 05:24:00,58.0,59,0.11524807,1.155,0.0834862280144927,0.837,24.82,far,glitch_sensor,0.0817,5.0122,6.4833,3.7304,0.0868,4.9306,0.0,False
B-3403C,mult,2023-08-23 09:46:00,2023-08-23 11:16:00,90.0,91,0.13079517,1.311,0.0755992714356435,0.758,19.59,far,sustentado_sem_causa,4.5254,4.3719,0.444,4.2593,0.0868,0.1535,0.0,False
B-3403C,mult,2023-08-29 22:21:00,2023-08-29 23:45:00,84.0,85,0.11678106,1.171,0.0848830226421052,0.851,13.07,far,glitch_sensor,0.0806,5.0909,5.8739,3.1634,0.0868,5.0102,0.0,False
B-3403C,mult,2023-09-02 09:11:00,2023-09-02 09:12:00,1.0,2,0.11652408,1.168,0.0952720860833333,0.955,9.62,near_10d,glitch_sensor,0.0909,5.5933,6.5274,3.2316,0.0868,5.5024,0.0,False
B-3403C,mult,2023-09-02 09:14:00,2023-09-02 10:42:00,88.0,89,0.11652408,1.168,0.0783998620909091,0.786,9.62,near_10d,glitch_sensor,0.0909,5.5638,6.2173,3.2316,0.0868,5.4729,0.0,False
B-3403C,mult,2023-09-04 17:02:00,2023-09-04 18:49:00,107.0,108,0.1278268,1.281,0.0933349991271186,0.936,7.29,near_10d,glitch_sensor,1.2533,6.412,5.7681,4.8244,0.0868,5.1587,0.0,False
B-3403C,mult,2023-09-04 22:31:00,2023-09-04 23:51:00,80.0,81,0.10973988,1.1,0.0898668073846153,0.901,7.06,near_10d,sustentado_sem_causa,6.305,6.4139,0.6916,1.1413,0.0868,0.1088,0.0,False
B-3403C,mult,2023-09-05 03:06:00,2023-09-05 05:43:00,157.0,158,0.11066292,1.109,0.0981076467440476,0.983,6.87,near_10d,precursor_parada,6.3133,0.1144,0.6399,0.9102,0.0868,6.1989,0.0,True
B-3403C,mult,2023-09-11 17:02:00,2023-09-11 18:52:00,110.0,111,0.122485854,1.228,0.0903207068016528,0.905,0.29,near_48h,glitch_sensor,0.0977,6.2089,6.4834,4.2054,0.0868,6.1112,0.0,False
B-3403C,mult,2023-09-12 18:40:00,2023-09-12 18:59:00,19.0,20,0.33282962,3.336,0.2122844076666666,2.128,0.78,near_48h,mudanca_regime,2.9221,0.1096,5.6996,6.8571,0.0868,2.8125,0.0,True
B-402E,mult,2017-07-04 14:40:00,2017-07-04 15:37:00,57.0,58,0.04115046,2.087,0.030594157617647,1.551,847.85,far,glitch_sensor,0.0,0.0,406.5972,203.4722,1.3889,0.0,0.0,True
B-402E,mult,2017-07-13 08:32:00,2017-07-13 11:57:00,205.0,206,0.046201047,2.343,0.0262572512453703,1.332,839.11,far,glitch_sensor,0.0,0.0,406.4236,211.2847,1.3889,0.0,0.0,True
B-402E,mult,2017-07-13 15:01:00,2017-07-13 15:53:00,52.0,53,0.032855876,1.666,0.0256248845396825,1.299,838.84,far,glitch_sensor,0.0,0.0,383.1597,209.2014,1.3889,0.0,0.0,True
B-402E,mult,2017-07-28 12:26:00,2017-07-28 14:50:00,144.0,145,0.04614907,2.34,0.0242701654903225,1.231,823.94,far,glitch_sensor,0.0,323.2639,329.1667,600.0,1.3889,323.2639,0.0,True
B-402E,mult,2017-07-28 18:52:00,2017-07-29 00:53:00,361.0,362,0.030354792,1.539,0.0193907063561827,0.983,823.68,far,mudanca_regime,0.0,387.1528,394.4445,204.1667,1.3889,387.1528,0.0,False
B-402E,mult,2017-07-29 02:30:00,2017-07-29 05:57:00,207.0,208,0.024971109,1.266,0.0190176109266055,0.964,823.36,far,sustentado_sem_causa,386.3715,381.1632,23.177,25.1735,1.3889,5.2083,0.0,False
B-402E,mult,2017-07-29 06:11:00,2017-07-29 08:13:00,122.0,123,0.02378009,1.206,0.0180636518533834,0.916,823.2,far,mudanca_regime,381.3368,344.7917,16.4063,4.3403,1.3889,36.5451,0.0,False
B-402E,mult,2017-07-29 08:36:00,2017-07-29 10:51:00,135.0,136,0.025293011,1.283,0.0182137826815068,0.924,823.1,far,mudanca_regime,381.9445,355.9028,39.2362,25.0,1.3889,26.0417,0.0,False
B-402E,mult,2017-07-29 13:02:00,2017-07-29 16:46:00,224.0,225,0.02446756,1.241,0.0186858129510638,0.948,822.92,far,mudanca_regime,356.0764,380.382,30.3819,14.0625,1.3889,24.3056,0.0,False
B-402E,mult,2017-07-29 17:14:00,2017-07-29 21:51:00,277.0,278,0.023504615,1.192,0.0180682406180555,0.916,822.74,far,sustentado_sem_causa,377.6042,382.9861,9.5486,3.6458,1.3889,5.3819,0.0,False
B-402E,mult,2017-07-29 22:28:00,2017-07-29 23:23:00,55.0,56,0.02227781,1.13,0.0173717581590909,0.881,822.53,far,sustentado_sem_causa,381.4236,384.0278,3.8194,4.5139,1.3889,2.6042,0.0,False
B-402E,mult,2017-07-29 23:36:00,2017-07-29 23:37:00,1.0,2,0.023503667,1.192,0.0188535609166666,0.956,822.48,far,transiente_curto,382.8125,384.0278,1.9097,4.1666,1.3889,1.2153,0.0,False
B-402E,mult,2017-07-29 23:46:00,2017-07-30 00:45:00,59.0,60,0.022154603,1.123,0.0181489343571428,0.92,822.47,far,sustentado_sem_causa,382.9861,386.632,3.4722,4.1666,1.3889,3.6459,0.0,False
B-402E,mult,2017-07-30 00:54:00,2017-07-30 03:34:00,160.0,161,0.02317861,1.175,0.0183169778479532,0.929,822.42,far,precursor_parada,383.6805,383.6805,8.507,5.7291,1.3889,0.0,0.0,True
B-402E,mult,2017-07-30 03:44:00,2017-07-30 03:54:00,10.0,11,0.020216031,1.025,0.0173171273333333,0.878,822.31,far,transiente_curto,387.5,383.507,3.993,2.6042,1.3889,3.993,0.0,True
B-402E,mult,2017-07-30 04:00:00,2017-07-30 06:00:00,120.0,121,0.023074184,1.17,0.0181365479923664,0.92,822.3,far,precursor_parada,387.2396,382.2917,6.8576,3.2985,1.3889,4.9479,0.0,True
B-402E,mult,2017-07-30 06:02:00,2017-07-30 06:10:00,8.0,9,0.020842174,1.057,0.0178029394736842,0.903,822.21,far,mudanca_regime,383.507,0.0,2.6042,3.125,1.3889,383.507,0.0,True
B-402E,mult,2017-07-30 10:10:00,2017-07-30 13:34:00,204.0,205,0.027033549,1.371,0.0192553805953488,0.976,822.04,far,mudanca_regime,0.0,363.8889,400.1736,210.9375,1.3889,363.8889,0.0,False
B-402E,mult,2017-07-30 13:45:00,2017-07-30 15:49:00,124.0,125,0.022645503,1.148,0.0183045234037037,0.928,821.89,far,mudanca_regime,375.868,364.5833,14.7569,7.118,1.3889,11.2847,0.0,False
B-402E,mult,2017-07-30 17:30:00,2017-07-30 20:32:00,182.0,183,0.022828836,1.158,0.0184452809637305,0.935,821.73,far,sustentado_sem_causa,363.7153,360.9375,7.2917,3.4722,1.3889,2.7778,0.0,False
B-402E,mult,2017-07-30 20:57:00,2017-07-30 21:13:00,16.0,17,0.023258615,1.179,0.0189979398518518,0.963,821.59,far,transiente_curto,362.1528,359.7222,1.9098,2.7778,1.3889,2.4306,0.0,False
B-402E,mult,2017-07-30 21:17:00,2017-07-30 23:40:00,143.0,144,0.023033692,1.168,0.0180318472370129,0.914,821.58,far,sustentado_sem_causa,361.9792,360.9375,5.2084,5.9028,1.3889,1.0417,0.0,False
B-402E,mult,2017-07-31 00:53:00,2017-07-31 01:30:00,37.0,38,0.022167632,1.124,0.0169481685625,0.859,821.43,far,sustentado_sem_causa,361.1979,359.375,3.559,3.2986,1.3889,1.8229,0.0,False
B-402E,mult,2017-07-31 02:35:00,2017-07-31 09:35:00,420.0,421,0.02273774,1.153,0.0182181369709976,0.924,821.35,far,precursor_parada,359.7222,332.8125,12.5,9.2014,1.3889,26.9097,0.0,True
B-402E,mult,2017-07-31 09:57:00,2017-07-31 09:58:00,1.0,2,0.023561167,1.195,0.0190020735833333,0.964,821.05,far,mudanca_regime,364.9305,333.1597,38.368,14.7569,1.3889,31.7708,0.0,True
B-402E,mult,2017-07-31 10:34:00,2017-07-31 10:49:00,15.0,16,0.019731171,1.001,0.0166939362307692,0.847,821.02,far,mudanca_regime,362.7604,333.1597,30.8159,14.7569,1.3889,29.6007,0.0,True
B-402E,mult,2017-07-31 13:07:00,2017-07-31 14:16:00,69.0,70,0.022689529,1.151,0.01769254995,0.897,820.92,far,precursor_parada,333.1597,0.0,18.2292,9.0278,1.3889,333.1597,0.0,True
B-402E,mult,2017-07-31 20:46:00,2017-08-01 03:02:00,376.0,377,0.040179174,2.038,0.0211981598436692,1.075,820.6,far,precursor_parada,0.0,368.4028,400.0,314.0625,1.3889,368.4028,0.0,True
B-402E,mult,2017-08-01 03:06:00,2017-08-01 05:12:00,126.0,127,0.028345313,1.437,0.0197769854744525,1.003,820.33,far,precursor_parada,378.8195,0.0,32.1181,23.0903,1.3889,378.8195,0.0,True
B-402E,mult,2017-08-06 14:48:00,2017-08-06 16:34:00,106.0,107,0.035172533,1.784,0.0210327206068376,1.067,814.85,far,glitch_sensor,0.0,0.0,336.1111,184.8958,1.3889,0.0,0.0,True
B-402E,mult,2017-08-07 09:04:00,2017-08-07 11:11:00,127.0,128,0.038047943,1.929,0.0217736027572463,1.104,814.08,far,glitch_sensor,0.0,395.1389,404.5139,236.4583,1.3889,395.1389,0.0,False
B-402E,mult,2017-08-07 11:39:00,2017-08-07 11:39:00,0.0,1,0.020226667,1.026,0.0188076202727272,0.954,813.98,far,transiente_curto,397.3958,395.8333,0.868,3.9931,1.3889,1.5625,0.0,False
B-402E,mult,2017-08-07 11:43:00,2017-08-07 20:28:00,525.0,526,0.026135154,1.325,0.0190664939207089,0.967,813.97,far,precursor_parada,397.2222,394.0972,9.2014,6.25,1.3889,3.125,0.0,True
B-402E,mult,2017-08-07 20:59:00,2017-08-08 01:41:00,282.0,283,0.028052723,1.423,0.0189041907098976,0.959,813.59,far,precursor_parada,395.8333,386.8056,39.9305,34.8958,1.3889,9.0277,0.0,True
B-402E,mult,2017-08-08 02:17:00,2017-08-08 11:13:00,536.0,537,0.029829247,1.513,0.0196106284670932,0.994,813.37,far,sustentado_sem_causa,387.2396,390.7986,50.0868,355.9028,1.3889,3.559,0.0,False
B-402E,mult,2017-08-08 12:13:00,2017-08-08 12:21:00,8.0,9,0.021447686,1.088,0.0171218745526315,0.868,812.95,far,transiente_curto,390.7118,391.3195,2.8646,7.6388,1.3889,0.6077,0.0,True
B-402E,mult,2017-08-08 12:48:00,2017-08-08 17:23:00,275.0,276,0.027864134,1.413,0.0193466083076923,0.981,812.93,far,precursor_parada,390.5382,0.0,169.184,168.75,1.3889,390.5382,0.0,True
B-402E,mult,2017-08-08 21:28:00,2017-08-09 05:28:00,480.0,481,0.028757753,1.458,0.0192042482973523,0.974,812.57,far,precursor_parada,0.0,376.6493,388.1945,209.5486,1.3889,376.6493,0.0,True
B-402E,mult,2017-08-09 06:02:00,2017-08-09 07:00:00,58.0,59,0.023898654,1.212,0.0195564550144927,0.992,812.21,far,precursor_parada,379.3403,0.0,116.1458,111.9791,1.3889,379.3403,0.0,True
B-402E,mult,2017-08-09 19:16:00,2017-08-09 20:04:00,48.0,49,0.02492405,1.264,0.016317356898305,0.827,811.66,far,mudanca_regime,0.0,327.0833,324.6528,219.6181,1.3889,327.0833,0.0,False
B-402E,mult,2017-08-10 05:47:00,2017-08-10 06:27:00,40.0,41,0.022662839,1.149,0.0171668364509803,0.871,811.22,far,precursor_parada,321.5278,319.4445,4.3403,5.9027,1.3889,2.0833,0.0,True
B-402E,mult,2017-08-10 07:32:00,2017-08-10 07:54:00,22.0,23,0.021509016,1.091,0.0168752642121212,0.856,811.15,far,transiente_curto,320.4861,319.2708,3.4722,4.8611,1.3889,1.2153,0.0,True
B-402E,mult,2017-08-10 12:17:00,2017-08-10 13:24:00,67.0,68,0.023796372,1.207,0.0160986287051282,0.816,810.95,far,mudanca_regime,0.0,312.6736,314.0625,232.6389,1.3889,312.6736,0.0,False
B-402E,mult,2017-08-11 03:20:00,2017-08-11 03:52:00,32.0,33,0.02076408,1.053,0.016107101744186,0.817,810.32,far,precursor_parada,313.5417,318.9236,3.2986,4.6875,1.3889,5.3819,0.0,True
B-402E,mult,2017-08-14 06:38:00,2017-08-14 08:33:00,115.0,116,0.040256206,2.041,0.0211352321984126,1.072,807.19,far,glitch_sensor,0.0,323.9583,326.3889,186.4583,1.3889,323.9583,0.0,False
B-402E,mult,2017-08-14 10:53:00,2017-08-14 11:24:00,31.0,32,0.021528393,1.092,0.0162575837619047,0.824,807.01,far,sustentado_sem_causa,323.7847,319.2708,6.7708,3.6458,1.3889,4.5139,0.0,False
B-402E,mult,2017-08-14 12:39:00,2017-08-14 13:38:00,59.0,60,0.023036337,1.168,0.0173832340071428,0.882,806.94,far,sustentado_sem_causa,319.5312,319.4445,4.9479,4.861,1.3889,0.0867,0.0,False
B-402E,mult,2017-08-14 23:36:00,2017-08-15 00:29:00,53.0,54,0.022308718,1.131,0.0167187530859375,0.848,806.48,far,mudanca_regime,0.0,320.4861,325.3472,187.6736,1.3889,320.4861,0.0,False
B-402E,mult,2017-08-15 05:59:00,2017-08-15 06:52:00,53.0,54,0.021823533,1.107,0.01659639784375,0.842,806.21,far,precursor_parada,322.3958,321.7882,5.9028,5.0347,1.3889,0.6076,0.0,True
B-402E,mult,2017-08-15 07:53:00,2017-08-15 08:44:00,51.0,52,0.021919765,1.112,0.0168156909354838,0.853,806.13,far,precursor_parada,324.6528,0.0,9.5486,4.3403,1.3889,324.6528,0.0,True
B-402E,mult,2017-08-15 14:18:00,2017-08-15 15:36:00,78.0,79,0.025994003,1.318,0.0189379622921348,0.96,805.87,far,glitch_sensor,0.0,315.3646,318.0555,231.5972,1.3889,315.3646,0.0,True
B-402E,mult,2017-08-15 16:13:00,2017-08-15 16:16:00,3.0,4,0.02065692,1.048,0.0182184814285714,0.924,805.79,far,mudanca_regime,315.7986,0.0,0.5208,2.257,1.3889,315.7986,0.0,True
B-402E,mult,2017-08-15 16:19:00,2017-08-15 16:19:00,0.0,1,0.020830607,1.056,0.0185914039090909,0.943,805.78,far,mudanca_regime,315.7986,0.0,0.8681,2.257,1.3889,315.7986,0.0,True
B-402E,mult,2017-08-15 16:24:00,2017-08-15 16:25:00,1.0,2,0.020830607,1.056,0.0186069208333333,0.944,805.78,far,mudanca_regime,315.7986,0.0,2.0834,2.257,1.3889,315.7986,0.0,True
B-402E,mult,2017-08-15 16:27:00,2017-08-15 17:05:00,38.0,39,0.022693459,1.151,0.0183269320204081,0.929,805.78,far,precursor_parada,315.9722,0.0,52.9514,51.9097,1.3889,315.9722,0.0,True
B-402E,mult,2017-08-15 21:24:00,2017-08-15 22:34:00,70.0,71,0.022503143,1.141,0.0181500752777777,0.92,805.57,far,mudanca_regime,0.0,326.5625,338.7153,206.4236,1.3889,326.5625,0.0,False
B-402E,mult,2017-08-15 23:01:00,2017-08-16 00:59:00,118.0,119,0.022753218,1.154,0.0180004560232558,0.913,805.5,far,mudanca_regime,335.243,394.7917,15.625,4.8612,1.3889,59.5487,0.0,False
B-402E,mult,2017-08-16 01:22:00,2017-08-16 05:35:00,253.0,254,0.025479171,1.292,0.0187886789772727,0.953,805.41,far,mudanca_regime,325.0,386.1111,74.3055,54.8611,1.3889,61.1111,0.0,False
B-402E,mult,2017-08-16 05:45:00,2017-08-16 05:48:00,3.0,4,0.02142107,1.086,0.0174987766428571,0.887,805.22,far,mudanca_regime,391.493,385.7639,3.4722,3.4722,1.3889,5.7291,0.0,False
B-402E,mult,2017-08-16 05:57:00,2017-08-16 06:17:00,20.0,21,0.019932954,1.011,0.0165873024838709,0.841,805.21,far,mudanca_regime,391.493,384.7222,7.6388,3.4722,1.3889,6.7708,0.0,False
B-402E,mult,2017-08-16 07:37:00,2017-08-16 09:27:00,110.0,111,0.023796387,1.207,0.018738742322314,0.95,805.15,far,sustentado_sem_causa,386.1111,382.2048,10.7639,5.0347,1.3889,3.9063,0.0,False
B-402E,mult,2017-08-16 09:46:00,2017-08-16 11:30:00,104.0,105,0.023595456,1.197,0.0179892999565217,0.912,805.06,far,sustentado_sem_causa,379.6007,384.0278,8.5938,6.0764,1.3889,4.4271,0.0,False
B-402E,mult,2017-08-16 11:58:00,2017-08-16 13:29:00,91.0,92,0.023734715,1.204,0.017821443362745,0.904,804.96,far,precursor_parada,382.9861,384.5486,5.2084,6.0764,1.3889,1.5625,0.0,True
B-402E,mult,2017-08-16 15:07:00,2017-08-16 15:14:00,7.0,8,0.02112659,1.071,0.0184962218888888,0.938,804.83,far,mudanca_regime,384.7222,378.4722,1.9097,3.8195,1.3889,6.25,0.0,True
B-402E,mult,2017-08-16 15:18:00,2017-08-16 18:52:00,214.0,215,0.03051291,1.547,0.0190026155555555,0.964,804.83,far,precursor_parada,384.7222,373.3507,17.1875,3.8195,1.3889,11.3715,0.0,True
B-402E,mult,2017-08-16 19:24:00,2017-08-16 22:20:00,176.0,177,0.031804815,1.613,0.0200375577005347,1.016,804.65,far,precursor_parada,372.6562,0.0,121.4409,369.618,1.3889,372.6562,0.0,True
B-402E,mult,2017-08-28 02:43:00,2017-08-28 08:11:00,328.0,329,0.03518657,1.784,0.0203667824749262,1.033,793.35,far,mudanca_regime,0.0,392.0139,406.25,186.8056,1.3889,392.0139,0.0,False
B-402E,mult,2017-08-28 08:30:00,2017-08-28 17:03:00,513.0,514,0.03091977,1.568,0.01907908575,0.968,793.11,far,precursor_parada,392.7083,385.5903,171.1805,154.1667,1.3889,7.118,0.0,True
B-402E,mult,2017-08-28 17:46:00,2017-08-28 20:37:00,171.0,172,0.03521347,1.786,0.019876491021978,1.008,792.72,far,glitch_sensor,374.3923,390.1042,37.2395,221.5278,1.3889,15.7119,0.0,True
B-402E,mult,2017-08-28 21:08:00,2017-08-28 23:03:00,115.0,116,0.024164205,1.225,0.018403054079365,0.933,792.58,far,precursor_parada,388.1945,386.5452,7.6388,6.0764,1.3889,1.6493,0.0,True
B-402E,mult,2017-08-28 23:52:00,2017-08-29 05:03:00,311.0,312,0.027514482,1.395,0.0191589853090062,0.972,792.47,far,sustentado_sem_causa,389.4097,389.2361,14.9305,284.0278,1.3889,0.1736,0.0,False
B-402E,mult,2017-08-29 07:22:00,2017-08-29 11:17:00,235.0,236,0.02806904,1.423,0.0194264101260162,0.985,792.16,far,precursor_parada,389.2361,0.0,34.375,30.5556,1.3889,389.2361,0.0,True
B-402E,mult,2017-08-29 21:06:00,2017-08-30 02:43:00,337.0,338,0.03299431,1.673,0.0210133228965517,1.066,791.58,far,mudanca_regime,0.0,385.4167,397.0486,228.9931,1.3889,385.4167,0.0,False
B-402E,mult,2017-08-30 03:00:00,2017-08-30 06:50:00,230.0,231,0.023331355,1.183,0.0187576784149377,0.951,791.34,far,mudanca_regime,390.9722,378.6458,10.0694,6.5972,1.3889,12.3264,0.0,False
B-402E,mult,2017-08-30 06:55:00,2017-08-30 19:14:00,739.0,740,0.026565181,1.347,0.019192036526,0.973,791.17,far,mudanca_regime,385.0694,321.875,74.9999,70.3125,1.3889,63.1944,0.0,False
B-402E,mult,2017-08-30 20:08:00,2017-08-30 21:35:00,87.0,88,0.0233681,1.185,0.0184613854693877,0.936,790.62,far,precursor_parada,368.2292,327.257,51.0417,46.875,1.3889,40.9722,0.0,True
B-402E,mult,2017-08-31 00:38:00,2017-08-31 02:19:00,101.0,102,0.025215289,1.279,0.0185176745223214,0.939,790.44,far,precursor_parada,327.5173,0.0,47.309,44.4445,1.3889,327.5173,0.0,True
B-402E,mult,2017-08-31 21:55:00,2017-09-01 00:37:00,162.0,163,0.029561516,1.499,0.0191565547803468,0.971,789.55,far,mudanca_regime,0.0,319.7048,323.9583,188.1944,1.3889,319.7048,0.0,False
B-402E,mult,2017-09-01 01:57:00,2017-09-01 03:19:00,82.0,83,0.023781594,1.206,0.0175441865107526,0.89,789.38,far,sustentado_sem_causa,320.1389,320.4861,3.125,4.3403,1.3889,0.3472,0.0,False
B-402E,mult,2017-09-01 04:30:00,2017-09-01 04:57:00,27.0,28,0.020757172,1.053,0.0169136018157894,0.858,789.27,far,transiente_curto,320.2257,321.007,2.691,2.9513,1.3889,0.7813,0.0,False
B-402E,mult,2017-09-01 11:12:00,2017-09-01 12:07:00,55.0,56,0.022042824,1.118,0.0175114621666666,0.888,789.0,far,precursor_parada,321.007,319.618,3.8195,5.0347,1.3889,1.389,0.0,True
B-402E,mult,2017-09-01 15:46:00,2017-09-01 16:35:00,49.0,50,0.021036774,1.067,0.01706602795,0.865,788.81,far,precursor_parada,319.7917,0.0,81.0764,44.2708,1.3889,319.7917,0.0,True
B-402E,mult,2017-09-09 11:36:00,2017-09-09 13:22:00,106.0,107,0.037993338,1.927,0.0213744519444444,1.084,780.98,far,glitch_sensor,0.0,324.4792,327.0833,198.9583,1.3889,324.4792,0.0,False
B-402E,mult,2017-09-09 16:12:00,2017-09-09 17:34:00,82.0,83,0.021687442,1.1,0.0175061846559139,0.888,780.79,far,precursor_parada,324.4792,326.7361,1.9097,2.9514,1.3889,2.2569,0.0,True
B-402E,mult,2017-09-09 19:15:00,2017-09-09 20:11:00,56.0,57,0.021804994,1.106,0.0177674592164179,0.901,780.66,far,precursor_parada,326.3889,325.6077,1.9097,2.9514,1.3889,0.7812,0.0,True
B-402E,mult,2017-09-09 20:26:00,2017-09-09 20:57:00,31.0,32,0.020393552,1.034,0.017152648095238,0.87,780.61,far,precursor_parada,326.3889,322.309,1.5625,2.9514,1.3889,4.0799,0.0,True
B-402E,mult,2017-09-09 22:13:00,2017-09-10 00:02:00,109.0,110,0.029580358,1.5,0.0185595704124999,0.941,780.54,far,glitch_sensor,325.5208,322.2222,4.8611,309.7222,1.3889,3.2986,0.0,True
B-402E,mult,2017-09-14 16:00:00,2017-09-14 17:46:00,106.0,107,0.034357954,1.742,0.0199109145128205,1.01,775.8,far,glitch_sensor,0.0,309.2014,311.4583,252.6042,1.3889,309.2014,0.0,False
B-402E,mult,2017-09-15 04:01:00,2017-09-15 05:49:00,108.0,109,0.03229282,1.638,0.0209963012815126,1.065,775.3,far,glitch_sensor,0.0,324.4792,325.3472,289.2361,1.3889,324.4792,0.0,False
B-402E,mult,2017-09-15 13:09:00,2017-09-15 15:18:00,129.0,130,0.023035359,1.168,0.0178345143678571,0.904,774.91,far,precursor_parada,319.9653,322.743,5.0347,4.3402,1.3889,2.7777,0.0,True
B-402E,mult,2017-09-15 15:40:00,2017-09-15 15:40:00,0.0,1,0.02003681,1.016,0.0178016065454545,0.903,774.81,far,transiente_curto,322.0486,322.743,0.0,6.9444,1.3889,0.6944,0.0,True
B-402E,mult,2017-09-15 15:49:00,2017-09-15 15:49:00,0.0,1,0.020786919,1.054,0.0172760359999999,0.876,774.8,far,transiente_curto,322.0486,322.3958,0.8681,6.9444,1.3889,0.3472,0.0,True
B-402E,mult,2017-09-15 15:59:00,2017-09-15 17:03:00,64.0,65,0.03133693,1.589,0.0192243949733333,0.975,774.8,far,precursor_parada,322.0486,0.0,43.4028,44.2709,1.3889,322.0486,0.0,True
B-402E,mult,2017-09-15 21:53:00,2017-09-15 23:23:00,90.0,91,0.02469448,1.252,0.0187801793564356,0.952,774.55,far,glitch_sensor,0.0,316.7535,321.3542,185.2431,1.3889,316.7535,0.0,False
B-402E,mult,2017-09-16 08:48:00,2017-09-16 21:58:00,790.0,791,0.02720124,1.379,0.0197868557278402,1.003,774.1,far,precursor_parada,304.8611,388.368,101.3889,36.2847,1.3889,83.5069,0.0,True
B-402E,mult,2017-09-16 22:27:00,2017-09-17 00:57:00,150.0,151,0.030417927,1.543,0.020555260621118,1.042,773.53,far,precursor_parada,384.8958,385.8507,32.9861,24.132,1.3889,0.9549,0.0,True
B-402E,mult,2017-09-17 01:36:00,2017-09-17 03:32:00,116.0,117,0.029776864,1.51,0.019966722027559,1.013,773.4,far,glitch_sensor,389.8438,388.7153,35.3299,351.9097,1.3889,1.1284,0.0,False
B-402E,mult,2017-09-17 05:56:00,2017-09-17 06:00:00,4.0,5,0.022753421,1.154,0.0181935560666666,0.923,773.22,far,transiente_curto,388.368,386.1111,1.0416,3.4723,1.3889,2.2569,0.0,False
B-402E,mult,2017-09-17 06:07:00,2017-09-17 10:32:00,265.0,266,0.024324238,1.234,0.0189466178460144,0.961,773.21,far,precursor_parada,388.1945,384.6354,6.25,3.8195,1.3889,3.5591,0.0,True
B-402E,mult,2017-09-17 11:12:00,2017-09-17 14:36:00,204.0,205,0.029351182,1.488,0.0202609447534883,1.027,773.0,far,precursor_parada,384.5486,0.0,138.8889,67.1875,1.3889,384.5486,0.0,True
B-402E,mult,2017-09-17 17:54:00,2017-09-17 19:27:00,93.0,94,0.022344919,1.133,0.0173809355384615,0.881,772.72,far,glitch_sensor,0.0,324.6528,325.5208,180.0347,1.3889,324.6528,0.0,False
B-402E,mult,2017-09-17 21:05:00,2017-09-17 22:05:00,60.0,61,0.02214716,1.123,0.0176665458169014,0.896,772.58,far,mudanca_regime,322.743,311.632,13.368,7.9861,1.3889,11.111,0.0,False
B-402E,mult,2017-09-18 08:58:00,2017-09-18 09:48:00,50.0,51,0.021188993,1.075,0.0167855298606557,0.851,772.09,far,precursor_parada,312.8472,362.3264,4.8611,6.25,1.3889,49.4792,0.0,True
B-402E,mult,2017-09-18 10:24:00,2017-09-18 12:55:00,151.0,152,0.03692566,1.873,0.0227614161543209,1.154,772.03,far,precursor_parada,313.7153,358.507,61.9792,250.1736,1.3889,44.7917,0.0,True
B-402E,mult,2017-09-18 13:56:00,2017-09-18 14:05:00,9.0,10,0.01994124,1.011,0.01827973785,0.927,771.88,far,transiente_curto,358.8542,357.9861,2.9514,3.4722,1.3889,0.8681,0.0,True
B-402E,mult,2017-09-18 14:09:00,2017-09-18 15:14:00,65.0,66,0.026251432,1.331,0.0188211965789473,0.954,771.87,far,precursor_parada,358.6805,364.757,135.7638,118.5763,1.3889,6.0765,0.0,True
B-402E,mult,2017-09-18 15:27:00,2017-09-18 17:23:00,116.0,117,0.035471518,1.799,0.0229699985590551,1.165,771.82,far,precursor_parada,357.8125,368.4028,19.7917,222.9167,1.3889,10.5903,0.0,True
B-402E,mult,2017-09-18 19:38:00,2017-09-18 20:46:00,68.0,69,0.026254395,1.331,0.0200890721518987,1.019,771.64,far,precursor_parada,368.75,0.0,124.8264,75.6944,1.3889,368.75,0.0,True
B-402E,mult,2017-11-01 15:37:00,2017-11-01 17:12:00,95.0,96,0.08489777,4.305,0.0518582733679245,2.63,727.81,far,glitch_sensor,0.0,0.0,398.2639,206.0764,1.3889,0.0,0.0,True
B-402E,mult,2017-11-09 22:28:00,2017-11-10 00:02:00,94.0,95,0.030164693,1.53,0.0119177304199999,0.604,719.53,far,mudanca_regime,397.743,382.2917,17.1875,397.9167,1.3889,15.4513,0.0,False
B-402E,mult,2017-11-11 00:40:00,2017-11-11 01:48:00,68.0,69,0.03139975,1.592,0.0125864780278481,0.638,718.43,far,glitch_sensor,382.2917,368.9236,15.7987,384.5486,1.3889,13.3681,0.0,False
B-402E,mult,2017-12-08 12:29:00,2017-12-08 14:07:00,98.0,99,0.03216895,1.631,0.014635947106422,0.742,690.94,far,glitch_sensor,0.0,369.5312,378.4722,236.8055,1.3889,369.5312,0.0,False
B-402E,mult,2017-12-12 20:20:00,2017-12-12 20:21:00,1.0,2,0.02653064,1.345,0.012972573575,0.658,686.62,far,mudanca_regime,0.0,382.9861,388.8889,600.0,1.3889,382.9861,0.0,False
B-402E,mult,2017-12-26 09:47:00,2017-12-26 11:31:00,104.0,105,0.027553152,1.397,0.0152321959626086,0.772,673.05,far,glitch_sensor,0.0,394.0972,402.9514,183.8542,1.3889,394.0972,0.0,True
B-402E,mult,2018-01-01 20:25:00,2018-01-01 21:59:00,94.0,95,0.029206213,1.481,0.0119415248390476,0.606,666.61,far,precursor_parada,385.7639,390.9722,10.0695,388.0208,1.3889,5.2083,0.0,True
B-402E,mult,2018-01-04 07:41:00,2018-01-04 09:01:00,80.0,81,0.030036317,1.523,0.0109835250417582,0.557,664.14,far,glitch_sensor,394.618,386.4583,8.3333,394.9653,1.3889,8.1597,0.0,True
B-402E,mult,2018-01-10 17:07:00,2018-01-10 18:49:00,102.0,103,0.028592832,1.45,0.0152185886097345,0.772,657.75,far,glitch_sensor,0.0,389.5833,391.3194,230.2083,1.3889,389.5833,0.0,False
B-402E,mult,2018-01-11 17:24:00,2018-01-11 18:30:00,66.0,67,0.02890567,1.466,0.0139144495935064,0.706,656.74,far,glitch_sensor,0.0,302.9514,324.4792,259.0278,1.3889,302.9514,0.0,True
B-402E,mult,2018-01-19 22:07:00,2018-01-19 23:00:00,53.0,54,0.02441177,1.238,0.0152012938046875,0.771,648.54,far,glitch_sensor,0.0,382.6389,387.1528,222.2222,1.3889,382.6389,0.0,True
B-402E,mult,2018-01-21 14:22:00,2018-01-21 14:25:00,3.0,4,0.025955189,1.316,0.0121243764285714,0.615,646.86,far,transiente_curto,378.2986,377.6042,2.2569,600.0,1.3889,0.6944,0.0,False
B-402E,mult,2018-01-21 22:56:00,2018-01-21 23:52:00,56.0,57,0.027057473,1.372,0.0103175991388059,0.523,646.51,far,glitch_sensor,0.0,298.8715,297.5694,294.0972,1.3889,298.8715,0.0,True
B-402E,mult,2018-01-29 10:29:00,2018-01-29 12:03:00,94.0,95,0.04712412,2.39,0.0180139160857142,0.914,639.03,far,glitch_sensor,311.8055,309.2882,5.3819,600.0,1.3889,2.5173,0.0,True
B-402E,mult,2018-02-12 05:15:00,2018-02-12 06:05:00,50.0,51,0.02930539,1.486,0.0220835276885245,1.12,625.24,far,precursor_parada,376.9097,0.0,22.0486,376.7361,1.3889,376.9097,0.0,True
B-402E,mult,2018-02-18 00:10:00,2018-02-18 01:06:00,56.0,57,0.024488548,1.242,0.012391585641791,0.628,619.46,far,mudanca_regime,0.0,311.8055,325.0,185.9375,1.3889,311.8055,0.0,False
B-402E,mult,2018-02-22 22:02:00,2018-02-22 23:02:00,60.0,61,0.025874909,1.312,0.0149386621929577,0.758,614.54,far,mudanca_regime,374.8264,385.6771,29.8611,390.625,1.3889,10.8507,0.0,False
B-402E,mult,2018-03-08 21:12:00,2018-03-08 22:46:00,94.0,95,0.07297154,3.7,0.0252353620295238,1.28,600.58,far,glitch_sensor,0.0,389.9305,394.2708,213.7153,1.3889,389.9305,0.0,True
B-402E,mult,2018-03-09 17:27:00,2018-03-09 18:26:00,59.0,60,0.02737592,1.388,0.0118020568057142,0.598,599.74,far,glitch_sensor,386.2847,389.6701,6.5972,394.0972,1.3889,3.3854,0.0,False
B-402E,mult,2018-03-13 08:40:00,2018-03-13 10:15:00,95.0,96,0.044037342,2.233,0.0151794655367924,0.77,596.1,far,precursor_parada,356.25,0.0,40.7986,600.0,1.3889,356.25,0.0,True
B-402E,mult,2018-03-14 20:19:00,2018-03-14 21:57:00,98.0,99,0.06614538,3.354,0.0220962801678899,1.121,594.62,far,glitch_sensor,0.0,312.5,320.1389,211.2847,1.3889,312.5,0.0,False
B-402E,mult,2018-03-19 14:53:00,2018-03-19 15:14:00,21.0,22,0.02402964,1.219,0.01217656440625,0.617,589.84,far,glitch_sensor,386.6319,388.368,4.3403,600.0,1.3889,1.7361,0.0,False
B-402E,mult,2018-04-10 10:42:00,2018-04-10 12:14:00,92.0,93,0.030165393,1.53,0.0133945825407766,0.679,568.02,far,glitch_sensor,0.0,306.0764,317.7083,194.4444,1.3889,306.0764,0.0,True
B-402E,mult,2018-04-11 17:47:00,2018-04-11 19:11:00,84.0,85,0.040482514,2.053,0.0170546284578947,0.865,566.72,far,glitch_sensor,0.0,332.2917,337.1528,202.0833,1.3889,332.2917,0.0,True
B-402E,mult,2018-04-13 17:56:00,2018-04-13 19:37:00,101.0,102,0.034138463,1.731,0.0157707530133928,0.8,564.72,far,mudanca_regime,324.7396,335.7639,8.7673,333.3333,1.3889,11.0243,0.0,False
B-402E,mult,2018-04-19 07:27:00,2018-04-19 08:22:00,55.0,56,0.023082823,1.171,0.0084913889333333,0.431,559.15,far,mudanca_regime,0.0,334.375,337.1528,187.8472,1.3889,334.375,0.0,False
B-402E,mult,2018-04-29 15:12:00,2018-04-29 17:01:00,109.0,110,0.031570315,1.601,0.013119998135,0.665,548.83,far,glitch_sensor,0.0,326.3889,334.0278,600.0,1.3889,326.3889,0.0,True
B-402E,mult,2018-05-02 18:18:00,2018-05-02 19:48:00,90.0,91,0.04095153,2.077,0.0143058419495049,0.725,545.7,far,glitch_sensor,0.0,301.1285,330.5555,600.0,1.3889,301.1285,0.0,False
B-402E,mult,2018-05-07 17:55:00,2018-05-07 19:38:00,103.0,104,0.04015215,2.036,0.019051557072807,0.966,540.72,far,glitch_sensor,0.0,377.7778,384.8958,600.0,1.3889,377.7778,0.0,False
B-402E,mult,2018-05-10 22:09:00,2018-05-10 23:39:00,90.0,91,0.029513614,1.497,0.012404910330693,0.629,537.54,far,glitch_sensor,0.0,394.9653,401.9097,600.0,1.3889,394.9653,0.0,False
B-402E,mult,2018-05-21 11:21:00,2018-05-21 12:22:00,61.0,62,0.029575037,1.5,0.0143894423263888,0.73,526.99,far,glitch_sensor,0.0,324.7396,335.243,248.2639,1.3889,324.7396,0.0,True
B-402E,mult,2018-05-22 09:43:00,2018-05-22 09:58:00,15.0,16,0.020570828,1.043,0.0101279167692307,0.514,526.06,far,glitch_sensor,283.2465,387.934,109.2882,282.2917,1.3889,104.6875,0.0,False
B-402E,mult,2018-05-26 21:22:00,2018-05-26 21:23:00,1.0,2,0.023388049,1.186,0.0099974097666666,0.507,521.57,far,transiente_curto,324.8264,324.7396,0.5208,600.0,1.3889,0.0868,0.0,True
B-402E,mult,2018-05-29 08:57:00,2018-05-29 10:36:00,99.0,100,0.0305511,1.549,0.0153617771881818,0.779,519.09,far,glitch_sensor,0.0,323.0035,326.7361,196.3542,1.3889,323.0035,0.0,False
B-402E,mult,2018-05-31 02:34:00,2018-05-31 03:59:00,85.0,86,0.04150084,2.105,0.012426792346875,0.63,517.36,far,mudanca_regime,393.316,369.618,25.0868,600.0,1.3889,23.698,0.0,False
B-402E,mult,2018-06-01 03:11:00,2018-06-01 04:28:00,77.0,78,0.031446423,1.595,0.0126149571852272,0.64,516.33,far,glitch_sensor,365.625,367.8819,4.1667,365.2778,1.3889,2.2569,0.0,False
B-402E,mult,2018-06-15 18:45:00,2018-06-15 19:48:00,63.0,64,0.040427867,2.05,0.0270043698851351,1.369,501.68,far,glitch_sensor,0.0,286.5451,339.4097,600.0,1.3889,286.5451,0.0,True
B-402E,mult,2018-07-20 21:59:00,2018-07-20 23:08:00,69.0,70,0.028954811,1.468,0.0104253517699999,0.529,466.55,far,glitch_sensor,0.0,331.8576,336.6319,237.6736,1.3889,331.8576,0.0,False
B-402E,mult,2018-07-31 12:03:00,2018-07-31 13:13:00,70.0,71,0.037088502,1.881,0.0151758267790123,0.77,455.96,far,glitch_sensor,0.0,394.7917,396.875,224.1319,1.3889,394.7917,0.0,False
B-402E,mult,2018-08-09 07:07:00,2018-08-09 07:34:00,27.0,28,0.022032809,1.117,0.010702437768421,0.543,447.17,far,glitch_sensor,325.7812,377.7778,59.4618,600.0,1.3889,51.9966,0.0,True
B-402E,mult,2018-08-09 13:43:00,2018-08-09 14:40:00,57.0,58,0.028949501,1.468,0.0097429605720588,0.494,446.89,far,glitch_sensor,0.0,381.0764,386.9792,322.9167,1.3889,381.0764,0.0,True
B-402E,mult,2018-08-19 10:39:00,2018-08-19 12:10:00,91.0,92,0.02246049,1.139,0.0139823392852941,0.709,437.02,far,glitch_sensor,0.0,334.0278,350.1736,286.4583,1.3889,334.0278,0.0,True
B-402E,mult,2018-08-22 15:27:00,2018-08-22 16:38:00,71.0,72,0.023938967,1.214,0.0164547149878048,0.834,433.82,far,glitch_sensor,0.0,400.1736,398.7847,347.3958,1.3889,400.1736,0.0,False
B-402E,mult,2018-09-18 16:05:00,2018-09-18 17:51:00,106.0,107,0.05109153,2.591,0.0111019209059829,0.563,406.79,far,glitch_sensor,0.0,314.3229,312.8472,309.375,1.3889,314.3229,0.0,False
B-402E,mult,2018-09-27 00:06:00,2018-09-27 01:05:00,59.0,60,0.05092781,2.583,0.0169715833685714,0.861,398.46,far,glitch_sensor,0.0,337.8472,344.9653,342.3611,1.3889,337.8472,0.0,False
B-402E,mult,2018-09-28 21:51:00,2018-09-28 21:53:00,2.0,3,0.019960431,1.012,0.009791071476923,0.497,396.55,far,transiente_curto,320.3125,317.9687,3.4722,600.0,1.3889,2.3438,0.0,True
B-402E,mult,2018-11-02 09:36:00,2018-11-02 11:03:00,87.0,88,0.025795251,1.308,0.0136598544336734,0.693,362.06,far,glitch_sensor,0.0,0.0,333.1597,184.0278,1.3889,0.0,0.0,True
B-402E,mult,2018-11-11 21:36:00,2018-11-11 22:12:00,36.0,37,0.02483791,1.26,0.0102159838,0.518,352.56,far,mudanca_regime,0.0,389.7569,393.4028,347.0486,1.3889,389.7569,0.0,False
B-402E,mult,2018-11-19 22:16:00,2018-11-19 23:16:00,60.0,61,0.0281199,1.426,0.0115744766732394,0.587,344.53,far,glitch_sensor,0.0,357.8125,371.7014,187.5,1.3889,357.8125,0.0,True
B-402E,mult,2018-11-25 02:01:00,2018-11-25 03:44:00,103.0,104,0.037192892,1.886,0.0154239763657894,0.782,339.38,far,glitch_sensor,0.0,349.3055,356.7708,362.6736,1.3889,349.3055,0.0,False
B-402E,mult,2018-12-06 13:38:00,2018-12-06 15:26:00,108.0,109,0.07264422,3.684,0.0201092044815126,1.02,327.89,far,mudanca_regime,0.0,395.1389,398.4375,391.3194,1.3889,395.1389,0.0,False
B-402E,mult,2018-12-09 19:26:00,2018-12-09 19:28:00,2.0,3,0.020736841,1.052,0.0093108208615384,0.472,324.65,far,mudanca_regime,0.0,317.7083,317.0139,600.0,1.3889,317.7083,0.0,True
B-402E,mult,2018-12-17 05:30:00,2018-12-17 07:01:00,91.0,92,0.024718966,1.254,0.0118953034166666,0.603,317.23,far,glitch_sensor,0.0,305.7292,307.118,242.0139,1.3889,305.7292,0.0,False
B-402E,mult,2018-12-18 00:05:00,2018-12-18 01:48:00,103.0,104,0.035028752,1.776,0.0124905348149122,0.633,316.46,far,glitch_sensor,0.0,395.4861,400.868,394.2708,1.3889,395.4861,0.0,True
B-402E,mult,2019-01-04 14:01:00,2019-01-04 15:26:00,85.0,86,0.026145564,1.326,0.0112589262020833,0.571,298.88,far,glitch_sensor,0.0,319.7048,328.8194,600.0,1.3889,319.7048,0.0,True
B-402E,mult,2019-01-17 18:49:00,2019-01-17 20:33:00,104.0,105,0.03065147,1.554,0.0126108439104347,0.64,285.68,far,glitch_sensor,0.0,376.3889,364.9305,600.0,1.3889,376.3889,0.0,False
B-402E,mult,2019-01-18 16:50:00,2019-01-18 17:55:00,65.0,66,0.043920357,2.227,0.0139256146999999,0.706,284.76,far,glitch_sensor,369.7917,366.6667,11.4584,600.0,1.3889,3.125,0.0,False
B-402E,mult,2019-02-05 17:42:00,2019-02-05 19:17:00,95.0,96,0.028264176,1.433,0.0116303299896226,0.59,266.73,far,glitch_sensor,0.0,390.625,393.9236,600.0,1.3889,390.625,0.0,True
B-402E,mult,2019-02-09 22:15:00,2019-02-09 23:54:00,99.0,100,0.041988585,2.129,0.01270946125,0.645,262.54,far,mudanca_regime,353.2118,388.1944,49.3924,600.0,1.3889,34.9826,0.0,False
B-402E,mult,2019-02-26 15:39:00,2019-02-26 17:09:00,90.0,91,0.032602537,1.653,0.0124354133554455,0.631,245.81,far,glitch_sensor,0.0,304.1667,307.9861,303.2986,1.3889,304.1667,0.0,True
B-402E,mult,2019-03-03 13:54:00,2019-03-03 15:28:00,94.0,95,0.039594825,2.008,0.0146741184904761,0.744,240.88,far,glitch_sensor,0.0,351.2153,363.1944,291.6667,1.3889,351.2153,0.0,False
B-402E,mult,2019-03-20 17:12:00,2019-03-20 18:10:00,58.0,59,0.034112297,1.73,0.0163035466956521,0.827,223.75,far,glitch_sensor,0.0,315.4514,318.9236,600.0,1.3889,315.4514,0.0,False
B-402E,mult,2019-03-27 18:50:00,2019-03-27 20:07:00,77.0,78,0.023696134,1.202,0.0112139465818181,0.569,216.68,far,glitch_sensor,0.0,322.9167,325.868,294.0972,1.3889,322.9167,0.0,True
B-402E,mult,2019-03-30 01:27:00,2019-03-30 02:44:00,77.0,78,0.028877798,1.464,0.0138026289124999,0.7,214.4,far,glitch_sensor,0.0,320.6597,325.6944,600.0,1.3889,320.6597,0.0,True
B-402E,mult,2019-03-30 15:53:00,2019-03-30 17:28:00,95.0,96,0.02670541,1.354,0.0122314075226415,0.62,213.8,far,mudanca_regime,311.4583,396.1805,93.4028,600.0,1.3889,84.7222,0.0,False
B-402E,mult,2019-04-16 18:02:00,2019-04-16 19:51:00,109.0,110,0.03318262,1.683,0.0129356545016666,0.656,196.71,far,glitch_sensor,0.0,372.3958,391.8403,600.0,1.3889,372.3958,0.0,False
B-402E,mult,2019-04-24 09:26:00,2019-04-24 11:09:00,103.0,104,0.03935715,1.996,0.0203168409798245,1.03,189.07,far,glitch_sensor,0.0,313.7153,325.0,600.0,1.3889,313.7153,0.0,False
B-402E,mult,2019-04-24 22:07:00,2019-04-24 22:08:00,1.0,2,0.022574423,1.145,0.0091448171833333,0.464,188.54,far,mudanca_regime,314.9305,325.0,12.3264,600.0,1.3889,10.0695,0.0,False
B-402E,mult,2019-04-25 09:02:00,2019-04-25 09:04:00,2.0,3,0.021928163,1.112,0.0093501517,0.474,188.09,far,mudanca_regime,302.7777,313.5417,10.0695,600.0,1.3889,10.764,0.0,False
B-402E,mult,2019-05-03 08:45:00,2019-05-03 08:52:00,7.0,8,0.023724027,1.203,0.0148131219722222,0.751,180.1,far,mudanca_regime,0.0,371.7014,374.1319,600.0,1.3889,371.7014,0.0,False
B-402E,mult,2019-05-25 10:48:00,2019-05-25 12:35:00,107.0,108,0.027384305,1.389,0.0138726903754237,0.704,158.01,far,glitch_sensor,0.0,381.3368,393.2292,600.0,1.3889,381.3368,0.0,True
B-402E,mult,2019-05-25 14:41:00,2019-05-25 15:43:00,62.0,63,0.08962431,4.545,0.0302128750863013,1.532,157.85,far,precursor_parada,381.4236,0.0,64.4097,384.375,1.3889,381.4236,0.0,True
B-402E,mult,2019-06-06 10:19:00,2019-06-06 10:29:00,10.0,11,0.021380102,1.084,0.0105584374142857,0.535,146.03,far,transiente_curto,390.625,391.493,6.9444,600.0,1.3889,0.868,0.0,False
B-402E,mult,2019-06-09 16:57:00,2019-06-09 18:46:00,109.0,110,0.029061317,1.474,0.0136692212741666,0.693,142.76,far,glitch_sensor,0.0,389.2361,397.9167,600.0,1.3889,389.2361,0.0,False
B-402E,mult,2019-06-24 00:38:00,2019-06-24 02:19:00,101.0,102,0.04500707,2.282,0.0177087542428571,0.898,128.44,far,glitch_sensor,366.493,361.1111,26.0416,600.0,1.3889,5.3819,0.0,True
B-402E,mult,2019-07-03 05:32:00,2019-07-03 07:15:00,103.0,104,0.047884304,2.428,0.0204271093736842,1.036,119.23,far,glitch_sensor,0.0,308.3333,314.4097,600.0,1.3889,308.3333,0.0,False
B-402E,mult,2019-07-03 22:16:00,2019-07-03 23:28:00,72.0,73,0.038267333,1.941,0.013847148239759,0.702,118.53,far,precursor_parada,353.559,316.2326,54.6007,600.0,1.3889,37.3264,0.0,True
B-402E,mult,2019-07-09 14:54:00,2019-07-09 16:34:00,100.0,101,0.03821103,1.938,0.0151872753666666,0.77,112.84,far,glitch_sensor,0.0,365.2778,375.0,304.5139,1.3889,365.2778,0.0,False
B-402E,mult,2019-07-26 19:08:00,2019-07-26 20:57:00,109.0,110,0.032948613,1.671,0.0139988436258333,0.71,95.67,far,glitch_sensor,0.0,370.8333,377.7778,600.0,1.3889,370.8333,0.0,False
B-402E,mult,2019-08-03 01:46:00,2019-08-03 03:16:00,90.0,91,0.024967533,1.266,0.0149545428158415,0.758,88.39,far,glitch_sensor,0.0,332.7257,340.9722,287.6736,1.3889,332.7257,0.0,True
B-402E,mult,2019-08-04 01:40:00,2019-08-04 03:16:00,96.0,97,0.035679586,1.809,0.0147779857233644,0.749,87.39,far,glitch_sensor,0.0,369.7917,375.1736,363.0208,1.3889,369.7917,0.0,False
B-402E,mult,2019-08-14 20:01:00,2019-08-14 20:55:00,54.0,55,0.024084987,1.221,0.0080657474692307,0.409,76.63,far,mudanca_regime,105.9896,322.9167,218.1423,125.1736,1.3889,216.9271,0.0,False
B-402E,mult,2019-08-18 04:49:00,2019-08-18 04:50:00,1.0,2,0.021628983,1.097,0.0168917179583333,0.857,73.26,far,glitch_sensor,0.0,0.0,281.0764,185.5903,1.3889,0.0,0.0,True
B-402E,mult,2019-08-24 21:13:00,2019-08-24 22:53:00,100.0,101,0.036142025,1.833,0.0197129033009009,1.0,66.58,far,glitch_sensor,0.0,315.7986,317.5347,219.618,1.3889,315.7986,0.0,False
B-402E,mult,2019-08-26 22:32:00,2019-08-27 00:14:00,102.0,103,0.031955607,1.621,0.0158801496353982,0.805,64.52,far,glitch_sensor,0.0,297.743,304.5139,181.25,1.3889,297.743,0.0,False
B-402E,mult,2019-09-09 11:20:00,2019-09-09 12:27:00,67.0,68,0.026840316,1.361,0.0101053716205128,0.512,50.99,far,precursor_parada,344.4444,292.7951,28.993,600.0,1.3889,51.6492,0.0,True
B-402E,mult,2019-09-18 14:34:00,2019-09-18 16:14:00,100.0,101,0.029045425,1.473,0.0176017502837837,0.893,41.86,far,precursor_parada,310.8507,265.1042,60.8507,278.993,1.3889,45.7465,0.0,True
B-402E,mult,2019-10-07 12:52:00,2019-10-07 13:53:00,61.0,62,0.028376365,1.439,0.009012691325,0.457,22.93,far,mudanca_regime,0.0,376.7361,384.8958,207.2917,1.3889,376.7361,0.0,False
B-402E,mult,2019-10-23 15:04:00,2019-10-23 16:01:00,57.0,58,0.027044496,1.371,0.0081907666985294,0.415,6.83,near_10d,precursor_parada,0.0,303.2118,307.6389,186.1111,1.3889,303.2118,0.0,True
B-402E,mult,2019-10-29 14:11:00,2019-10-29 15:59:00,108.0,109,0.04154158,2.107,0.0161169776789915,0.817,0.87,near_48h,glitch_sensor,0.0,342.0139,350.0,600.0,1.3889,342.0139,0.0,True
B-402E,mult,2019-10-29 22:36:00,2019-10-29 23:57:00,81.0,82,0.03210019,1.628,0.0115234687119565,0.584,0.52,near_48h,glitch_sensor,0.0,299.4792,325.6944,600.0,1.3889,299.4792,0.0,False
B-4064A,mult,2024-05-01 12:19:00,2024-05-01 13:14:00,55.0,56,0.0501573,1.32,0.0119839565924242,0.315,120.82,far,mudanca_regime,0.0254,1.6561,1.6459,2.5603,0.0406,1.6307,0.0,False
B-4064A,mult,2024-05-02 23:33:00,2024-05-03 00:28:00,55.0,56,0.044639748,1.174,0.0176543810151515,0.464,119.35,far,mudanca_regime,0.0254,1.1024,1.6967,1.8288,0.0406,1.077,0.0,False
B-4064A,mult,2024-05-04 00:45:00,2024-05-04 02:17:00,92.0,93,0.059059057,1.554,0.0244530463203883,0.643,118.3,far,glitch_sensor,0.0254,1.082,1.1481,2.6314,0.0406,1.0566,0.0,False
B-4064A,mult,2024-05-07 14:19:00,2024-05-07 15:13:00,54.0,55,0.06171157,1.624,0.0204926538307692,0.539,114.74,far,mudanca_regime,0.4572,0.9703,0.635,0.2337,0.0406,0.5131,0.0,False
B-4064A,mult,2024-05-08 16:23:00,2024-05-08 17:15:00,52.0,53,0.05733673,1.508,0.0453667059999999,1.194,113.65,far,glitch_sensor,1.9202,1.2598,0.4318,2.54,0.0406,0.6604,0.0,True
B-4064A,mult,2024-05-08 17:17:00,2024-05-08 17:17:00,0.0,1,0.053538598,1.409,0.0405191967272727,1.066,113.61,far,mudanca_regime,2.0777,1.2497,0.762,1.1684,0.0406,0.828,0.0,True
B-4064A,mult,2024-05-08 17:51:00,2024-05-08 19:15:00,84.0,85,0.06913309,1.819,0.0361820813421052,0.952,113.59,far,glitch_sensor,2.1031,1.2243,0.9296,2.7838,0.0406,0.8788,0.0,False
B-4064A,mult,2024-05-09 18:42:00,2024-05-09 20:02:00,80.0,81,0.05464732,1.438,0.0270747348065934,0.712,112.55,far,glitch_sensor,0.0356,1.2141,1.9812,1.8796,0.0406,1.1786,0.0,False
B-4064A,mult,2024-05-14 21:17:00,2024-05-14 22:31:00,74.0,75,0.055915404,1.471,0.0295316239999999,0.777,107.45,far,glitch_sensor,1.3157,1.077,0.2642,2.0218,0.0406,0.2388,0.0,False
B-4064A,mult,2024-05-15 09:54:00,2024-05-15 09:56:00,2.0,3,0.08585717,2.259,0.0722129125384615,1.9,106.92,far,glitch_sensor,1.0211,1.0211,0.4064,3.6068,0.0406,0.0,0.0,False
B-4064A,mult,2024-05-15 09:58:00,2024-05-15 11:42:00,104.0,105,0.13691941,3.602,0.0288938781652173,0.76,106.92,far,glitch_sensor,1.0211,1.0211,0.0813,3.6068,0.0406,0.0,0.0,False
B-4064A,mult,2024-05-17 21:00:00,2024-05-17 22:46:00,106.0,107,0.0898084,2.363,0.036981987202564,0.973,104.46,far,glitch_sensor,1.204,1.0516,0.4267,2.3165,0.0406,0.1524,0.0,False
B-4064A,mult,2024-05-23 04:56:00,2024-05-23 05:52:00,56.0,57,0.05330084,1.402,0.0124411538656716,0.327,99.13,far,mudanca_regime,0.0254,1.1278,1.1786,2.8854,0.0406,1.1024,0.0,False
B-4064A,mult,2024-06-01 06:16:00,2024-06-01 06:35:00,19.0,20,0.04033145,1.061,0.02024704565,0.533,90.07,far,mudanca_regime,0.0254,1.8237,1.8288,1.6764,0.0406,1.7983,0.0,False
B-4064A,mult,2024-06-08 21:58:00,2024-06-08 22:05:00,7.0,8,0.05033459,1.324,0.0237189961666666,0.624,82.42,far,mudanca_regime,0.0457,1.1633,1.1684,1.9101,0.0406,1.1176,0.0,False
B-4064A,mult,2024-06-13 09:57:00,2024-06-13 10:51:00,54.0,55,0.042000007,1.105,0.0315274505953846,0.829,77.92,far,glitch_sensor,0.2286,1.1227,0.955,1.27,0.0406,0.8941,0.0,False
B-4064A,mult,2024-06-14 00:41:00,2024-06-14 01:43:00,62.0,63,0.045417976,1.195,0.0239101827876712,0.629,77.3,far,glitch_sensor,1.2548,1.2954,0.1016,1.6358,0.0406,0.0406,0.0,False
B-4064A,mult,2024-06-17 04:34:00,2024-06-17 06:11:00,97.0,98,0.1149374,3.024,0.0328828347277777,0.865,74.14,far,glitch_sensor,1.1532,1.7018,0.4369,4.3993,0.0406,0.5486,0.0,False
B-4064A,mult,2024-06-22 09:10:00,2024-06-22 10:57:00,107.0,108,0.062282976,1.639,0.0259516135169491,0.683,68.95,far,glitch_sensor,0.2489,1.1836,1.0262,0.9957,0.0406,0.9347,0.0,True
B-4064A,mult,2024-06-22 15:40:00,2024-06-22 17:09:00,89.0,90,0.05081347,1.337,0.022424983534,0.59,68.68,far,sustentado_sem_causa,1.1836,1.1938,0.1016,1.1836,0.0406,0.0102,0.0,False
B-4064A,mult,2024-06-25 11:16:00,2024-06-25 12:03:00,47.0,48,0.043582454,1.147,0.024996539287931,0.658,65.86,far,glitch_sensor,1.4986,1.1887,0.4064,1.5646,0.0406,0.3099,0.0,False
B-4064A,mult,2024-07-07 06:09:00,2024-07-07 07:11:00,62.0,63,0.111509696,2.934,0.0297150073835616,0.782,54.08,far,glitch_sensor,1.1633,1.2344,0.6401,4.6533,0.0406,0.0711,0.0,False
B-4064A,mult,2024-07-14 20:55:00,2024-07-14 22:16:00,81.0,82,0.056913096,1.497,0.025774027048913,0.678,46.46,far,glitch_sensor,1.3868,1.5596,0.2032,1.8186,0.0406,0.1727,0.0,False
B-4064A,mult,2024-07-16 18:12:00,2024-07-16 19:29:00,77.0,78,0.04227162,1.112,0.0268225820113636,0.706,44.57,far,glitch_sensor,0.0356,1.204,1.5646,1.6256,0.0406,1.1684,0.0,False
B-4064A,mult,2024-07-19 22:29:00,2024-07-19 23:59:00,90.0,91,0.047845397,1.259,0.02269364040099,0.597,41.4,far,glitch_sensor,0.0356,1.0922,1.1786,2.8448,0.0406,1.0566,0.0,False
B-4064A,mult,2024-08-09 12:31:00,2024-08-09 14:14:00,103.0,104,0.08390832,2.207,0.0333196811605263,0.877,20.81,far,glitch_sensor,0.2388,1.336,0.9957,1.0973,0.0406,1.0973,0.0,True
B-4064A,mult,2024-08-16 11:35:00,2024-08-16 13:22:00,107.0,108,0.07080479,1.863,0.026025515098305,0.685,13.85,far,glitch_sensor,0.6299,1.397,1.3665,2.1742,0.0406,0.7671,0.0,False
B-4064A,mult,2024-08-21 11:22:00,2024-08-21 12:36:00,74.0,75,0.06907134,1.817,0.0316924536588235,0.834,8.86,near_10d,glitch_sensor,1.458,2.0879,0.6706,2.0117,0.0406,0.6299,0.0,False
B-4064A,mult,2024-08-22 01:13:00,2024-08-22 02:52:00,99.0,100,0.06380617,1.679,0.0268277681954545,0.706,8.28,near_10d,glitch_sensor,0.0254,1.3157,2.0625,1.778,0.0406,1.2903,0.0,False
B-4064A,mult,2024-08-22 20:43:00,2024-08-22 21:50:00,67.0,68,0.044236995,1.164,0.0291483434358974,0.767,7.47,near_10d,glitch_sensor,0.0559,1.7069,1.8085,1.5748,0.0406,1.651,0.0,False
B-4064A,mult,2024-08-27 20:17:00,2024-08-27 22:05:00,108.0,109,0.06826802,1.796,0.0351486271722689,0.925,2.49,near_10d,glitch_sensor,0.2489,1.5799,1.8898,1.9304,0.0406,1.331,0.0,False
B-4064A,mult,2024-08-28 12:45:00,2024-08-28 14:33:00,108.0,109,0.09029295,2.375,0.0374430740588235,0.985,1.8,near_48h,glitch_sensor,1.8034,1.9964,0.9246,1.6764,0.0406,0.193,0.0,False
B-4064A,mult,2024-08-29 14:14:00,2024-08-29 15:11:00,57.0,58,0.048563156,1.278,0.0311702166470588,0.82,0.74,near_48h,mudanca_regime,0.0254,1.9914,2.1438,2.2047,0.0406,1.966,0.0,False
B-4703.24001B,mult,2022-01-28 14:22:00,2022-01-28 14:58:00,36.0,37,0.06878531,2.786,0.0443939873829787,1.798,275.4,far,precursor_parada,0.9205,27.3724,6.6372,20.3476,0.1453,26.4519,0.0,True
B-4703.24001B,mult,2022-01-28 15:00:00,2022-01-28 16:04:00,64.0,65,0.103012115,4.172,0.0496255403466666,2.01,275.38,far,precursor_parada,1.0658,27.6146,27.9537,25.7736,0.1453,26.5488,0.0,True
B-4703.24001B,mult,2022-01-28 16:07:00,2022-01-28 17:59:00,112.0,113,0.081164464,3.287,0.0281708856146341,1.141,275.33,far,mudanca_regime,23.7146,28.3171,5.4503,28.3413,0.1453,4.6024,0.0,False
B-4703.24001B,mult,2022-01-28 19:23:00,2022-01-28 19:42:00,19.0,20,0.05114015,2.071,0.0307412730333333,1.245,275.19,far,mudanca_regime,28.2929,1.3081,27.3724,29.6494,0.1453,26.9848,0.0,False
B-4703.24001B,mult,2022-01-28 19:44:00,2022-01-28 21:55:00,131.0,132,0.052713647,2.135,0.0232997681133802,0.944,275.18,far,precursor_parada,28.2686,1.1143,27.5419,29.6494,0.1453,27.1544,0.0,False
B-4703.24001B,mult,2022-01-31 18:18:00,2022-01-31 18:19:00,1.0,2,0.034715235,1.406,0.0191133585,0.774,272.24,far,mudanca_regime,26.4761,0.9689,25.4587,27.9537,0.1453,25.5072,0.0,False
B-4703.24001B,mult,2022-02-04 16:13:00,2022-02-04 17:25:00,72.0,73,0.04541937,1.84,0.0169345771084337,0.686,268.32,far,sustentado_sem_causa,1.0174,0.872,0.2907,26.0643,0.1453,0.1453,0.0,False
B-4703.24001B,mult,2022-02-05 19:16:00,2022-02-05 21:05:00,109.0,110,0.050703563,2.054,0.0176398013858333,0.714,267.2,far,sustentado_sem_causa,0.7994,0.8236,14.2675,21.9463,0.1453,0.0242,0.0,False
B-4703.24001B,mult,2022-02-10 10:27:00,2022-02-10 10:31:00,4.0,5,0.04050989,1.641,0.0224561728666666,0.91,262.56,far,mudanca_regime,0.6298,27.6146,26.5003,49.997,0.1453,26.9848,0.0,True
B-4703.24001B,mult,2022-02-10 11:09:00,2022-02-10 12:26:00,77.0,78,0.042314585,1.714,0.0187739418863636,0.76,262.54,far,glitch_sensor,26.5003,27.6388,3.4397,27.3239,0.1453,1.1385,0.0,True
B-4703.24001B,mult,2022-02-15 06:37:00,2022-02-15 07:34:00,57.0,58,0.04317182,1.749,0.0134220917779411,0.544,257.72,far,sustentado_sem_causa,1.0174,0.7751,11.2396,22.8668,0.1453,0.2422,0.0,False
B-4703.24001B,mult,2022-02-15 11:18:00,2022-02-15 12:46:00,88.0,89,0.055384256,2.243,0.0191325516454545,0.775,257.53,far,sustentado_sem_causa,0.7751,0.7751,3.8273,50.9175,0.1453,0.0,0.0,False
B-4703.24001B,mult,2022-02-18 12:15:00,2022-02-18 14:08:00,113.0,114,0.05206155,2.109,0.0246119733669354,0.997,254.49,far,precursor_parada,0.9205,0.872,0.1938,0.1938,0.1453,0.0484,0.0,True
B-4703.24001B,mult,2022-02-18 17:22:00,2022-02-18 18:22:00,60.0,61,0.03675001,1.488,0.0149460422366197,0.605,254.28,far,sustentado_sem_causa,0.872,0.872,0.0969,22.2855,0.1453,0.0,0.0,False
B-4703.24001B,mult,2022-02-25 10:21:00,2022-02-25 11:19:00,58.0,59,0.036075257,1.461,0.012039923331884,0.488,247.57,far,sustentado_sem_causa,1.0658,0.9205,26.791,29.7947,0.1453,0.1453,0.0,False
B-4703.24001B,mult,2022-02-25 12:30:00,2022-02-25 12:31:00,1.0,2,0.03174706,1.286,0.017198478,0.697,247.48,far,mudanca_regime,14.9458,0.872,13.9769,27.1786,0.1453,14.0738,0.0,False
B-4703.24001B,mult,2022-03-08 10:41:00,2022-03-08 12:29:00,108.0,109,0.049025763,1.986,0.0215008018999999,0.871,236.55,far,sustentado_sem_causa,26.6457,27.1786,4.6024,26.4034,0.1453,0.5329,0.0,False
B-4703.24001B,mult,2022-03-08 17:16:00,2022-03-08 18:16:00,60.0,61,0.03791271,1.536,0.0162424637183098,0.658,236.28,far,precursor_parada,25.1681,1.1143,24.4414,23.9811,0.1453,24.0538,0.0,False
B-4703.24001B,mult,2022-03-09 16:37:00,2022-03-09 18:06:00,89.0,90,0.038432337,1.557,0.01848194962,0.749,235.31,far,precursor_parada,22.237,0.9689,21.4619,17.8768,0.1453,21.2681,0.0,False
B-4703.24001B,mult,2022-03-10 12:27:00,2022-03-10 12:31:00,4.0,5,0.039275303,1.591,0.0246568385333333,0.999,234.48,far,mudanca_regime,19.6936,22.8668,3.9484,6.831,0.1453,3.1733,0.0,False
B-4703.24001B,mult,2022-03-10 12:33:00,2022-03-10 14:25:00,112.0,113,0.045650188,1.849,0.0219021841544715,0.887,234.48,far,mudanca_regime,19.3302,21.8495,7.1701,9.544,0.1453,2.5192,0.0,False
B-4703.24001B,mult,2022-03-10 16:11:00,2022-03-10 18:17:00,126.0,127,0.040404264,1.636,0.0202270266642335,0.819,234.33,far,precursor_parada,22.1159,0.9932,21.1954,15.8905,0.1453,21.1228,0.0,False
B-4703.24001B,mult,2022-03-11 10:46:00,2022-03-11 14:33:00,227.0,228,0.05338738,2.162,0.0258383644558823,1.046,233.55,far,mudanca_regime,23.642,25.6767,12.4992,15.3576,0.1453,2.0348,0.0,False
B-4703.24001B,mult,2022-03-11 19:11:00,2022-03-11 19:12:00,1.0,2,0.030527415,1.236,0.0220685674999999,0.894,233.2,far,mudanca_regime,23.4482,1.1143,22.1886,22.9637,0.1453,22.3339,0.0,False
B-4703.24001B,mult,2022-03-14 16:09:00,2022-03-14 16:11:00,2.0,3,0.028607521,1.159,0.0202762975,0.821,230.33,far,transiente_curto,0.9689,0.9932,24.078,27.76,0.1453,0.0242,0.0,False
B-4703.24001B,mult,2022-03-17 09:10:00,2022-03-17 10:14:00,64.0,65,0.0436876,1.769,0.0201757599866666,0.817,227.62,far,mudanca_regime,1.0658,26.2339,26.5488,26.2581,0.1453,25.1681,0.0,False
B-4703.24001B,mult,2022-03-17 17:06:00,2022-03-17 17:07:00,1.0,2,0.034079563,1.38,0.0214242404166666,0.868,227.29,far,mudanca_regime,25.4345,1.1143,24.4171,25.1438,0.1453,24.3202,0.0,False
B-4703.24001B,mult,2022-03-18 17:11:00,2022-03-18 17:12:00,1.0,2,0.038693096,1.567,0.0233225201666666,0.945,226.28,far,mudanca_regime,25.3376,1.2112,24.2233,26.7426,0.1453,24.1265,0.0,False
B-4703.24001B,mult,2022-03-23 13:21:00,2022-03-23 14:25:00,64.0,65,0.044236366,1.792,0.0198825848333333,0.805,221.44,far,mudanca_regime,0.8236,26.8152,27.8084,35.7052,0.1453,25.9917,0.0,False
B-4703.24001B,mult,2022-03-24 13:10:00,2022-03-24 15:02:00,112.0,113,0.037357878,1.513,0.0174073281788617,0.705,220.45,far,mudanca_regime,1.1869,22.9153,26.7183,29.1165,0.1453,21.7283,0.0,False
B-4703.24001B,mult,2022-03-24 16:36:00,2022-03-24 18:10:00,94.0,95,0.033302773,1.349,0.0180383450142857,0.731,220.31,far,precursor_parada,23.6178,1.3081,22.7942,18.4097,0.1453,22.3097,0.0,False
B-4703.24001B,mult,2022-03-25 16:24:00,2022-03-25 17:01:00,37.0,38,0.050588846,2.049,0.0302567929166666,1.225,219.32,far,precursor_parada,24.3687,1.1143,23.5451,26.1612,0.1453,23.2544,0.0,True
B-4703.24001B,mult,2022-03-25 17:18:00,2022-03-25 17:56:00,38.0,39,0.026383404,1.069,0.0172264695816326,0.698,219.28,far,sustentado_sem_causa,1.6956,1.2596,0.872,0.6298,0.1453,0.436,0.0,False
B-4703.24001B,mult,2022-03-28 10:47:00,2022-03-28 11:42:00,55.0,56,0.031928957,1.293,0.0131005207787878,0.531,216.55,far,precursor_parada,27.8569,26.5246,17.6346,10.3191,0.1453,1.3323,0.0,True
B-4703.24001B,mult,2022-03-28 16:13:00,2022-03-28 18:00:00,107.0,108,0.03698541,1.498,0.0170960807627118,0.692,216.32,far,glitch_sensor,0.7751,1.0658,0.7751,28.6804,0.1453,0.2907,0.0,False
B-4703.24001B,mult,2022-03-29 10:38:00,2022-03-29 10:38:00,0.0,1,0.028806511,1.167,0.0202924493636363,0.822,215.56,far,mudanca_regime,1.0174,28.3171,27.7599,34.2518,0.1453,27.2997,0.0,False
B-4703.24001B,mult,2022-04-04 10:22:00,2022-04-04 11:22:00,60.0,61,0.036717925,1.487,0.0128661907999999,0.521,209.57,far,mudanca_regime,1.1143,24.9743,26.1612,32.8953,0.1453,23.86,0.0,False
B-4703.24001B,mult,2022-04-04 19:19:00,2022-04-04 20:14:00,55.0,56,0.031004913,1.256,0.0132743167424242,0.538,209.2,far,precursor_parada,21.7526,1.0416,20.8805,17.683,0.1453,20.711,0.0,False
B-4703.24001B,mult,2022-04-05 09:18:00,2022-04-05 09:59:00,41.0,42,0.029836895,1.208,0.0124297027826923,0.503,208.61,far,mudanca_regime,8.89,23.4482,14.4129,4.8447,0.1453,14.5582,0.0,False
B-4703.24001B,mult,2022-04-05 15:15:00,2022-04-05 16:04:00,49.0,50,0.030769309,1.246,0.0176718404499999,0.716,208.36,far,precursor_parada,19.1122,1.3081,9.3744,10.5129,0.1453,17.8042,0.0,False
B-4703.24001B,mult,2022-04-05 16:55:00,2022-04-05 18:27:00,92.0,93,0.03266525,1.323,0.0182408780601941,0.739,208.3,far,precursor_parada,17.7315,1.0658,16.8594,10.6583,0.1453,16.6657,0.0,False
B-4703.24001B,mult,2022-04-15 22:52:00,2022-04-16 02:08:00,196.0,197,0.08185898,3.315,0.0394791486666666,1.599,198.05,far,sustentado_sem_causa,0.9205,0.9689,37.4008,37.4493,0.1453,0.0484,0.0,False
B-4703.24001B,mult,2022-04-16 02:10:00,2022-04-16 02:55:00,45.0,46,0.008627427,0.349,0.0057805777160714,0.234,197.91,far,sustentado_sem_causa,0.9205,0.9689,0.3876,1.6956,0.1453,0.0484,0.0,False
B-4703.24001B,mult,2022-04-16 14:16:00,2022-04-16 17:35:00,199.0,200,0.047651708,1.93,0.0174638226409523,0.707,197.41,far,sustentado_sem_causa,1.0174,1.0174,18.0222,17.9253,0.1453,0.0,0.0,False
B-4703.24001B,mult,2022-04-16 18:17:00,2022-04-16 20:59:00,162.0,163,0.07352226,2.978,0.0247650581566474,1.003,197.24,far,sustentado_sem_causa,1.0174,0.9205,31.9264,28.2929,0.1453,0.0969,0.0,False
B-4703.24001B,mult,2022-05-04 15:42:00,2022-05-04 15:42:00,0.0,1,0.06905804,2.797,0.0292428743636363,1.184,179.35,far,mudanca_regime,0.0,0.9205,0.7267,26.5488,0.1453,0.9205,0.0,False
B-4703.24001B,mult,2022-05-04 15:49:00,2022-05-04 17:36:00,107.0,108,0.03570761,1.446,0.0141306997728813,0.572,179.34,far,mudanca_regime,0.0,0.9932,1.1143,1.0658,0.1453,0.9932,0.0,False
B-4703.24001B,mult,2022-05-05 11:01:00,2022-05-05 13:43:00,162.0,163,0.063409224,2.568,0.030356837017341,1.229,178.54,far,precursor_parada,0.872,1.4534,33.0891,27.8568,0.1453,0.5814,0.0,True
B-4703.24001B,mult,2022-05-05 15:06:00,2022-05-05 16:29:00,83.0,84,0.035595972,1.442,0.0145612884414893,0.59,178.37,far,glitch_sensor,29.3587,0.9689,28.5835,12.257,0.1453,28.3898,0.0,False
B-4703.24001B,mult,2022-05-06 09:49:00,2022-05-06 11:24:00,95.0,96,0.032694876,1.324,0.0167524332462264,0.678,177.59,far,precursor_parada,0.872,0.7267,0.5814,0.7267,0.1453,0.1453,0.0,True
B-4703.24001B,mult,2022-05-09 08:56:00,2022-05-09 08:59:00,3.0,4,0.044460543,1.801,0.0154893629285714,0.627,174.63,far,transiente_curto,0.8236,0.9205,0.2907,126.6396,0.1453,0.0969,0.0,True
B-4703.24001B,mult,2022-05-10 09:46:00,2022-05-10 10:53:00,67.0,68,0.059350476,2.404,0.021627243051282,0.876,173.59,far,glitch_sensor,0.7267,29.3587,29.504,102.2225,0.1453,28.632,0.0,False
B-4703.24001B,mult,2022-05-10 17:20:00,2022-05-10 17:21:00,1.0,2,0.038856708,1.574,0.0194880065,0.789,173.28,far,mudanca_regime,29.1165,0.9689,28.0991,21.4619,0.1453,28.1475,0.0,False
B-4703.24001B,mult,2022-05-12 10:38:00,2022-05-12 10:39:00,1.0,2,0.03207847,1.299,0.021682413875,0.878,171.56,far,mudanca_regime,1.1143,28.6804,28.3898,35.7537,0.1453,27.5662,0.0,False
B-4703.24001B,mult,2022-05-13 20:22:00,2022-05-13 21:21:00,59.0,60,0.032802902,1.329,0.01354567161,0.549,170.15,far,mudanca_regime,0.7267,29.3587,30.5214,28.0022,0.1453,28.632,0.0,False
B-4703.24001B,mult,2022-05-16 03:56:00,2022-05-16 04:06:00,10.0,11,0.03922087,1.588,0.0295729587619047,1.198,167.84,far,mudanca_regime,28.414,1.1627,14.8005,17.9737,0.1453,27.2513,0.0,True
B-4703.24001B,mult,2022-05-16 04:11:00,2022-05-16 05:48:00,97.0,98,0.044921663,1.819,0.0207446755046296,0.84,167.83,far,precursor_parada,28.2202,1.0658,27.2997,17.9737,0.1453,27.1544,0.0,True
B-4703.24001B,mult,2022-05-16 12:59:00,2022-05-16 14:44:00,105.0,106,0.04851284,1.965,0.0263287672801724,1.066,167.46,far,glitch_sensor,1.0658,19.088,19.0396,83.8128,0.1453,18.0222,0.0,True
B-4703.24001B,mult,2022-05-16 15:15:00,2022-05-16 16:22:00,67.0,68,0.06374902,2.582,0.0312815413948717,1.267,167.36,far,glitch_sensor,16.5203,1.3565,4.554,18.8458,0.1453,15.1638,0.0,True
B-4703.24001B,mult,2022-05-16 16:51:00,2022-05-16 17:06:00,15.0,16,0.01557233,0.631,0.0138437728653846,0.561,167.3,far,glitch_sensor,19.088,18.5793,18.0706,18.7973,0.1453,0.5087,0.0,False
B-4703.24001B,mult,2022-05-17 16:24:00,2022-05-17 17:27:00,63.0,64,0.03214117,1.302,0.013231462104054,0.536,166.32,far,precursor_parada,20.0085,21.3408,1.405,19.2333,0.1453,1.3323,0.0,True
B-4703.24001B,mult,2022-05-17 23:38:00,2022-05-18 00:32:00,54.0,55,0.03688584,1.494,0.0144906230538461,0.587,166.02,far,glitch_sensor,1.0658,20.2507,19.6209,17.683,0.1453,19.1849,0.0,True
B-4703.24001B,mult,2022-05-18 15:09:00,2022-05-18 16:51:00,102.0,103,0.03294362,1.334,0.018349745599115,0.743,165.37,far,mudanca_regime,1.0658,22.3824,24.2233,13.3228,0.1453,21.3165,0.0,False
B-4703.24001B,mult,2022-05-19 21:18:00,2022-05-19 22:15:00,57.0,58,0.036987565,1.498,0.0141361791985294,0.573,164.11,far,mudanca_regime,1.3081,23.4966,24.9985,34.8332,0.1453,22.1886,0.0,False
B-4703.24001B,mult,2022-05-21 13:44:00,2022-05-21 14:43:00,59.0,60,0.031394117,1.272,0.0148699566285714,0.602,162.43,far,mudanca_regime,22.0432,21.1712,2.6161,21.4134,0.1453,0.872,0.0,False
B-4703.24001B,mult,2022-05-26 15:12:00,2022-05-26 16:57:00,105.0,106,0.056647692,2.294,0.0197503034137931,0.8,157.37,far,mudanca_regime,1.1143,21.7041,29.2618,25.483,0.1453,20.5898,0.0,False
B-4703.24001B,mult,2022-05-30 15:52:00,2022-05-30 16:25:00,33.0,34,0.028664205,1.161,0.0229355076477272,0.929,153.34,far,precursor_parada,1.1143,18.1191,17.5377,16.0843,0.1453,17.0048,0.0,True
B-4703.24001B,mult,2022-05-30 16:39:00,2022-05-30 18:28:00,109.0,110,0.03881409,1.572,0.0199639296075,0.809,153.31,far,mudanca_regime,15.1154,18.9911,4.4571,11.8694,0.1453,3.8757,0.0,False
B-4703.24001B,mult,2022-06-02 16:36:00,2022-06-02 17:04:00,28.0,29,0.043450247,1.76,0.0272405835128205,1.103,150.31,far,mudanca_regime,1.2596,19.524,18.0222,22.237,0.1453,18.2644,0.0,False
B-4703.24001B,mult,2022-06-02 17:06:00,2022-06-02 18:03:00,57.0,58,0.043450247,1.76,0.0162749970147058,0.659,150.29,far,mudanca_regime,1.3565,20.2023,18.8458,22.237,0.1453,18.8458,0.0,False
B-4703.24001B,mult,2022-06-25 00:02:00,2022-06-25 01:28:00,86.0,87,0.044060364,1.785,0.0173575383041237,0.703,128.0,far,glitch_sensor,1.0658,20.6867,20.8321,38.8058,0.1453,19.6209,0.0,False
B-4703.24001B,mult,2022-06-30 13:38:00,2022-06-30 14:33:00,55.0,56,0.027795514,1.126,0.0100494983818181,0.407,122.43,far,precursor_parada,21.365,1.2354,20.3476,20.8805,0.1453,20.1296,0.0,False
B-4703.24001B,mult,2022-07-06 13:51:00,2022-07-06 14:38:00,47.0,48,0.03458225,1.401,0.0207850377586206,0.842,116.42,far,precursor_parada,1.1627,21.9463,27.9537,27.9053,0.1453,20.7836,0.0,True
B-4703.24001B,mult,2022-07-06 14:52:00,2022-07-06 16:36:00,104.0,105,0.049251046,1.995,0.0220479762017391,0.893,116.38,far,mudanca_regime,1.1627,21.9463,22.6246,27.9053,0.1453,20.7836,0.0,False
B-4703.24001B,mult,2022-07-11 09:19:00,2022-07-11 11:04:00,105.0,106,0.033802476,1.369,0.0138874149974137,0.562,111.61,far,sustentado_sem_causa,1.1143,1.1143,0.1938,17.1017,0.1453,0.0,0.0,False
B-4703.24001B,mult,2022-07-12 15:48:00,2022-07-12 15:48:00,0.0,1,0.033553667,1.359,0.021067284,0.853,110.34,far,mudanca_regime,21.5588,22.4066,1.1627,6.2012,0.1453,0.8478,0.0,False
B-4703.24001B,mult,2022-07-17 08:47:00,2022-07-17 10:35:00,108.0,109,0.0424454,1.719,0.0196885484924369,0.797,105.63,far,mudanca_regime,21.801,20.0569,2.5192,18.7489,0.1453,1.7441,0.0,False
B-4703.24001B,mult,2022-07-22 15:24:00,2022-07-22 18:34:00,190.0,191,0.03710929,1.503,0.0188313174054726,0.763,100.36,far,mudanca_regime,1.1143,21.2681,22.237,23.9811,0.1453,20.1538,0.0,False
B-4703.24001B,mult,2022-07-24 14:12:00,2022-07-24 21:17:00,425.0,426,0.06569177,2.661,0.0359455518830275,1.456,98.41,far,sustentado_sem_causa,1.0658,1.1143,5.7652,5.7652,0.1453,0.0484,0.0,False
B-4703.24001B,mult,2022-07-25 00:33:00,2022-07-25 02:20:00,107.0,108,0.035271723,1.429,0.0173264792347457,0.702,97.98,far,mudanca_regime,1.1143,22.6004,27.5177,58.1845,0.1453,21.4861,0.0,False
B-4703.24001B,mult,2022-08-01 12:44:00,2022-08-01 13:40:00,56.0,57,0.03986277,1.614,0.0137420027731343,0.557,90.47,far,mudanca_regime,1.2596,23.3029,23.4482,50.433,0.1453,22.0432,0.0,False
B-4703.24001B,mult,2022-08-03 10:35:00,2022-08-03 12:24:00,109.0,110,0.046641875,1.889,0.0163255049316666,0.661,88.56,far,sustentado_sem_causa,1.1627,1.1627,0.1453,0.2422,0.1453,0.0,0.0,False
B-4703.24001B,mult,2022-08-05 04:06:00,2022-08-05 05:51:00,105.0,106,0.03617579,1.465,0.0184716632663793,0.748,86.83,far,glitch_sensor,1.1385,22.4308,25.3134,15.3092,0.1453,21.2923,0.0,False
B-4703.24001B,mult,2022-08-06 11:55:00,2022-08-06 13:47:00,112.0,113,0.043853562,1.776,0.023402030807317,0.948,85.5,far,mudanca_regime,1.1143,22.6246,23.0606,10.416,0.1453,21.5103,0.0,False
B-4703.24001B,mult,2022-08-09 10:31:00,2022-08-09 12:01:00,90.0,91,0.031483546,1.275,0.0166278179247524,0.673,82.56,far,mudanca_regime,22.1159,21.2197,2.6888,21.7041,0.1453,0.8963,0.0,False
B-4703.24001B,mult,2022-08-21 11:43:00,2022-08-21 12:41:00,58.0,59,0.03796364,1.538,0.0091451980884057,0.37,70.51,far,sustentado_sem_causa,1.0174,1.0174,0.0969,0.1453,0.1453,0.0,0.0,False
B-4703.24001B,mult,2022-08-24 13:34:00,2022-08-24 15:22:00,108.0,109,0.035302646,1.43,0.0170310150596638,0.69,67.43,far,precursor_parada,0.0,0.8236,0.0,0.0,0.1453,0.8236,0.0,True
B-4703.24001B,mult,2022-08-24 16:03:00,2022-08-24 17:21:00,78.0,79,0.07625653,3.088,0.0276068981696629,1.118,67.33,far,precursor_parada,0.0,0.7751,17.4892,32.3139,0.1453,0.7751,0.0,True
B-4703.24001B,mult,2022-08-30 11:40:00,2022-08-30 13:33:00,113.0,114,0.048536796,1.966,0.0212670827177419,0.861,61.51,far,glitch_sensor,0.6298,22.4793,22.4793,20.929,0.1453,21.8495,0.0,False
B-4703.24001B,mult,2022-08-31 08:51:00,2022-08-31 10:10:00,79.0,80,0.038053647,1.541,0.0192895565888888,0.781,60.63,far,glitch_sensor,22.1401,22.6246,1.0658,42.3909,0.1453,0.4845,0.0,False
B-4703.24001B,mult,2022-09-07 09:14:00,2022-09-07 10:32:00,78.0,79,0.06581279,2.666,0.024534778630337,0.994,53.62,far,glitch_sensor,0.6298,23.1817,23.5935,24.078,0.1453,22.5519,0.0,False
B-4703.24001B,mult,2022-09-11 08:44:00,2022-09-11 09:40:00,56.0,57,0.03308842,1.34,0.0106262868761194,0.43,49.64,far,mudanca_regime,0.8963,22.4308,23.3271,29.4556,0.1453,21.5346,0.0,False
B-4703.24001B,mult,2022-09-20 12:52:00,2022-09-20 15:22:00,150.0,151,0.08142567,3.298,0.0240657689298136,0.975,40.46,far,mudanca_regime,0.7994,24.3202,85.3873,85.4115,0.1453,23.5209,0.0,False
B-4703.24001B,mult,2022-09-28 14:45:00,2022-09-28 15:16:00,31.0,32,0.028286777,1.146,0.0200227206904761,0.811,32.39,far,sustentado_sem_causa,23.9569,23.9811,12.2328,6.1527,0.1453,0.0242,0.0,False
B-4703.24001B,mult,2022-09-30 14:55:00,2022-09-30 15:55:00,60.0,61,0.03274693,1.326,0.0150288579267605,0.609,30.38,far,glitch_sensor,22.988,22.4066,1.7199,22.7699,0.1453,0.5814,0.0,True
B-4703.24001B,mult,2022-09-30 17:09:00,2022-09-30 18:37:00,88.0,89,0.03301044,1.337,0.0182031949484848,0.737,30.29,far,mudanca_regime,22.1886,22.9637,2.1317,21.2681,0.1453,0.7752,0.0,False
B-4703.24001B,mult,2022-10-05 16:29:00,2022-10-05 16:30:00,1.0,2,0.028612662,1.159,0.0198812539583333,0.805,25.31,far,mudanca_regime,23.0606,0.7751,22.2855,23.2544,0.1453,22.2855,0.0,True
B-4703.24001B,mult,2022-10-26 15:51:00,2022-10-26 16:11:00,20.0,21,0.043572776,1.765,0.0280084743225806,1.134,4.34,near_10d,transiente_curto,0.8236,0.4845,24.6109,19.96,0.1453,0.3391,0.0,True
B-5501B,mult,2022-01-23 17:20:00,2022-01-23 18:45:00,85.0,18,0.10338958,2.134,0.0480696886,0.992,280.28,far,glitch_sensor,30.85,65.8,33.95,11.65,1.0,34.95,0.0,False
B-5501B,mult,2022-01-25 07:55:00,2022-01-25 09:15:00,80.0,17,0.08292107,1.711,0.043293532368421,0.893,278.67,far,glitch_sensor,22.8,63.15,40.35,12.45,1.0,40.35,0.0,False
B-5501B,mult,2022-02-01 10:15:00,2022-02-01 11:30:00,75.0,16,0.07716053,1.592,0.0398601658888888,0.823,271.57,far,glitch_sensor,24.475,63.65,38.15,12.725,1.0,39.175,0.0,True
B-5501B,mult,2022-02-05 02:40:00,2022-02-05 04:05:00,85.0,18,0.08769513,1.81,0.041735027,0.861,267.89,far,precursor_parada,27.425,64.5,37.075,10.475,1.0,37.075,0.0,True
B-5501B,mult,2022-02-07 22:00:00,2022-02-07 22:55:00,55.0,12,0.057614584,1.189,0.0292042190357142,0.603,265.08,far,mudanca_regime,23.45,63.05,38.6,12.35,1.0,39.6,0.0,False
B-5501B,mult,2022-02-08 03:05:00,2022-02-08 03:20:00,15.0,4,0.049657542,1.025,0.0351577848333333,0.726,264.87,far,mudanca_regime,63.05,32.825,23.15,4.125,1.0,30.225,0.0,True
B-5501B,mult,2022-02-21 14:45:00,2022-02-21 16:15:00,90.0,19,0.11116082,2.294,0.0587883591904761,1.213,251.39,far,precursor_parada,25.2,30.35,16.55,14.225,1.0,5.15,0.0,True
B-5501B,mult,2022-02-25 23:15:00,2022-02-25 23:35:00,20.0,5,0.051388115,1.061,0.037035056,0.764,247.03,far,glitch_sensor,25.475,62.2,36.725,9.6,1.0,36.725,0.0,True
B-5501B,mult,2022-02-28 05:15:00,2022-02-28 05:35:00,20.0,5,0.04926203,1.017,0.0380616802857142,0.785,244.78,far,mudanca_regime,25.95,63.05,36.1,10.175,1.0,37.1,0.0,False
B-5501B,mult,2022-03-05 08:05:00,2022-03-05 09:20:00,75.0,16,0.07772518,1.604,0.0363945596666666,0.751,239.66,far,mudanca_regime,20.875,64.7375,42.325,10.0,1.0,43.8625,0.0,False
B-5501B,mult,2022-03-10 08:05:00,2022-03-10 09:30:00,85.0,18,0.0907165,1.872,0.04096152865,0.845,234.66,far,mudanca_regime,25.1,64.75,38.65,11.4,1.0,39.65,0.0,False
B-5501B,mult,2022-03-11 07:50:00,2022-03-11 08:45:00,55.0,12,0.063965045,1.32,0.0424693737142857,0.876,233.67,far,mudanca_regime,24.8,64.775,37.925,8.85,1.0,39.975,0.0,False
B-5501B,mult,2022-03-14 23:45:00,2022-03-15 01:10:00,85.0,18,0.08657509,1.787,0.0470901458,0.972,230.01,far,glitch_sensor,23.925,62.75,38.825,15.225,1.0,38.825,0.0,False
B-5501B,mult,2022-03-15 13:10:00,2022-03-15 14:35:00,85.0,18,0.09566977,1.974,0.0433428143,0.894,229.45,far,glitch_sensor,27.8,65.8,37.0,10.575,1.0,38.0,0.0,False
B-5501B,mult,2022-03-16 08:25:00,2022-03-16 09:50:00,85.0,18,0.0849394,1.753,0.0466973586,0.964,228.65,far,mudanca_regime,23.45,64.1,39.575,15.425,1.0,40.65,0.0,False
B-5501B,mult,2022-03-17 05:50:00,2022-03-17 07:00:00,70.0,15,0.067973085,1.403,0.0371502922352941,0.767,227.76,far,glitch_sensor,24.65,63.3,37.65,13.0,1.0,38.65,0.0,False
B-5501B,mult,2022-03-17 12:20:00,2022-03-17 13:45:00,85.0,18,0.080455504,1.66,0.04207086095,0.868,227.49,far,precursor_parada,36.925,65.9,28.975,11.075,1.0,28.975,0.0,True
B-5501B,mult,2022-03-18 06:40:00,2022-03-18 07:55:00,75.0,16,0.06424556,1.326,0.0365353877777777,0.754,226.72,far,glitch_sensor,24.8,64.9,39.075,11.05,1.0,40.1,0.0,False
B-5501B,mult,2022-03-19 04:55:00,2022-03-19 06:20:00,85.0,18,0.09830585,2.029,0.04604738,0.95,225.8,far,mudanca_regime,25.55,63.0,37.45,12.325,1.0,37.45,0.0,False
B-5501B,mult,2022-03-19 09:15:00,2022-03-19 10:30:00,75.0,16,0.1077441,2.224,0.0490945854888888,1.013,225.61,far,sustentado_sem_causa,63.0,66.0,2.0,1.05,1.0,3.0,0.0,False
B-5501B,mult,2022-03-19 18:55:00,2022-03-19 20:15:00,80.0,17,0.11208131,2.313,0.044783486,0.924,225.21,far,sustentado_sem_causa,67.0,65.0,4.075,3.15,1.0,2.0,0.0,False
B-5501B,mult,2022-03-21 13:00:00,2022-03-21 14:20:00,80.0,17,0.08795506,1.815,0.044950177,0.928,223.46,far,glitch_sensor,23.975,66.9,41.925,13.0,1.0,42.925,0.0,False
B-5501B,mult,2022-03-23 08:20:00,2022-03-23 09:35:00,75.0,16,0.0800484,1.652,0.0371548668888888,0.767,221.65,far,mudanca_regime,21.75,63.9,41.15,10.375,1.0,42.15,0.0,False
B-5501B,mult,2022-03-24 10:50:00,2022-03-24 11:45:00,55.0,12,0.056839485,1.173,0.0375923276428571,0.776,220.55,far,glitch_sensor,22.9,65.525,40.575,10.15,1.0,42.625,0.0,True
B-5501B,mult,2022-03-26 02:05:00,2022-03-26 02:55:00,50.0,11,0.072284125,1.492,0.0419106389230769,0.865,218.91,far,mudanca_regime,26.45,62.8,35.35,9.075,1.0,36.35,0.0,False
B-5501B,mult,2022-03-27 23:30:00,2022-03-28 00:55:00,85.0,18,0.07948509,1.64,0.0388183061,0.801,217.02,far,mudanca_regime,25.8,64.0,37.2,13.175,1.0,38.2,0.0,False
B-5501B,mult,2022-03-31 04:10:00,2022-03-31 05:30:00,80.0,17,0.07315027,1.51,0.0390181862105263,0.805,213.83,far,precursor_parada,25.875,63.8,36.925,12.375,1.0,37.925,0.0,True
B-5501B,mult,2022-04-01 13:10:00,2022-04-01 14:35:00,85.0,18,0.098625176,2.035,0.0419281602,0.865,212.45,far,glitch_sensor,21.475,67.05,44.575,12.025,1.0,45.575,0.0,True
B-5501B,mult,2022-04-01 21:20:00,2022-04-01 22:45:00,85.0,18,0.10758275,2.22,0.0441724897999999,0.912,212.11,far,mudanca_regime,33.025,64.4,31.375,9.6,1.0,31.375,0.0,False
B-5501B,mult,2022-04-02 16:35:00,2022-04-02 18:10:00,95.0,20,0.11432978,2.359,0.0546756937727272,1.128,211.31,far,sustentado_sem_causa,31.25,30.35,17.6,9.525,1.0,0.9,0.0,False
B-5501B,mult,2022-04-06 10:05:00,2022-04-06 10:35:00,30.0,7,0.049244624,1.016,0.0268593097777777,0.554,207.58,far,sustentado_sem_causa,28.5,30.825,2.325,4.325,1.0,2.325,0.0,False
B-5501B,mult,2022-04-11 13:45:00,2022-04-11 15:05:00,80.0,17,0.08164078,1.685,0.0438440335789473,0.905,202.43,far,precursor_parada,26.8,67.8,40.0,12.125,1.0,41.0,0.0,True
B-5501B,mult,2022-04-12 21:50:00,2022-04-12 22:35:00,45.0,10,0.05423375,1.119,0.0313285139166666,0.647,201.09,far,mudanca_regime,24.9,63.65,37.75,12.9,1.0,38.75,0.0,False
B-5501B,mult,2022-04-19 13:00:00,2022-04-19 14:05:00,65.0,14,0.06102498,1.259,0.03939053075,0.813,194.46,far,mudanca_regime,25.5375,66.3,38.7125,11.45,1.0,40.7625,0.0,False
B-5501B,mult,2022-04-20 22:30:00,2022-04-20 23:50:00,80.0,17,0.06993446,1.443,0.0376989189736842,0.778,193.06,far,glitch_sensor,27.3,64.3,35.975,10.6,1.0,37.0,0.0,False
B-5501B,mult,2022-04-23 12:15:00,2022-04-23 13:40:00,85.0,18,0.095424674,1.969,0.04861998225,1.003,190.49,far,glitch_sensor,24.95,66.85,40.9,14.0,1.0,41.9,0.0,False
B-5501B,mult,2022-04-24 01:35:00,2022-04-24 02:50:00,75.0,16,0.089722395,1.852,0.0527454381666666,1.089,189.93,far,precursor_parada,52.45,35.8,9.25,5.55,1.0,16.65,0.0,True
B-5501B,mult,2022-04-26 04:25:00,2022-04-26 05:05:00,40.0,9,0.06663533,1.375,0.0473208616363636,0.977,187.82,far,glitch_sensor,24.625,39.35,35.975,11.025,1.0,14.725,0.0,True
B-5501B,mult,2022-04-26 21:20:00,2022-04-26 22:45:00,85.0,18,0.10167783,2.098,0.047547411525,0.981,187.11,far,mudanca_regime,27.3,64.9,37.525,12.05,1.0,37.6,0.0,False
B-5501B,mult,2022-04-28 23:50:00,2022-04-29 01:15:00,85.0,18,0.08339489,1.721,0.0401192711,0.828,185.01,far,glitch_sensor,26.275,57.1625,36.975,9.975,1.0,30.8875,0.0,False
B-5501B,mult,2022-04-29 06:35:00,2022-04-29 08:00:00,85.0,18,0.08488813,1.752,0.044221550425,0.913,184.73,far,mudanca_regime,29.8,63.85,33.0,13.475,1.0,34.05,0.0,False
B-5501B,mult,2022-04-30 08:40:00,2022-04-30 09:35:00,55.0,12,0.069229014,1.429,0.0332380808571428,0.686,183.64,far,mudanca_regime,23.7,64.1,39.3,11.4,1.0,40.4,0.0,False
B-5501B,mult,2022-05-02 01:10:00,2022-05-02 02:15:00,65.0,14,0.06594701,1.361,0.03560935675,0.735,181.95,far,glitch_sensor,25.925,63.225,37.3,11.7,1.0,37.3,0.0,False
B-5501B,mult,2022-05-03 05:30:00,2022-05-03 06:55:00,85.0,18,0.08083454,1.668,0.041332181375,0.853,180.77,far,mudanca_regime,24.1,62.9,38.05,10.7,1.0,38.8,0.0,False
B-5501B,mult,2022-05-03 21:35:00,2022-05-03 23:00:00,85.0,18,0.079564855,1.642,0.0380080291,0.784,180.1,far,glitch_sensor,31.8,64.75,31.95,10.95,1.0,32.95,0.0,False
B-5501B,mult,2022-05-04 22:10:00,2022-05-04 23:35:00,85.0,18,0.09638798,1.989,0.04861717115,1.003,179.08,far,mudanca_regime,23.775,62.6,37.775,13.475,1.0,38.825,0.0,False
B-5501B,mult,2022-05-07 06:00:00,2022-05-07 07:25:00,85.0,18,0.06832435,1.41,0.03830816315,0.791,176.75,far,mudanca_regime,19.825,63.0,41.025,11.2,1.0,43.175,0.0,False
B-5501B,mult,2022-05-07 18:35:00,2022-05-07 20:00:00,85.0,18,0.09933072,2.05,0.04425970035,0.913,176.23,far,precursor_parada,33.7625,41.9125,31.7625,7.825,1.0,8.15,0.0,True
B-5501B,mult,2022-05-08 12:25:00,2022-05-08 13:20:00,55.0,12,0.05896802,1.217,0.0403011285714285,0.832,175.48,far,mudanca_regime,23.1,64.6,40.425,10.125,1.0,41.5,0.0,False
B-5501B,mult,2022-05-09 03:35:00,2022-05-09 04:00:00,25.0,6,0.057247013,1.181,0.03835895125,0.792,174.85,far,mudanca_regime,25.35,63.375,36.05,8.975,1.0,38.025,0.0,False
B-5501B,mult,2022-05-10 04:25:00,2022-05-10 05:50:00,85.0,18,0.084311344,1.74,0.0400278635499999,0.826,173.82,far,mudanca_regime,24.475,63.1,37.625,14.225,1.0,38.625,0.0,False
B-5501B,mult,2022-05-14 12:40:00,2022-05-14 13:40:00,60.0,13,0.08998432,1.857,0.0443271938666666,0.915,169.47,far,mudanca_regime,22.8,66.5,41.7,10.075,1.0,43.7,0.0,False
B-5501B,mult,2022-05-16 22:15:00,2022-05-16 23:40:00,85.0,18,0.09314791,1.922,0.0479673515,0.99,167.07,far,precursor_parada,22.6,61.45,38.85,12.6,1.0,38.85,0.0,True
B-5501B,mult,2022-05-17 12:55:00,2022-05-17 14:20:00,85.0,18,0.10062829,2.077,0.049834399125,1.028,166.46,far,precursor_parada,19.2,61.9,42.7,13.125,1.0,42.7,0.0,True
B-5501B,mult,2022-05-18 14:35:00,2022-05-18 16:15:00,100.0,21,0.11107877,2.292,0.0593544700434782,1.225,165.39,far,precursor_parada,15.825,25.85,39.175,12.425,1.0,10.025,0.0,True
B-5501B,mult,2022-05-20 07:10:00,2022-05-20 08:40:00,90.0,19,0.11744117,2.424,0.0574248904285714,1.185,163.7,far,mudanca_regime,11.15,59.6,47.4,15.3,1.0,48.45,0.0,False
B-5501B,mult,2022-05-22 16:05:00,2022-05-22 17:20:00,75.0,16,0.079368256,1.638,0.0421932362777777,0.871,161.33,far,precursor_parada,22.85,63.7,40.85,14.05,1.0,40.85,0.0,True
B-5501B,mult,2022-05-23 23:25:00,2022-05-24 00:50:00,85.0,18,0.11198506,2.311,0.0512121592,1.057,160.02,far,precursor_parada,22.95,41.55,38.3,14.275,1.0,18.6,0.0,True
B-5501B,mult,2022-05-24 04:10:00,2022-05-24 05:20:00,70.0,15,0.08744671,1.805,0.0420578707058823,0.868,159.83,far,glitch_sensor,31.85,60.35,28.5,8.4,1.0,28.5,0.0,False
B-5501B,mult,2022-05-24 10:30:00,2022-05-24 11:50:00,80.0,17,0.11607808,2.396,0.0572941365263157,1.182,159.56,far,precursor_parada,61.35,58.0,6.05,18.95,1.0,3.35,0.0,True
B-5501B,mult,2022-05-24 21:30:00,2022-05-24 22:20:00,50.0,11,0.07642235,1.577,0.0451900018461538,0.933,159.1,far,mudanca_regime,30.95,57.475,26.5,7.075,1.0,26.525,0.0,False
B-5501B,mult,2022-05-26 21:40:00,2022-05-26 22:35:00,55.0,12,0.0621234,1.282,0.0351183635,0.725,157.1,far,precursor_parada,24.775,56.85,32.075,9.0,1.0,32.075,0.0,True
B-5501B,mult,2022-05-27 04:50:00,2022-05-27 05:55:00,65.0,14,0.058486596,1.207,0.0348182049999999,0.719,156.8,far,mudanca_regime,42.7,55.55,12.85,4.4,1.0,12.85,0.0,False
B-5501B,mult,2022-05-27 21:25:00,2022-05-27 22:50:00,85.0,18,0.14050247,2.9,0.050266377475,1.037,156.11,far,mudanca_regime,28.5125,57.325,28.8125,5.8,1.0,28.8125,0.0,False
B-5501B,mult,2022-05-31 22:00:00,2022-05-31 22:40:00,40.0,9,0.051665742,1.066,0.0372114628181818,0.768,152.08,far,precursor_parada,25.975,44.025,31.425,7.625,1.0,18.05,0.0,True
B-5501B,mult,2022-06-01 00:45:00,2022-06-01 02:05:00,80.0,17,0.082929604,1.711,0.0409048806315789,0.844,151.97,far,precursor_parada,44.025,56.425,14.425,6.35,1.0,12.4,0.0,True
B-5501B,mult,2022-06-04 07:45:00,2022-06-04 09:00:00,75.0,16,0.07663224,1.581,0.0422208718888888,0.871,148.68,far,mudanca_regime,19.45,59.2,37.725,9.75,1.0,39.75,0.0,False
B-5501B,mult,2022-06-05 10:25:00,2022-06-05 11:20:00,55.0,12,0.055539627,1.146,0.0315714870714285,0.652,147.57,far,mudanca_regime,21.325,60.65,37.325,8.9,1.0,39.325,0.0,False
B-5501B,mult,2022-06-12 13:00:00,2022-06-12 14:10:00,70.0,15,0.09052936,1.868,0.044474444,0.918,140.46,far,glitch_sensor,15.7,58.35,41.65,9.05,1.0,42.65,0.0,False
B-5501B,mult,2022-06-13 02:25:00,2022-06-13 03:40:00,75.0,16,0.09175537,1.894,0.0438502595555555,0.905,139.9,far,precursor_parada,23.5,53.75,30.25,8.925,1.0,30.25,0.0,True
B-5501B,mult,2022-06-16 20:05:00,2022-06-16 21:10:00,65.0,14,0.05792834,1.195,0.0319503963125,0.659,136.16,far,glitch_sensor,25.925,58.75,32.825,8.5,1.0,32.825,0.0,False
B-5501B,mult,2022-06-18 01:10:00,2022-06-18 02:10:00,60.0,13,0.056954388,1.175,0.0332555060666666,0.686,134.95,far,precursor_parada,24.05,56.425,32.375,9.15,1.0,32.375,0.0,True
B-5501B,mult,2022-06-18 18:40:00,2022-06-18 20:00:00,80.0,17,0.068437144,1.412,0.0426419511578947,0.88,134.22,far,mudanca_regime,20.55,56.9,36.35,10.1,1.0,36.35,0.0,False
B-5501B,mult,2022-06-21 06:45:00,2022-06-21 07:05:00,20.0,5,0.051041815,1.053,0.0294764102857142,0.608,131.72,far,mudanca_regime,20.925,55.4,33.475,8.75,1.0,34.475,0.0,False
B-5501B,mult,2022-06-22 09:15:00,2022-06-22 10:55:00,100.0,21,0.0916681,1.892,0.0509858136521739,1.052,130.61,far,precursor_parada,18.6,28.9625,32.425,11.25,1.0,10.3625,0.0,True
B-5501B,mult,2022-06-22 23:05:00,2022-06-22 23:15:00,10.0,3,0.055032205,1.136,0.0362448011999999,0.748,130.04,far,mudanca_regime,24.425,57.3,31.875,8.35,1.0,32.875,0.0,False
B-5501B,mult,2022-06-24 12:35:00,2022-06-24 13:45:00,70.0,15,0.06692583,1.381,0.0391257602941176,0.807,128.48,far,precursor_parada,21.3,29.325,18.15,8.875,1.0,8.025,0.0,True
B-5501B,mult,2022-06-28 22:35:00,2022-06-28 23:35:00,60.0,13,0.0637369,1.315,0.0418888022666666,0.864,124.06,far,mudanca_regime,21.925,56.45,33.525,8.775,1.0,34.525,0.0,False
B-5501B,mult,2022-07-05 03:05:00,2022-07-05 04:05:00,60.0,13,0.06189959,1.277,0.0324345828666666,0.669,117.87,far,precursor_parada,20.9,55.0,33.1,8.15,1.0,34.1,0.0,True
B-5501B,mult,2022-07-05 10:50:00,2022-07-05 11:45:00,55.0,12,0.05862836,1.21,0.0365726427142857,0.755,117.55,far,mudanca_regime,23.1,58.95,34.85,7.625,1.0,35.85,0.0,False
B-5501B,mult,2022-07-05 23:30:00,2022-07-06 00:45:00,75.0,16,0.08319271,1.717,0.0412958598888888,0.852,117.02,far,mudanca_regime,46.025,57.4,11.375,5.5,1.0,11.375,0.0,False
B-5501B,mult,2022-07-06 23:20:00,2022-07-06 23:35:00,15.0,4,0.057457317,1.186,0.0467233608333333,0.964,116.03,far,mudanca_regime,23.25,38.275,31.15,7.4,1.0,15.025,0.0,True
B-5501B,mult,2022-07-07 02:55:00,2022-07-07 04:10:00,75.0,16,0.057740692,1.192,0.0352449643333333,0.727,115.88,far,precursor_parada,31.7,56.7,25.0,7.925,1.0,25.0,0.0,True
B-5501B,mult,2022-07-08 17:40:00,2022-07-08 18:50:00,70.0,15,0.061793398,1.275,0.0398668765294117,0.823,114.26,far,precursor_parada,24.2,59.725,34.525,8.9,1.0,35.525,0.0,True
B-5501B,mult,2022-07-08 23:00:00,2022-07-09 00:15:00,75.0,16,0.07804231,1.611,0.0405434188888889,0.837,114.04,far,mudanca_regime,49.1125,57.35,8.2375,4.3,1.0,8.2375,0.0,False
B-5501B,mult,2022-07-13 12:10:00,2022-07-13 13:30:00,80.0,17,0.0608609,1.256,0.0375573419473684,0.775,109.49,far,glitch_sensor,21.1,61.35,39.25,8.2,1.0,40.25,0.0,False
B-5501B,mult,2022-07-16 01:45:00,2022-07-16 03:00:00,75.0,16,0.07509299,1.55,0.0368437463333333,0.76,106.93,far,mudanca_regime,22.9,57.45,33.55,9.075,1.0,34.55,0.0,False
B-5501B,mult,2022-07-21 08:45:00,2022-07-21 09:40:00,55.0,12,0.0645299,1.332,0.037074798,0.765,101.64,far,mudanca_regime,19.85,57.725,37.0,10.25,1.0,37.875,0.0,False
B-5501B,mult,2022-07-22 21:40:00,2022-07-22 22:10:00,30.0,7,0.056768402,1.172,0.0351484092222222,0.725,100.1,far,mudanca_regime,25.075,58.3,32.175,9.025,1.0,33.225,0.0,False
B-5501B,mult,2022-07-24 10:45:00,2022-07-24 11:35:00,50.0,11,0.07047363,1.454,0.0396677573846153,0.819,98.55,far,mudanca_regime,28.4,60.275,29.825,7.875,1.0,31.875,0.0,False
B-5501B,mult,2022-07-25 18:30:00,2022-07-25 19:50:00,80.0,17,0.06921805,1.428,0.0382458714210526,0.789,97.23,far,glitch_sensor,25.4,59.5,34.1,8.75,1.0,34.1,0.0,False
B-5501B,mult,2022-07-26 16:45:00,2022-07-26 17:40:00,55.0,12,0.054653097,1.128,0.028896426,0.596,96.3,far,glitch_sensor,25.6,60.85,36.25,9.025,1.0,35.25,0.0,False
B-5501B,mult,2022-07-29 00:30:00,2022-07-29 00:50:00,20.0,5,0.06764309,1.396,0.0361492038571428,0.746,93.98,far,mudanca_regime,23.725,57.8,33.075,9.325,1.0,34.075,0.0,True
B-5501B,mult,2022-07-30 13:40:00,2022-07-30 14:35:00,55.0,12,0.06356748,1.312,0.0396976908571428,0.819,92.43,far,glitch_sensor,21.6,60.7,37.1,8.225,1.0,39.1,0.0,False
B-5501B,mult,2022-08-01 10:00:00,2022-08-01 11:10:00,70.0,15,0.07132519,1.472,0.0397478413529411,0.82,90.58,far,precursor_parada,19.8,59.55,38.625,9.85,1.0,39.75,0.0,True
B-5501B,mult,2022-08-01 13:45:00,2022-08-01 15:05:00,80.0,17,0.10335126,2.133,0.0471905170263157,0.974,90.43,far,sustentado_sem_causa,58.55,62.325,4.6,4.375,1.0,3.775,0.0,False
B-5501B,mult,2022-08-02 10:25:00,2022-08-02 11:00:00,35.0,8,0.0637844,1.316,0.0519235453999999,1.072,89.57,far,glitch_sensor,22.4,39.3,34.0,8.975,1.0,16.9,0.0,True
B-5501B,mult,2022-08-02 14:35:00,2022-08-02 15:30:00,55.0,12,0.07860788,1.622,0.041214477,0.851,89.39,far,precursor_parada,33.75,62.325,28.575,7.125,1.0,28.575,0.0,True
B-5501B,mult,2022-08-02 18:20:00,2022-08-02 19:35:00,75.0,16,0.09176428,1.894,0.0458737504444444,0.947,89.24,far,precursor_parada,62.325,48.125,4.975,3.3,1.0,14.2,0.0,True
B-5501B,mult,2022-08-03 01:35:00,2022-08-03 02:00:00,25.0,6,0.04854555,1.002,0.040755156,0.841,88.93,far,mudanca_regime,29.25,57.725,27.475,7.95,1.0,28.475,0.0,False
B-5501B,mult,2022-08-05 15:15:00,2022-08-05 16:55:00,100.0,21,0.38926268,8.033,0.179121045521739,3.697,86.36,far,precursor_parada,27.425,29.4,0.975,48.95,1.0,1.975,0.0,True
B-5501B,mult,2022-08-08 15:50:00,2022-08-08 16:55:00,65.0,14,0.06913585,1.427,0.0388443985625,0.802,83.34,far,mudanca_regime,23.425,59.8,35.375,7.975,1.0,36.375,0.0,False
B-5501B,mult,2022-08-09 10:20:00,2022-08-09 11:15:00,55.0,12,0.05981204,1.234,0.0354168679285714,0.731,82.57,far,mudanca_regime,22.225,60.0625,36.325,7.7,1.0,37.8375,0.0,False
B-5501B,mult,2022-08-09 23:55:00,2022-08-10 00:55:00,60.0,13,0.06445223,1.33,0.036174251,0.747,82.0,far,mudanca_regime,25.875,56.9,30.025,8.55,1.0,31.025,0.0,False
B-5501B,mult,2022-08-13 02:25:00,2022-08-13 03:40:00,75.0,16,0.08068214,1.665,0.0399222254999999,0.824,78.9,far,glitch_sensor,20.325,55.15,34.825,8.15,1.0,34.825,0.0,False
B-5501B,mult,2022-08-14 09:15:00,2022-08-14 10:15:00,60.0,13,0.057328682,1.183,0.0366022520666666,0.755,77.61,far,mudanca_regime,20.6,58.75,36.125,8.3,1.0,38.15,0.0,False
B-5501B,mult,2022-08-16 18:55:00,2022-08-16 19:55:00,60.0,13,0.06448889,1.331,0.038097789,0.786,75.21,far,precursor_parada,29.55,32.3,19.075,7.75,1.0,2.75,0.0,True
B-5501B,mult,2022-08-17 11:50:00,2022-08-17 12:50:00,60.0,13,0.056753766,1.171,0.0350584328,0.724,74.51,far,mudanca_regime,24.325,62.825,36.425,8.925,1.0,38.5,0.0,False
B-5501B,mult,2022-08-22 07:30:00,2022-08-22 08:50:00,80.0,17,0.08111837,1.674,0.0433107461578947,0.894,69.69,far,mudanca_regime,20.25,56.9,35.65,7.35,1.0,36.65,0.0,False
B-5501B,mult,2022-08-23 23:00:00,2022-08-24 00:05:00,65.0,14,0.06823265,1.408,0.0385402264375,0.795,68.04,far,precursor_parada,31.8,31.775,22.55,8.25,1.0,0.025,0.0,True
B-5501B,mult,2022-08-24 03:35:00,2022-08-24 05:05:00,90.0,19,0.07503953,1.549,0.046217585095238,0.954,67.85,far,precursor_parada,27.75,26.825,17.25,7.4,1.0,0.925,0.0,True
B-5501B,mult,2022-08-24 13:05:00,2022-08-24 14:05:00,60.0,13,0.05317102,1.097,0.0325408177333333,0.672,67.45,far,glitch_sensor,23.8,62.6,36.725,8.975,1.0,38.8,0.0,True
B-5501B,mult,2022-08-27 01:30:00,2022-08-27 01:50:00,20.0,5,0.06906188,1.425,0.0515430684285714,1.064,64.94,far,mudanca_regime,24.3625,38.1,29.4625,6.825,1.0,13.7375,0.0,False
B-5501B,mult,2022-08-27 02:00:00,2022-08-27 02:25:00,25.0,6,0.047486305,0.98,0.0419056359999999,0.865,64.92,far,mudanca_regime,24.3625,33.4375,27.3125,6.825,1.0,9.075,0.0,False
B-5501B,mult,2022-08-28 09:50:00,2022-08-28 11:05:00,75.0,16,0.0614107,1.267,0.0370412933888888,0.764,63.59,far,glitch_sensor,22.9,62.0,37.025,9.4,1.0,39.1,0.0,False
B-5501B,mult,2022-09-03 12:00:00,2022-09-03 12:55:00,55.0,12,0.06043831,1.247,0.0388079634285714,0.801,57.5,far,mudanca_regime,23.4625,63.65,36.9875,7.725,1.0,40.1875,0.0,False
B-5501B,mult,2022-09-07 10:10:00,2022-09-07 11:10:00,60.0,13,0.062059354,1.281,0.0328439531333333,0.678,53.58,far,glitch_sensor,20.025,59.7375,37.15,10.775,1.0,39.7125,0.0,False
B-5501B,mult,2022-09-08 12:20:00,2022-09-08 13:25:00,65.0,14,0.05622172,1.16,0.0330116443125,0.681,52.49,far,glitch_sensor,24.5,61.9,36.9,8.8,1.0,37.4,0.0,True
B-5501B,mult,2022-09-09 11:55:00,2022-09-09 12:20:00,25.0,6,0.051572844,1.064,0.0326810048125,0.674,51.5,far,mudanca_regime,25.525,64.8,35.175,8.55,1.0,39.275,0.0,False
B-5501B,mult,2022-09-10 12:45:00,2022-09-10 14:00:00,75.0,16,0.11052515,2.281,0.0568064367222222,1.172,50.47,far,precursor_parada,57.575,45.6375,7.225,4.15,1.0,11.9375,0.0,True
B-5501B,mult,2022-09-11 02:35:00,2022-09-11 03:35:00,60.0,13,0.068436675,1.412,0.0396510999333333,0.818,49.89,far,mudanca_regime,28.8,60.7,29.9,7.0,1.0,31.9,0.0,False
B-5501B,mult,2022-09-12 16:20:00,2022-09-12 16:45:00,25.0,6,0.054477572,1.124,0.03262783475,0.673,48.32,far,mudanca_regime,65.1,40.8,18.3,3.075,1.0,24.3,0.0,False
B-5501B,mult,2022-09-13 16:30:00,2022-09-13 17:55:00,85.0,18,0.079846255,1.648,0.039893113,0.823,47.31,far,mudanca_regime,32.125,64.15,31.025,6.075,1.0,32.025,0.0,False
B-5501B,mult,2022-09-19 21:55:00,2022-09-20 00:00:00,125.0,26,0.06727234,1.388,0.0405117282142857,0.836,41.09,far,sustentado_sem_causa,29.95,32.7,28.325,6.925,1.0,2.75,0.0,False
B-5501B,mult,2022-09-20 15:45:00,2022-09-20 18:50:00,185.0,38,0.15264288,3.15,0.070648684675,1.458,40.34,far,mudanca_regime,25.775,31.0,21.675,6.65,1.0,5.225,0.0,False
B-5501B,mult,2022-09-21 12:00:00,2022-09-21 12:45:00,45.0,10,0.059091717,1.219,0.0327798854166666,0.676,39.5,far,precursor_parada,24.05,51.025,37.8,8.9,1.0,26.975,0.0,True
B-5501B,mult,2022-09-21 16:25:00,2022-09-21 17:40:00,75.0,16,0.07960603,1.643,0.047890758,0.988,39.32,far,precursor_parada,39.825,54.8625,23.05,6.6,1.0,15.0375,0.0,True
B-5501B,mult,2022-09-21 18:10:00,2022-09-21 19:30:00,80.0,17,0.095843226,1.978,0.0560026191578947,1.156,39.24,far,precursor_parada,57.25,44.45,8.425,3.325,1.0,12.8,0.0,True
B-5501B,mult,2022-09-22 00:25:00,2022-09-22 01:20:00,55.0,12,0.063654445,1.314,0.0329754695714285,0.681,38.98,far,precursor_parada,34.1,44.6625,23.95,5.625,1.0,10.5625,0.0,True
B-5501B,mult,2022-09-22 02:05:00,2022-09-22 02:55:00,50.0,11,0.05765335,1.19,0.0326477699230769,0.674,38.91,far,precursor_parada,57.0125,32.5,17.9375,2.25,1.0,24.5125,0.0,True
B-5501B,mult,2022-11-05 02:50:00,2022-11-05 04:15:00,85.0,18,0.08283379,1.709,0.03881583695,0.801,5.12,near_10d,sustentado_sem_causa,58.2,57.3,9.825,3.375,1.0,0.9,0.0,False
B-5501B,mult,2022-11-08 12:00:00,2022-11-08 13:15:00,75.0,16,0.070361614,1.452,0.0375083503888888,0.774,8.5,near_10d,mudanca_regime,35.8875,60.05,23.1625,7.525,1.0,24.1625,0.0,False
B-5501B,mult,2022-11-09 19:55:00,2022-11-09 20:45:00,50.0,11,0.0579756,1.196,0.0350490153076923,0.723,9.83,near_10d,mudanca_regime,29.85,58.725,26.65,6.35,1.0,28.875,0.0,False
B-5501B,mult,2022-11-10 10:55:00,2022-11-10 11:45:00,50.0,11,0.05325256,1.099,0.0355465723076923,0.734,10.45,far,mudanca_regime,46.3625,36.75,6.6375,3.15,1.0,9.6125,0.0,False
B-5501B,mult,2022-11-15 12:30:00,2022-11-15 12:50:00,20.0,5,0.21992119,4.539,0.120477399,2.486,15.52,far,mudanca_regime,26.25,36.525,17.525,6.8,1.0,10.275,0.0,True
B-5501B,mult,2022-11-15 13:05:00,2022-11-15 14:25:00,80.0,17,0.18720408,3.863,0.0729910830526315,1.506,15.55,far,precursor_parada,26.8,32.5,15.95,6.8,1.0,5.7,0.0,True
B-5501B,mult,2022-11-20 06:20:00,2022-11-20 07:45:00,85.0,18,0.088619344,1.829,0.04472318005,0.923,20.26,far,glitch_sensor,19.675,56.65,36.225,10.55,1.0,36.975,0.0,False
B-5501B,mult,2022-11-21 06:10:00,2022-11-21 06:40:00,30.0,7,0.051159915,1.056,0.0360622203333333,0.744,21.26,far,glitch_sensor,23.85,57.35,32.45,9.25,1.0,33.5,0.0,True
B-5501B,mult,2022-11-27 21:35:00,2022-11-27 22:40:00,65.0,14,0.0724759,1.496,0.036482632375,0.753,27.9,far,mudanca_regime,30.275,57.35,27.075,6.95,1.0,27.075,0.0,False
B-5501B,mult,2022-11-29 20:15:00,2022-11-29 20:40:00,25.0,6,0.05683543,1.173,0.031016178125,0.64,29.84,far,mudanca_regime,25.075,57.25,31.175,7.525,1.0,32.175,0.0,False
B-5501B,mult,2022-11-30 01:55:00,2022-11-30 02:50:00,55.0,12,0.064311706,1.327,0.0387081550714285,0.799,30.08,far,mudanca_regime,57.25,31.3,18.275,3.1,1.0,25.95,0.0,False
B-5501B,mult,2022-12-05 00:55:00,2022-12-05 02:05:00,70.0,15,0.064706765,1.335,0.0365654600588235,0.755,35.04,far,mudanca_regime,23.7,56.45,32.75,6.925,1.0,32.75,0.0,False
B-5501B,mult,2022-12-25 09:45:00,2022-12-25 11:05:00,80.0,17,0.2662966,5.496,0.0988331631789473,2.04,55.41,far,glitch_sensor,0.0,28.025,27.075,25.85,1.0,28.025,0.0,True
B-5501B,mult,2022-12-25 13:20:00,2022-12-25 15:00:00,100.0,21,0.17714448,3.656,0.0619389029565217,1.278,55.56,far,mudanca_regime,28.25,62.25,33.0,6.775,1.0,34.0,0.0,False
B-5501B,mult,2022-12-26 00:25:00,2022-12-26 01:00:00,35.0,8,0.053073555,1.095,0.0310114546999999,0.64,56.02,far,mudanca_regime,59.25,30.825,21.9,2.225,1.0,28.425,0.0,False
B-5501B,mult,2022-12-29 16:40:00,2022-12-29 17:50:00,70.0,15,0.060556572,1.25,0.0356340582352941,0.735,59.69,far,precursor_parada,23.0,47.125,35.9,8.025,1.0,24.125,0.0,True
B-5501B,mult,2022-12-29 18:35:00,2022-12-29 18:35:00,0.0,1,0.066482574,1.372,0.056510484,1.166,59.77,far,mudanca_regime,56.85,39.85,5.2,2.125,1.0,17.0,0.0,True
B-5501B,mult,2022-12-29 18:55:00,2022-12-29 19:10:00,15.0,4,0.054689497,1.129,0.0327801849999999,0.676,59.79,far,mudanca_regime,56.85,35.8,13.325,2.125,1.0,21.05,0.0,True
B-5501B,mult,2023-02-14 23:35:00,2023-02-15 00:20:00,45.0,10,0.056500167,1.166,0.0315824809166666,0.652,106.98,far,mudanca_regime,26.5,59.15,31.65,7.4,1.0,32.65,0.0,False
B-5501B,mult,2023-02-15 22:00:00,2023-02-15 22:05:00,5.0,2,0.053999066,1.114,0.0388060375,0.801,107.92,far,mudanca_regime,32.925,59.15,25.175,7.05,1.0,26.225,0.0,False
B-5501B,mult,2023-02-25 21:20:00,2023-02-25 22:10:00,50.0,11,0.071319334,1.472,0.0309338203846153,0.638,117.89,far,mudanca_regime,24.5,58.25,32.75,7.85,1.0,33.75,0.0,False
B-5501B,mult,2023-03-04 22:10:00,2023-03-04 22:35:00,25.0,6,0.053551108,1.105,0.0339796475,0.701,124.92,far,mudanca_regime,28.025,59.55,29.525,6.925,1.0,31.525,0.0,False
B-5501B,mult,2023-03-06 22:40:00,2023-03-06 23:10:00,30.0,7,0.06531952,1.348,0.0331358442222222,0.684,126.94,far,mudanca_regime,22.925,57.3,33.375,8.375,1.0,34.375,0.0,False
B-5501B,mult,2023-03-09 08:20:00,2023-03-09 09:35:00,75.0,16,0.08319198,1.717,0.0396693469999999,0.819,129.35,far,mudanca_regime,20.9,58.2,35.275,7.975,1.0,37.3,0.0,False
B-5501B,mult,2023-03-10 12:40:00,2023-03-10 13:35:00,55.0,12,0.064874314,1.339,0.0327353427142857,0.676,130.53,far,precursor_parada,23.8,60.2,35.4,7.2,1.0,36.4,0.0,True
B-5501B,mult,2023-03-11 19:50:00,2023-03-11 21:25:00,95.0,20,0.12615791,2.604,0.0606663559772727,1.252,131.83,far,sustentado_sem_causa,21.8,24.8,12.25,8.6,1.0,3.0,0.0,False
B-5501B,mult,2023-03-12 09:00:00,2023-03-12 10:20:00,80.0,17,0.07255713,1.497,0.0425880684210526,0.879,132.38,far,mudanca_regime,21.8,60.0,36.2,7.45,1.0,38.2,0.0,False
B-5501B,mult,2023-03-14 09:05:00,2023-03-14 10:00:00,55.0,12,0.0805145,1.662,0.0361245844285714,0.746,134.38,far,mudanca_regime,21.8,60.05,36.25,7.7,1.0,38.25,0.0,False
B-5501B,mult,2023-03-14 17:15:00,2023-03-14 18:05:00,50.0,11,0.06251552,1.29,0.0410246584615384,0.847,134.72,far,mudanca_regime,59.05,33.7375,18.65,3.15,1.0,25.3125,0.0,False
B-5501B,mult,2023-03-14 21:25:00,2023-03-14 22:45:00,80.0,17,0.06616889,1.366,0.037811665368421,0.78,134.89,far,mudanca_regime,30.2,58.35,28.15,8.9,1.0,28.15,0.0,False
B-5501B,mult,2023-03-15 02:10:00,2023-03-15 03:25:00,75.0,16,0.10729552,2.214,0.0495897744333333,1.023,135.09,far,mudanca_regime,58.35,45.5,1.0,1.0,1.0,12.85,0.0,False
B-5501B,mult,2023-03-15 05:05:00,2023-03-15 06:40:00,95.0,20,0.07605152,1.57,0.0415078124545454,0.857,135.21,far,mudanca_regime,47.4875,57.7,10.2125,5.3,1.0,10.2125,0.0,False
B-5501B,mult,2023-04-01 02:10:00,2023-04-01 03:05:00,55.0,12,0.069699876,1.438,0.0336861252142857,0.695,152.09,far,precursor_parada,23.9,57.1,33.2,6.9,1.0,33.2,0.0,True
B-5501B,mult,2023-04-01 23:35:00,2023-04-02 00:55:00,80.0,17,0.10688994,2.206,0.0489553332631579,1.01,152.98,far,precursor_parada,27.25,28.25,9.05,5.725,1.0,1.0,0.0,True
B-5501B,mult,2023-04-02 14:35:00,2023-04-02 16:20:00,105.0,22,0.16289265,3.362,0.0686401190833333,1.417,153.61,far,precursor_parada,27.35,63.15,35.8,7.825,1.0,35.8,0.0,True
B-5501B,mult,2023-04-02 18:30:00,2023-04-02 18:40:00,10.0,3,0.070933826,1.464,0.0409445454,0.845,153.77,far,mudanca_regime,63.15,39.35,15.575,2.125,1.0,23.8,0.0,True
B-5501B,mult,2023-04-05 02:30:00,2023-04-05 03:55:00,85.0,18,0.06948725,1.434,0.0417359875,0.861,156.1,far,glitch_sensor,22.4,56.525,33.1,8.35,1.0,34.125,0.0,False
B-5501B,mult,2023-04-19 21:45:00,2023-04-19 22:55:00,70.0,15,0.053454112,1.103,0.0351471995,0.725,170.91,far,mudanca_regime,22.725,56.725,33.0,7.7,1.0,34.0,0.0,False
B-5501B,mult,2023-05-15 12:20:00,2023-05-15 13:05:00,45.0,10,0.058926687,1.216,0.0304349576666666,0.628,168.49,far,precursor_parada,25.7,47.5,33.9,6.9,1.0,21.8,0.0,True
B-5501B,mult,2023-05-16 20:15:00,2023-05-16 21:30:00,75.0,16,0.0719522,1.485,0.0376852701111111,0.778,167.16,far,mudanca_regime,24.8,56.45,31.65,7.45,1.0,31.65,0.0,False
B-5501B,mult,2023-05-20 10:35:00,2023-05-20 12:10:00,95.0,20,0.108034134,2.23,0.0548351363636363,1.132,163.56,far,precursor_parada,18.425,26.975,20.875,9.95,1.0,8.55,0.0,True
B-5501B,mult,2023-05-22 22:10:00,2023-05-22 23:35:00,85.0,18,0.099116676,2.046,0.04457425175,0.92,161.08,far,mudanca_regime,22.9,27.25,17.65,7.4,1.0,4.35,0.0,False
B-5501B,mult,2023-05-25 20:40:00,2023-05-25 22:00:00,80.0,17,0.07689728,1.587,0.0415310255789473,0.857,158.14,far,sustentado_sem_causa,28.45,28.8,15.55,7.15,1.0,0.35,0.0,False
B-5501B,mult,2023-06-01 23:20:00,2023-06-02 00:45:00,85.0,18,0.08484883,1.751,0.0426991252,0.881,151.03,far,mudanca_regime,21.025,54.65,32.625,7.95,1.0,33.625,0.0,False
B-5501B,mult,2023-06-04 08:45:00,2023-06-04 10:10:00,85.0,18,0.080514744,1.662,0.04103219005,0.847,148.64,far,glitch_sensor,21.075,58.2,35.65,8.55,1.0,37.125,0.0,False
B-5501B,mult,2023-06-05 05:30:00,2023-06-05 06:15:00,45.0,10,0.054075982,1.116,0.0360461644166666,0.744,147.77,far,mudanca_regime,56.25,29.6,20.55,3.025,1.0,26.65,0.0,False
B-5501B,mult,2023-06-07 11:20:00,2023-06-07 12:45:00,85.0,18,0.066751234,1.378,0.03938078825,0.813,145.53,far,mudanca_regime,18.9,60.25,39.85,9.45,1.0,41.35,0.0,False
B-5501B,mult,2023-06-08 08:35:00,2023-06-08 10:05:00,90.0,19,0.10170316,2.099,0.0500818942857142,1.034,144.64,far,mudanca_regime,19.2,57.825,37.625,7.725,1.0,38.625,0.0,False
B-5501B,mult,2023-06-11 18:25:00,2023-06-11 19:10:00,45.0,10,0.0556303,1.148,0.0273930345,0.565,141.23,far,mudanca_regime,26.8,59.6,32.8,8.3,1.0,32.8,0.0,False
B-5501B,mult,2023-06-12 20:10:00,2023-06-12 20:40:00,30.0,7,0.058523696,1.208,0.0331039672222222,0.683,140.16,far,mudanca_regime,26.65,60.5,31.85,8.15,1.0,33.85,0.0,False
B-5501B,mult,2023-06-16 12:50:00,2023-06-16 13:35:00,45.0,10,0.053226482,1.098,0.0356503755833333,0.736,136.47,far,mudanca_regime,56.35,31.4,18.75,3.1,1.0,24.95,0.0,False
B-5501B,mult,2023-06-16 20:20:00,2023-06-16 21:30:00,70.0,15,0.07249568,1.496,0.0379631298823529,0.783,136.15,far,mudanca_regime,23.275,54.875,30.6,6.95,1.0,31.6,0.0,False
B-5501B,mult,2023-06-17 19:45:00,2023-06-17 21:05:00,80.0,17,0.08793863,1.815,0.0441750317894736,0.912,135.18,far,mudanca_regime,20.8,53.85,33.05,7.8,1.0,33.05,0.0,False
B-5501B,mult,2023-11-08 18:40:00,2023-11-08 19:55:00,75.0,16,0.07999601,1.651,0.0429056301111111,0.885,8.78,near_10d,glitch_sensor,32.25,63.925,31.675,8.2,1.0,31.675,0.0,False
B-5501B,mult,2023-11-09 03:55:00,2023-11-09 05:05:00,70.0,15,0.10515726,2.17,0.0473921722352941,0.978,9.16,near_10d,sustentado_sem_causa,61.9,61.0,5.0,4.35,1.0,0.9,0.0,False
B-5501B,mult,2023-11-10 00:50:00,2023-11-10 02:00:00,70.0,15,0.07535359,1.555,0.0440148092352941,0.908,10.03,far,mudanca_regime,32.925,63.3,30.375,7.8,1.0,30.375,0.0,False
B-5501B,mult,2023-11-10 11:05:00,2023-11-10 12:30:00,85.0,18,0.13803698,2.849,0.0536439032499999,1.107,10.46,far,mudanca_regime,62.8125,67.3,3.6625,3.1,1.0,4.4875,0.0,False
B-5501B,mult,2023-11-11 17:30:00,2023-11-11 18:35:00,65.0,14,0.074982226,1.547,0.0401090865,0.828,11.73,far,mudanca_regime,33.65,65.725,31.075,8.65,1.0,32.075,0.0,False
B-5501B,mult,2023-11-12 08:05:00,2023-11-12 09:35:00,90.0,19,0.09222391,1.903,0.0496311368095238,1.024,12.34,far,glitch_sensor,29.05,64.55,34.0,11.075,1.0,35.5,0.0,False
B-5501B,mult,2023-11-12 18:05:00,2023-11-12 18:40:00,35.0,8,0.05329423,1.1,0.0341203705,0.704,12.75,far,mudanca_regime,68.15,42.05,20.0,2.4,1.0,26.1,0.0,False
B-5501B,mult,2023-11-13 06:50:00,2023-11-13 07:50:00,60.0,13,0.068011,1.404,0.0429631438666666,0.887,13.28,far,mudanca_regime,29.95,62.9,30.95,9.1,1.0,32.95,0.0,False
B-5501B,mult,2023-11-13 15:50:00,2023-11-13 17:05:00,75.0,16,0.093792975,1.936,0.0462981325,0.955,13.66,far,sustentado_sem_causa,67.0,68.125,4.0,3.275,1.0,1.125,0.0,False
B-5501B,mult,2023-11-14 00:15:00,2023-11-14 00:35:00,20.0,5,0.055181693,1.139,0.0353208257142857,0.729,14.01,far,mudanca_regime,65.1,36.575,21.4,3.125,1.0,28.525,0.0,False
B-5501B,mult,2023-11-14 02:40:00,2023-11-14 04:00:00,80.0,17,0.07555991,1.559,0.0431961192894736,0.891,14.11,far,mudanca_regime,36.575,60.0,23.425,8.95,1.0,23.425,0.0,False
B-5501B,mult,2023-11-15 14:10:00,2023-11-15 15:30:00,80.0,17,0.07989391,1.649,0.0461349554210526,0.952,15.59,far,mudanca_regime,32.3,61.075,32.8,8.0,1.0,28.775,0.0,False
B-5501B,mult,2023-11-16 07:15:00,2023-11-16 07:50:00,35.0,8,0.08096987,1.671,0.0582122641999999,1.201,16.3,far,precursor_parada,53.725,44.8375,5.475,4.4,1.0,8.8875,0.0,True
B-5501B,mult,2023-11-16 09:35:00,2023-11-16 10:20:00,45.0,10,0.5703988,11.772,0.4551757391666668,9.394,16.4,far,precursor_parada,46.425,33.4,53.05,70.425,1.0,13.025,0.0,True
B-5501B,mult,2023-11-16 10:40:00,2023-11-16 11:15:00,35.0,8,0.3527876,7.281,0.0752946781999999,1.554,16.44,far,glitch_sensor,38.25,33.4,4.85,70.425,1.0,4.85,0.0,True
B-5501B,mult,2023-11-17 09:00:00,2023-11-17 10:25:00,85.0,18,0.085991286,1.775,0.04060255025,0.838,17.38,far,mudanca_regime,28.4,65.625,35.15,9.725,1.0,37.225,0.0,False
B-5501B,mult,2023-11-18 08:15:00,2023-11-18 09:40:00,85.0,18,0.07534826,1.555,0.0419684084,0.866,18.34,far,mudanca_regime,27.2,63.3,35.05,10.775,1.0,36.1,0.0,False
B-5501B,mult,2023-11-19 19:45:00,2023-11-19 21:10:00,85.0,18,0.08148923,1.682,0.0398287169499999,0.822,19.82,far,glitch_sensor,33.5,59.825,26.325,9.3,1.0,26.325,0.0,False
B-5501B,mult,2023-11-21 08:25:00,2023-11-21 09:25:00,60.0,13,0.061315253,1.265,0.0432367417333333,0.892,21.35,far,precursor_parada,24.875,57.5,35.2,8.125,1.0,32.625,0.0,True
B-5501B,mult,2023-11-25 07:30:00,2023-11-25 09:00:00,90.0,19,0.08063711,1.664,0.0434697928095238,0.897,25.31,far,precursor_parada,25.05,63.7,36.6,11.35,1.0,38.65,0.0,True
B-5501B,mult,2023-11-26 01:05:00,2023-11-26 02:25:00,80.0,17,0.08928996,1.843,0.0486016548421052,1.003,26.05,far,glitch_sensor,26.175,60.425,33.25,8.375,1.0,34.25,0.0,False
B-5501B,mult,2023-11-27 06:55:00,2023-11-27 08:00:00,65.0,14,0.08055625,1.662,0.046895853625,0.968,27.29,far,precursor_parada,26.325,59.85,32.5,7.85,1.0,33.525,0.0,True
B-5501B,mult,2023-11-27 21:35:00,2023-11-27 22:55:00,80.0,17,0.08302551,1.713,0.0431521123157894,0.891,27.9,far,glitch_sensor,26.8,62.2,34.4,9.325,1.0,35.4,0.0,False
B-5501B,mult,2023-11-28 07:20:00,2023-11-28 08:00:00,40.0,9,0.051346034,1.06,0.0324479261818181,0.67,28.31,far,precursor_parada,62.2,39.9125,21.775,4.3,1.0,22.2875,0.0,True
B-5501B,mult,2023-11-28 09:25:00,2023-11-28 10:35:00,70.0,15,0.09176993,1.894,0.0504759584117647,1.042,28.39,far,precursor_parada,39.9125,52.05,22.5375,6.625,1.0,12.1375,0.0,True
B-5501B,mult,2023-11-28 12:00:00,2023-11-28 13:15:00,75.0,16,0.09593901,1.98,0.0475102242222222,0.98,28.5,far,mudanca_regime,52.05,64.8,12.75,6.05,1.0,12.75,0.0,False
B-5501B,mult,2023-11-29 06:00:00,2023-11-29 07:20:00,80.0,17,0.09331435,1.926,0.0460694305263157,0.951,29.25,far,sustentado_sem_causa,59.8,59.8,0.0,0.0,1.0,0.0,0.0,False
B-5501B,mult,2023-11-29 18:45:00,2023-11-29 20:10:00,85.0,18,0.08186708,1.69,0.0450485353,0.93,29.78,far,precursor_parada,42.65,56.025,17.55,6.875,1.0,13.375,0.0,True
B-5501B,mult,2023-12-01 21:35:00,2023-12-01 22:40:00,65.0,14,0.06563101,1.354,0.03238400428125,0.668,31.9,far,glitch_sensor,29.925,62.875,31.925,10.175,1.0,32.95,0.0,False
B-5501B,mult,2023-12-02 17:25:00,2023-12-02 18:45:00,80.0,17,0.08753911,1.807,0.0411976297631579,0.85,32.73,far,precursor_parada,62.9,62.3,6.9,4.3,1.0,0.6,0.0,True
B-5501B,mult,2023-12-03 12:25:00,2023-12-03 13:50:00,85.0,18,0.08849112,1.826,0.0419391768499999,0.866,33.52,far,mudanca_regime,25.1125,65.425,39.3125,11.075,1.0,40.3125,0.0,False
B-5501B,mult,2023-12-04 23:25:00,2023-12-05 00:45:00,80.0,17,0.07777581,1.605,0.0399887469473684,0.825,34.98,far,mudanca_regime,25.425,59.75,33.325,12.775,1.0,34.325,0.0,False
B-5501B,mult,2023-12-05 18:20:00,2023-12-05 18:30:00,10.0,3,0.07502475,1.548,0.057649438,1.19,35.76,far,mudanca_regime,32.15,37.675,20.475,6.7,1.0,5.525,0.0,True
B-5501B,mult,2023-12-07 07:10:00,2023-12-07 08:20:00,70.0,15,0.0653178,1.348,0.0369904492352941,0.763,37.3,far,glitch_sensor,32.1,63.55,30.95,10.2,1.0,31.45,0.0,False
B-5501B,mult,2023-12-09 01:30:00,2023-12-09 04:10:00,160.0,33,0.11536912,2.381,0.0561200923,1.158,39.06,far,precursor_parada,62.125,61.15,5.125,4.35,1.0,0.975,0.0,True
B-5501B,mult,2023-12-10 02:25:00,2023-12-10 03:25:00,60.0,13,0.06868812,1.418,0.0315511729333333,0.651,40.1,far,mudanca_regime,27.75,60.4,31.65,11.15,1.0,32.65,0.0,False
B-5501B,mult,2023-12-11 01:40:00,2023-12-11 02:35:00,55.0,12,0.06763505,1.396,0.0397368437142857,0.82,41.07,far,precursor_parada,31.15,59.5,27.325,7.1,1.0,28.35,0.0,True
B-5501B,mult,2023-12-11 08:10:00,2023-12-11 09:10:00,60.0,13,0.08458409,1.746,0.0535463963333333,1.105,41.34,far,precursor_parada,40.1,48.7875,18.5,8.875,1.0,8.6875,0.0,True
B-5501B,mult,2023-12-11 10:20:00,2023-12-11 11:50:00,90.0,19,0.087042056,1.796,0.050361183,1.039,41.43,far,glitch_sensor,48.8375,34.0,9.3625,8.075,1.0,14.8375,0.0,True
B-5501B,mult,2023-12-11 22:15:00,2023-12-11 23:30:00,75.0,16,0.07545119,1.557,0.0366596245,0.757,41.93,far,mudanca_regime,27.45,60.15,32.7,11.975,1.0,32.7,0.0,False
B-5501B,mult,2023-12-15 01:30:00,2023-12-15 02:45:00,75.0,16,0.0696645,1.438,0.0376222338333333,0.776,45.06,far,mudanca_regime,31.3,42.7,29.6,10.45,1.0,11.4,0.0,False
B-5501B,mult,2023-12-15 09:10:00,2023-12-15 10:30:00,80.0,17,0.08437544,1.741,0.0422235513157894,0.871,45.38,far,mudanca_regime,30.15,64.05,32.8,8.9,1.0,33.9,0.0,False
B-5501B,mult,2023-12-16 09:35:00,2023-12-16 10:50:00,75.0,16,0.061333578,1.266,0.0355529663333333,0.734,45.6,far,glitch_sensor,28.2,64.9,35.675,12.0,1.0,36.7,0.0,False
B-5501B,mult,2023-12-17 13:25:00,2023-12-17 14:45:00,80.0,17,0.09494015,1.959,0.0523842218947368,1.081,44.44,far,mudanca_regime,29.85,67.75,36.875,9.6,1.0,37.9,0.0,False
B-5501B,mult,2023-12-18 12:40:00,2023-12-18 14:00:00,80.0,17,0.093859315,1.937,0.0424440715263157,0.876,43.47,far,precursor_parada,32.6,62.3,31.925,7.325,1.0,29.7,0.0,True
B-5501B,mult,2023-12-18 15:50:00,2023-12-18 17:10:00,80.0,17,0.10107118,2.086,0.0484511987894736,1.0,43.34,far,precursor_parada,64.525,66.35,4.275,3.25,1.0,1.825,0.0,True
B-5501B,mult,2023-12-18 22:35:00,2023-12-18 23:45:00,70.0,15,0.08089419,1.669,0.0432537892941176,0.893,43.06,far,mudanca_regime,47.15,61.6,15.45,7.8,1.0,14.45,0.0,False
B-5501B,mult,2023-12-22 13:35:00,2023-12-22 14:45:00,70.0,15,0.08449318,1.744,0.0407883072941176,0.842,39.43,far,mudanca_regime,25.775,61.825,35.05,13.0,1.0,36.05,0.0,False
B-5501B,mult,2023-12-23 22:55:00,2023-12-24 00:10:00,75.0,16,0.07473548,1.542,0.0394246265555555,0.814,38.05,far,glitch_sensor,25.75,60.15,34.4,12.825,1.0,34.4,0.0,False
B-5501B,mult,2023-12-24 14:15:00,2023-12-24 15:25:00,70.0,15,0.073084466,1.508,0.0348542340588235,0.719,37.41,far,glitch_sensor,26.45,64.625,37.175,12.025,1.0,38.175,0.0,False
B-5501B,mult,2023-12-25 14:20:00,2023-12-25 15:35:00,75.0,16,0.11058705,2.282,0.0504492270277777,1.041,36.4,far,mudanca_regime,64.7,49.5125,3.85,4.575,1.0,15.1875,0.0,False
B-5501B,mult,2023-12-30 21:00:00,2023-12-30 22:25:00,85.0,18,0.076399826,1.577,0.04093801715,0.845,31.12,far,mudanca_regime,29.5,61.4,31.9,11.5,1.0,31.9,0.0,False
B-5501B,mult,2024-01-02 02:55:00,2024-01-02 05:10:00,135.0,28,0.14275801,2.946,0.0820944139333333,1.694,28.88,far,precursor_parada,24.25,29.9,27.65,12.675,1.0,5.65,0.0,True
B-5501B,mult,2024-01-03 16:15:00,2024-01-03 19:00:00,165.0,34,0.12070259,2.491,0.0709992940833333,1.465,27.32,far,sustentado_sem_causa,27.225,30.4,25.85,10.175,1.0,3.175,0.0,False
B-5501B,mult,2024-03-01 16:35:00,2024-03-01 17:20:00,45.0,10,0.06535611,1.349,0.0291814197499999,0.602,30.69,far,sustentado_sem_causa,31.175,29.15,2.025,1.025,1.0,2.025,0.0,False
B-5501B,mult,2024-03-18 09:10:00,2024-03-18 10:35:00,85.0,18,0.06809023,1.405,0.0420196299,0.867,47.38,far,precursor_parada,28.0,64.125,35.1,8.325,1.0,36.125,0.0,True
B-5501B,mult,2024-03-18 12:40:00,2024-03-18 13:55:00,75.0,16,0.11874807,2.451,0.0499916769444444,1.032,47.53,far,precursor_parada,64.125,60.8,2.525,3.475,1.0,3.325,0.0,True
B-5501B,mult,2024-03-20 23:20:00,2024-03-21 00:20:00,60.0,13,0.058630783,1.21,0.0390834990666666,0.807,49.97,far,mudanca_regime,25.925,60.35,33.4,8.15,1.0,34.425,0.0,False
B-5501B,mult,2024-03-29 10:35:00,2024-03-29 12:00:00,85.0,18,0.09522732,1.965,0.053790216,1.11,58.44,far,mudanca_regime,22.05,63.3,39.225,12.8,1.0,41.25,0.0,False
B-5501B,mult,2024-03-30 22:00:00,2024-03-30 22:55:00,55.0,12,0.058226574,1.202,0.0363523932142857,0.75,59.92,far,mudanca_regime,27.0,61.625,33.625,9.875,1.0,34.625,0.0,False
B-6511502A,mult,2022-05-25 01:15:00,2022-05-25 07:35:00,380.0,77,0.094367854,1.301,0.0757296702658227,1.044,354.95,far,precursor_parada,52.464,0.7766,2.523,3.5366,0.5033,51.6874,0.0,True
B-6511502A,mult,2022-06-11 21:05:00,2022-06-11 21:25:00,20.0,5,0.09489276,1.309,0.0807041107142857,1.113,337.12,far,transiente_curto,48.9438,50.3109,2.4743,1.9889,0.5033,1.3671,0.0,True
B-6511502A,mult,2022-06-11 22:20:00,2022-06-12 03:15:00,295.0,60,0.07946647,1.096,0.0524443402580645,0.723,337.07,far,mudanca_regime,48.9357,52.0976,3.6289,50.7447,0.5033,3.1619,0.0,False
B-6511502A,mult,2022-06-18 18:55:00,2022-06-18 22:10:00,195.0,40,0.093755364,1.293,0.0797686034285714,1.1,330.21,far,precursor_parada,52.5722,0.4574,1.8819,2.2124,0.5033,52.1148,0.0,True
B-6511502A,mult,2022-07-06 16:10:00,2022-07-06 17:25:00,75.0,16,0.109260805,1.507,0.0886855532777777,1.223,312.33,far,precursor_parada,48.6756,0.436,4.332,1.5617,0.5033,48.2396,0.0,True
B-6511502A,mult,2022-07-26 05:50:00,2022-07-26 06:55:00,65.0,14,0.079585604,1.098,0.075318159,1.039,292.76,far,precursor_parada,53.4216,0.4732,0.9053,1.8051,0.5033,52.9484,0.0,True
B-6511502A,mult,2022-07-27 15:10:00,2022-07-27 15:45:00,35.0,8,0.08846463,1.22,0.0764996323999999,1.055,291.37,far,precursor_parada,54.1911,0.6129,53.5151,57.7023,0.5033,53.5782,0.0,True
B-6511502A,mult,2022-08-01 23:15:00,2022-08-02 13:40:00,865.0,174,0.10447993,1.441,0.0911247229886363,1.257,286.03,far,precursor_parada,53.9957,0.4479,2.8845,2.7808,0.5033,53.5479,0.0,True
B-6511502A,mult,2022-08-12 19:45:00,2022-08-13 03:10:00,445.0,90,0.10580968,1.459,0.0965957944891304,1.332,275.18,far,precursor_parada,53.78,0.436,2.1275,1.9356,0.5033,53.344,0.0,True
B-6511502A,mult,2022-08-16 22:00:00,2022-08-17 07:05:00,545.0,110,0.09468796,1.306,0.0766994187321428,1.058,271.08,far,precursor_parada,53.9136,0.6314,1.897,3.2106,0.5033,53.2822,0.0,True
B-6511502A,mult,2022-09-08 14:10:00,2022-09-08 19:15:00,305.0,62,0.09033284,1.246,0.051143852546875,0.705,248.41,far,sustentado_sem_causa,49.8153,50.1211,1.6502,3.548,0.5033,0.3058,0.0,False
B-6511502A,mult,2022-10-02 05:15:00,2022-10-02 09:05:00,230.0,47,0.07937225,1.095,0.075635014755102,1.043,224.78,far,precursor_parada,48.8464,0.436,2.1438,2.4062,0.5033,48.4104,0.0,True
B-6511502A,mult,2022-12-28 09:10:00,2022-12-28 15:35:00,385.0,78,0.077505656,1.069,0.0689125193125,0.95,137.62,far,sustentado_sem_causa,51.5812,49.9824,2.9407,2.1801,0.5033,1.5987,0.0,False
B-6511502A,mult,2023-01-02 16:20:00,2023-01-03 06:20:00,840.0,169,0.13215172,1.823,0.1055728402923976,1.456,132.32,far,precursor_parada,47.3213,0.5026,4.4197,3.254,0.5033,46.8187,0.0,True
B-6511502A,mult,2023-05-05 04:10:00,2023-05-05 13:40:00,570.0,115,0.09636084,1.329,0.0692126397777777,0.955,9.83,near_10d,mudanca_regime,48.572,50.9901,3.1691,3.0096,0.5033,2.4182,0.0,False
B-6511502A,mult,2023-05-05 16:40:00,2023-05-06 05:40:00,780.0,157,0.083747454,1.155,0.0681057192767295,0.939,9.31,near_10d,mudanca_regime,51.3777,48.685,5.1111,4.8931,0.5033,2.6927,0.0,False
B-6511502A,mult,2023-05-12 21:50:00,2023-05-13 14:35:00,1005.0,202,0.35606948,4.911,0.1655922017499999,2.284,2.09,near_10d,precursor_parada,44.9528,0.4845,22.4897,12.4427,0.5033,44.4684,0.0,True
B-8801C,mult,2022-03-09 11:31:00,2022-03-09 12:52:00,81.0,82,0.031538974,1.518,0.0152312482869565,0.733,848.52,far,glitch_sensor,0.0254,3.0836,3.6881,4.1554,0.1016,3.0582,0.0,False
B-8801C,mult,2022-03-12 13:39:00,2022-03-12 15:01:00,82.0,83,0.038149867,1.836,0.0165156517559139,0.795,845.43,far,glitch_sensor,0.0152,3.2055,3.9624,4.9073,0.1016,3.1902,0.0,False
B-8801C,mult,2022-03-20 09:14:00,2022-03-20 10:56:00,102.0,103,0.031869244,1.534,0.015425129979646,0.742,837.62,far,glitch_sensor,0.0457,3.6932,4.3993,5.0089,0.1016,3.6474,0.0,False
B-8801C,mult,2022-04-11 14:37:00,2022-04-11 16:00:00,83.0,84,0.038847048,1.87,0.018924203,0.911,815.39,far,precursor_parada,3.4696,0.3505,0.2642,4.9784,0.1016,3.1191,0.0,True
B-8801C,mult,2022-04-27 10:45:00,2022-04-27 11:03:00,18.0,19,0.060773946,2.925,0.0259428947241379,1.249,799.55,far,glitch_sensor,0.4013,0.0,3.8913,5.3035,0.1016,0.4013,0.0,True
B-8801C,mult,2022-04-27 17:39:00,2022-04-27 18:33:00,54.0,55,0.0264964,1.275,0.0072402964799999,0.348,799.26,far,mudanca_regime,0.0152,3.5509,3.7186,4.9886,0.1016,3.5357,0.0,False
B-8801C,mult,2022-04-28 18:57:00,2022-04-28 19:51:00,54.0,55,0.030625392,1.474,0.0073006839,0.351,798.21,far,mudanca_regime,0.0254,3.9421,4.0132,4.9987,0.1016,3.9167,0.0,False
B-8801C,mult,2022-05-05 21:25:00,2022-05-05 23:04:00,99.0,100,0.03374834,1.624,0.014259671110909,0.686,791.11,far,glitch_sensor,0.0457,4.572,5.4966,5.3746,0.1016,4.5263,0.0,False
B-8801C,mult,2022-05-09 22:38:00,2022-05-09 22:59:00,21.0,22,0.030288033,1.458,0.015797171921875,0.76,787.06,far,mudanca_regime,0.0356,4.0335,5.5372,5.4966,0.1016,3.998,0.0,True
B-8801C,mult,2022-05-09 23:04:00,2022-05-09 23:37:00,33.0,34,0.016839806,0.81,0.0134681132954545,0.648,787.04,far,precursor_parada,5.4204,4.0335,1.3411,0.7823,0.1016,1.3868,0.0,True
B-8801C,mult,2022-05-10 04:03:00,2022-05-10 05:43:00,100.0,101,0.03480499,1.675,0.0180486622315315,0.869,786.83,far,glitch_sensor,4.1605,4.7447,0.8534,4.5314,0.1016,0.5842,0.0,False
B-8801C,mult,2022-05-10 16:32:00,2022-05-10 16:52:00,20.0,21,0.03241497,1.56,0.028478399516129,1.371,786.31,far,glitch_sensor,0.0762,4.638,4.9174,4.5618,0.1016,4.5618,0.0,False
B-8801C,mult,2022-05-10 16:54:00,2022-05-10 18:17:00,83.0,84,0.03225749,1.552,0.0166744808648936,0.802,786.3,far,glitch_sensor,0.0762,4.8006,4.7447,4.5618,0.1016,4.7244,0.0,False
B-8801C,mult,2022-05-16 23:29:00,2022-05-17 00:26:00,57.0,58,0.02836016,1.365,0.0106709225191176,0.514,780.02,far,mudanca_regime,0.0457,4.7244,4.9276,4.9479,0.1016,4.6787,0.0,False
B-8801C,mult,2022-05-17 16:31:00,2022-05-17 18:10:00,99.0,100,0.02913907,1.402,0.0148167839245454,0.713,779.31,far,glitch_sensor,0.1067,4.5161,4.7346,4.2266,0.1016,4.4094,0.0,True
B-8801C,mult,2022-05-19 11:25:00,2022-05-19 11:43:00,18.0,19,0.061098654,2.94,0.056643696275862,2.726,777.52,far,glitch_sensor,0.0356,5.146,5.7709,4.9682,0.1016,5.1105,0.0,False
B-8801C,mult,2022-05-19 11:45:00,2022-05-19 13:20:00,95.0,96,0.06712376,3.23,0.0254836086839622,1.226,777.51,far,glitch_sensor,0.0356,4.9733,5.5575,4.9682,0.1016,4.9378,0.0,True
B-8801C,mult,2022-05-22 17:24:00,2022-05-22 18:00:00,36.0,37,0.035107236,1.69,0.0271093925106383,1.305,774.27,far,glitch_sensor,0.0356,4.7803,4.8565,4.125,0.1016,4.7447,0.0,False
B-8801C,mult,2022-05-22 18:02:00,2022-05-22 19:04:00,62.0,63,0.035107236,1.69,0.0125225123849315,0.603,774.25,far,glitch_sensor,0.0356,4.8006,4.9987,4.125,0.1016,4.765,0.0,False
B-8801C,mult,2022-05-28 22:06:00,2022-05-28 22:16:00,10.0,11,0.03430527,1.651,0.0291451762857142,1.403,768.08,far,glitch_sensor,0.0356,4.826,7.4879,5.4864,0.1016,4.7904,0.0,False
B-8801C,mult,2022-05-28 22:18:00,2022-05-28 22:19:00,1.0,2,0.03430527,1.651,0.0322827435833333,1.554,768.07,far,glitch_sensor,0.0356,4.8108,5.1511,5.4864,0.1016,4.7752,0.0,False
B-8801C,mult,2022-05-28 22:21:00,2022-05-28 23:52:00,91.0,92,0.03860303,1.858,0.0190316964303921,0.916,768.07,far,glitch_sensor,0.0356,4.8108,5.6286,5.4864,0.1016,4.7752,0.0,False
B-8801C,mult,2022-06-01 17:56:00,2022-06-01 19:23:00,87.0,88,0.031146951,1.499,0.0158784001142857,0.764,764.25,far,glitch_sensor,0.0457,4.6685,5.1511,4.9073,0.1016,4.6228,0.0,True
B-8801C,mult,2022-06-09 09:36:00,2022-06-09 09:45:00,9.0,10,0.031865682,1.534,0.02895231715,1.393,756.6,far,glitch_sensor,0.0762,4.5974,5.1918,4.8463,0.1016,4.5212,0.0,False
B-8801C,mult,2022-06-09 09:47:00,2022-06-09 11:13:00,86.0,87,0.032449167,1.562,0.0156630687432989,0.754,756.59,far,glitch_sensor,0.0762,4.4704,4.8666,4.8463,0.1016,4.3942,0.0,False
B-8801C,mult,2022-06-10 19:55:00,2022-06-10 21:38:00,103.0,104,0.0321071,1.545,0.015994350218421,0.77,755.17,far,glitch_sensor,0.0356,0.0965,5.1918,5.7506,0.1016,0.061,0.0,True
B-8801C,mult,2022-06-11 02:00:00,2022-06-11 02:06:00,6.0,7,0.02280313,1.097,0.0133035764705882,0.64,754.92,far,mudanca_regime,0.0965,4.76,4.7447,5.3442,0.1016,4.6634,0.0,True
B-8801C,mult,2022-06-12 17:31:00,2022-06-12 19:16:00,105.0,106,0.032930765,1.585,0.0161417134482758,0.777,753.27,far,glitch_sensor,0.0356,4.8514,5.1003,3.2715,0.1016,4.8158,0.0,True
B-8801C,mult,2022-06-15 23:19:00,2022-06-16 00:17:00,58.0,59,0.025045475,1.205,0.0117966547289855,0.568,750.03,far,mudanca_regime,0.0356,5.3137,5.7709,5.141,0.1016,5.2781,0.0,False
B-8801C,mult,2022-06-25 15:44:00,2022-06-25 16:41:00,57.0,58,0.029742781,1.431,0.0103900445779411,0.5,740.34,far,mudanca_regime,0.0254,4.7904,5.0495,5.141,0.1016,4.765,0.0,False
B-8801C,mult,2022-07-06 13:46:00,2022-07-06 13:46:00,0.0,1,0.026611168,1.281,0.0231019842727272,1.112,729.43,far,glitch_sensor,0.0356,3.871,4.6126,4.3078,0.1016,3.8354,0.0,False
B-8801C,mult,2022-07-06 13:48:00,2022-07-06 15:30:00,102.0,103,0.030350722,1.461,0.0162960381619469,0.784,729.42,far,glitch_sensor,0.0356,3.8659,4.4602,4.3078,0.1016,3.8303,0.0,False
B-8801C,mult,2022-08-09 02:52:00,2022-08-09 02:54:00,2.0,3,0.02574176,1.239,0.020126132076923,0.969,695.88,far,glitch_sensor,0.0254,5.1867,4.6431,5.4356,0.1016,5.1613,0.0,True
B-8801C,mult,2022-08-09 02:56:00,2022-08-09 03:24:00,28.0,29,0.031658392,1.524,0.0164165615,0.79,695.88,far,mudanca_regime,0.0254,5.3543,6.35,5.4356,0.1016,5.3289,0.0,True
B-8801C,mult,2022-08-09 05:11:00,2022-08-09 05:23:00,12.0,13,0.025709186,1.237,0.0141873878565217,0.683,695.78,far,transiente_curto,5.6236,5.6642,0.447,4.3078,0.1016,0.0406,0.0,False
B-8801C,mult,2022-08-12 10:02:00,2022-08-12 11:44:00,102.0,103,0.037305966,1.795,0.0186778476619469,0.899,692.58,far,glitch_sensor,0.4013,3.6627,3.749,5.141,0.1016,3.2614,0.0,True
B-8801C,mult,2022-08-21 15:19:00,2022-08-21 16:36:00,77.0,78,0.025422232,1.223,0.0170940232999999,0.823,683.36,far,glitch_sensor,0.0559,3.6728,3.5763,4.765,0.1016,3.617,0.0,True
B-8801C,mult,2022-08-21 17:15:00,2022-08-21 18:34:00,79.0,80,0.030740147,1.479,0.0154426146833333,0.743,683.28,far,glitch_sensor,3.3274,3.683,0.7722,5.5067,0.1016,0.3556,0.0,True
B-8801C,mult,2022-08-21 20:41:00,2022-08-21 21:31:00,50.0,51,0.030489119,1.467,0.0238090707950819,1.146,683.14,far,precursor_parada,3.683,0.0254,0.5791,5.4458,0.1016,3.6576,0.0,True
B-8801C,mult,2022-08-30 03:41:00,2022-08-30 05:34:00,113.0,114,0.04469583,2.151,0.0175555612508064,0.845,674.85,far,glitch_sensor,0.0559,4.4044,4.8362,4.2062,0.1016,4.3485,0.0,False
B-8801C,mult,2022-09-28 10:31:00,2022-09-28 11:25:00,54.0,55,0.02810821,1.353,0.0086611851415384,0.417,645.56,far,precursor_parada,0.0152,3.5814,3.7897,5.6286,0.1016,3.5662,0.0,True
B-8801C,mult,2022-11-01 02:16:00,2022-11-01 03:25:00,69.0,70,0.052272506,2.516,0.0231745788875,1.115,611.91,far,glitch_sensor,0.0254,3.9675,5.2527,5.5067,0.1016,3.9421,0.0,False
B-8801C,mult,2022-11-01 03:27:00,2022-11-01 04:03:00,36.0,37,0.011431237,0.55,0.0077634312170212,0.374,611.86,far,sustentado_sem_causa,4.0996,3.9573,0.2642,0.3048,0.1016,0.1422,0.0,False
B-8801C,mult,2022-11-08 23:48:00,2022-11-09 01:30:00,102.0,103,0.047648482,2.293,0.0204257660424778,0.983,604.01,far,precursor_parada,4.2469,0.0051,0.4013,5.3035,0.1016,4.2418,0.0,True
B-8801C,mult,2022-11-09 05:57:00,2022-11-09 07:08:00,71.0,72,0.036102645,1.737,0.0155773056853658,0.75,603.75,far,glitch_sensor,0.0051,4.5771,5.1105,5.395,0.1016,4.572,0.0,False
B-8801C,mult,2023-01-01 15:35:00,2023-01-01 15:57:00,22.0,23,0.024170512,1.163,0.021675414060606,1.043,550.35,far,glitch_sensor,0.0356,4.0996,4.633,4.2062,0.1016,4.064,0.0,False
B-8801C,mult,2023-01-01 16:01:00,2023-01-01 17:10:00,69.0,70,0.025246149,1.215,0.0127656425825,0.614,550.33,far,glitch_sensor,0.0356,4.13,4.3383,4.2062,0.1016,4.0945,0.0,False
B-8801C,mult,2023-02-01 22:38:00,2023-02-01 23:34:00,56.0,57,0.027134972,1.306,0.0121589274208955,0.585,519.06,far,mudanca_regime,0.0457,3.7236,3.9624,5.3848,0.1016,3.6779,0.0,False
B-8801C,mult,2023-02-05 01:50:00,2023-02-05 03:24:00,94.0,95,0.043448992,2.091,0.0207962797485714,1.001,515.92,far,glitch_sensor,0.0559,3.6525,4.5415,5.2222,0.1016,3.5966,0.0,True
B-8801C,mult,2023-02-05 20:09:00,2023-02-05 21:40:00,91.0,92,0.050718535,2.441,0.0228618251784313,1.1,515.16,far,glitch_sensor,0.0864,3.7033,4.5212,5.5677,0.1016,3.617,0.0,False
B-8801C,mult,2023-02-14 03:56:00,2023-02-14 04:49:00,53.0,54,0.029048523,1.398,0.0111547447609375,0.537,506.84,far,precursor_parada,0.0356,4.1504,4.4094,5.2832,0.1016,4.1148,0.0,True
B-8801C,mult,2023-02-14 09:47:00,2023-02-14 09:53:00,6.0,7,0.036268696,1.745,0.0267904069411764,1.289,506.59,far,transiente_curto,4.0081,4.0386,0.6502,4.7955,0.1016,0.0305,0.0,False
B-8801C,mult,2023-02-14 09:57:00,2023-02-14 11:30:00,93.0,94,0.028270125,1.361,0.0155054063346153,0.746,506.59,far,sustentado_sem_causa,4.0234,3.8659,0.3404,4.7955,0.1016,0.1575,0.0,False
B-8801C,mult,2023-02-15 13:57:00,2023-02-15 14:53:00,56.0,57,0.031610645,1.521,0.0103315623388059,0.497,505.42,far,precursor_parada,0.0254,4.3637,3.9421,4.5822,0.1016,4.3383,0.0,True
B-8801C,mult,2023-02-15 17:30:00,2023-02-15 18:12:00,42.0,43,0.036688756,1.766,0.024688907981132,1.188,505.27,far,precursor_parada,4.4755,4.0335,0.1219,4.826,0.1016,0.442,0.0,True
B-8801C,mult,2023-02-15 18:14:00,2023-02-15 19:14:00,60.0,61,0.028030466,1.349,0.0103774893676056,0.499,505.24,far,precursor_parada,4.4755,3.9167,0.5486,4.826,0.1016,0.5588,0.0,True
B-8801C,mult,2023-02-21 18:59:00,2023-02-21 20:36:00,97.0,98,0.025385957,1.222,0.0142568062046296,0.686,499.21,far,sustentado_sem_causa,3.7541,3.9268,0.823,4.826,0.1016,0.1727,0.0,False
B-8801C,mult,2023-02-23 12:14:00,2023-02-23 12:21:00,7.0,8,0.06768738,3.257,0.0483727181666666,2.328,497.49,far,glitch_sensor,0.7772,4.4399,4.0742,5.2832,0.1016,3.6627,0.0,False
B-8801C,mult,2023-02-23 12:25:00,2023-02-23 14:00:00,95.0,96,0.0464658,2.236,0.0215598790990566,1.038,497.48,far,glitch_sensor,0.828,4.6685,3.8303,5.2832,0.1016,3.8405,0.0,False
B-8801C,mult,2023-02-25 23:03:00,2023-02-25 23:20:00,17.0,18,0.02810758,1.353,0.0205388161071428,0.988,495.04,far,glitch_sensor,0.0356,3.622,5.842,5.8115,0.1016,3.5865,0.0,True
B-8801C,mult,2023-02-25 23:22:00,2023-02-25 23:32:00,10.0,11,0.029362114,1.413,0.0207780756904761,1.0,495.03,far,glitch_sensor,0.0356,3.5712,5.5778,5.8115,0.1016,3.5357,0.0,True
B-8801C,mult,2023-02-26 00:12:00,2023-02-26 00:12:00,0.0,1,0.03762698,1.811,0.029814623090909,1.435,494.99,far,glitch_sensor,5.268,3.5712,0.9449,5.3137,0.1016,1.6967,0.0,False
B-8801C,mult,2023-02-26 00:14:00,2023-02-26 00:17:00,3.0,4,0.03762698,1.811,0.0300748820714285,1.447,494.99,far,glitch_sensor,5.268,3.5712,1.4834,5.3137,0.1016,1.6967,0.0,False
B-8801C,mult,2023-02-26 00:19:00,2023-02-26 01:29:00,70.0,71,0.03274142,1.576,0.0157320143234567,0.757,494.99,far,glitch_sensor,5.268,3.368,1.8085,5.3137,0.1016,1.8999,0.0,False
B-8801C,mult,2023-03-23 20:32:00,2023-03-23 21:39:00,67.0,68,0.027079932,1.303,0.0149647721397435,0.72,469.14,far,glitch_sensor,0.0051,5.6083,5.2324,3.6271,0.1016,5.6032,0.0,False
B-8801C,mult,2023-03-24 11:34:00,2023-03-24 12:31:00,57.0,58,0.029090786,1.4,0.0125809461102941,0.605,468.52,far,precursor_parada,0.0254,4.2926,4.3993,5.2934,0.1016,4.2672,0.0,True
B-8801C,mult,2023-03-31 15:47:00,2023-03-31 15:47:00,0.0,1,0.048923302,2.354,0.0388177758181818,1.868,461.34,far,glitch_sensor,0.0356,0.0457,4.5517,6.2586,0.1016,0.0102,0.0,True
B-8801C,mult,2023-04-10 22:12:00,2023-04-10 22:36:00,24.0,25,0.050083045,2.41,0.0275901928571428,1.328,451.07,far,glitch_sensor,0.0254,0.1981,5.9944,3.7694,0.1016,0.1727,0.0,True
B-8801C,mult,2023-04-11 11:37:00,2023-04-11 11:40:00,3.0,4,0.022323588,1.074,0.0150153127857142,0.723,450.52,far,transiente_curto,3.6627,3.7541,0.1626,5.0292,0.1016,0.0914,0.0,False
B-8801C,mult,2023-05-17 13:01:00,2023-05-17 14:44:00,103.0,104,0.035935882,1.729,0.0195091602921052,0.939,414.46,far,glitch_sensor,0.0356,3.7236,4.1148,4.1148,0.1016,3.6881,0.0,False
B-8801C,mult,2023-05-20 16:11:00,2023-05-20 17:10:00,59.0,60,0.024911456,1.199,0.0148437734857142,0.714,411.33,far,glitch_sensor,0.4826,3.9065,3.6068,4.0335,0.1016,3.4239,0.0,False
B-8801C,mult,2023-05-21 10:07:00,2023-05-21 10:09:00,2.0,3,0.02818396,1.356,0.0234106543076923,1.127,410.58,far,transiente_curto,4.0488,3.8557,0.4877,4.8768,0.1016,0.193,0.0,False
B-8801C,mult,2023-05-21 10:12:00,2023-05-21 11:51:00,99.0,100,0.025252014,1.215,0.0135093548636363,0.65,410.57,far,precursor_parada,4.0488,3.0632,0.762,4.8768,0.1016,0.9855,0.0,True
B-8801C,mult,2023-05-31 16:43:00,2023-05-31 18:30:00,107.0,108,0.03832903,1.845,0.0190977503991525,0.919,400.3,far,glitch_sensor,0.0356,3.6881,4.4298,3.5052,0.1016,3.6525,0.0,False
B-8801C,mult,2023-06-06 06:15:00,2023-06-06 08:04:00,109.0,110,0.03710867,1.786,0.0171012534433333,0.823,394.74,far,glitch_sensor,0.0762,4.5568,4.826,5.0089,0.1016,4.4806,0.0,False
B-8801C,mult,2023-06-07 10:23:00,2023-06-07 11:21:00,58.0,59,0.039684538,1.91,0.0167827438449275,0.808,393.57,far,glitch_sensor,4.3688,3.236,0.9195,5.5372,0.1016,1.1328,0.0,False
B-8801C,mult,2023-06-17 13:06:00,2023-06-17 14:51:00,105.0,106,0.030287247,1.458,0.0171169318603448,0.824,383.45,far,glitch_sensor,0.0356,3.5712,3.7998,4.7854,0.1016,3.5357,0.0,False
B-8801C,mult,2023-06-22 11:31:00,2023-06-22 11:33:00,2.0,3,0.027925203,1.344,0.0260064069230769,1.252,378.52,far,glitch_sensor,0.0356,3.3782,4.1046,3.7795,0.1016,3.3426,0.0,False
B-8801C,mult,2023-06-22 11:35:00,2023-06-22 13:10:00,95.0,96,0.030172206,1.452,0.017158094081132,0.826,378.52,far,glitch_sensor,0.0356,3.2461,3.8202,3.7795,0.1016,3.2106,0.0,False
B-8801C,mult,2023-07-04 18:45:00,2023-07-04 20:16:00,91.0,92,0.031831685,1.532,0.0145171746598039,0.699,366.22,far,glitch_sensor,0.0356,3.7236,4.1656,4.3688,0.1016,3.6881,0.0,False
B-8801C,mult,2023-07-05 16:57:00,2023-07-05 17:56:00,59.0,60,0.022077315,1.062,0.0129319991871428,0.622,365.29,far,glitch_sensor,0.0864,4.13,4.4298,4.6736,0.1016,4.0437,0.0,False
B-8801C,mult,2023-07-11 09:06:00,2023-07-11 10:45:00,99.0,100,0.031327713,1.508,0.0178423405690909,0.859,359.62,far,glitch_sensor,0.0457,3.622,4.7854,4.6126,0.1016,3.5763,0.0,True
B-8801C,mult,2023-07-11 18:26:00,2023-07-11 19:20:00,54.0,55,0.028260993,1.36,0.0101882621153846,0.49,359.23,far,precursor_parada,0.0254,4.5974,4.7955,5.3848,0.1016,4.572,0.0,True
B-8801C,mult,2023-07-17 13:15:00,2023-07-17 14:12:00,57.0,58,0.021560552,1.038,0.0121343909573529,0.584,353.45,far,glitch_sensor,0.0356,3.6068,3.8202,3.9116,0.1016,3.5712,0.0,False
B-8801C,mult,2023-07-21 21:41:00,2023-07-21 22:55:00,74.0,75,0.022860365,1.1,0.0135740975623529,0.653,349.1,far,glitch_sensor,0.0356,4.3332,4.7447,4.6126,0.1016,4.2977,0.0,False
B-8801C,mult,2023-09-16 12:10:00,2023-09-16 13:40:00,90.0,91,0.0333896,1.607,0.0138958389267326,0.669,292.49,far,sustentado_sem_causa,3.5001,3.2766,0.2235,4.8057,0.1016,0.2235,0.0,False
B-8801C,mult,2023-11-16 19:32:00,2023-11-16 20:37:00,65.0,66,0.038123984,1.835,0.0154577684342105,0.744,231.19,far,glitch_sensor,0.4013,3.5306,3.7389,3.9218,0.1016,3.1293,0.0,False
B-8801C,mult,2023-11-17 09:31:00,2023-11-17 09:37:00,6.0,7,0.022396589,1.078,0.0137459014411764,0.662,230.6,far,mudanca_regime,0.0864,3.4544,3.617,5.2222,0.1016,3.368,0.0,False
B-8801C,mult,2023-12-07 11:37:00,2023-12-07 11:52:00,15.0,16,0.026654812,1.283,0.0235924043846153,1.135,210.52,far,glitch_sensor,0.0254,0.1067,4.5618,3.5154,0.1016,0.0813,0.0,True
B-8801C,mult,2023-12-07 11:54:00,2023-12-07 12:11:00,17.0,18,0.038069952,1.832,0.0267107712142857,1.285,210.5,far,glitch_sensor,0.1067,0.1067,3.8811,3.5154,0.1016,0.0,0.0,True
B-8801C,mult,2023-12-07 12:29:00,2023-12-07 12:40:00,11.0,12,0.05041448,2.426,0.0319380143181818,1.537,210.48,far,glitch_sensor,0.0254,0.1067,4.1656,5.0698,0.1016,0.0813,0.0,True
B-8801C,mult,2023-12-07 12:43:00,2023-12-07 12:59:00,16.0,17,0.04215413,2.029,0.0292151914444444,1.406,210.47,far,glitch_sensor,1.7475,0.1067,1.7221,5.0698,0.1016,1.6408,0.0,True
B-8801C,mult,2023-12-07 19:15:00,2023-12-07 20:09:00,54.0,55,0.030319031,1.459,0.007889202916923,0.38,210.2,far,mudanca_regime,0.0051,3.5916,3.5662,4.6939,0.1016,3.5865,0.0,False
B-8801C,mult,2023-12-15 00:02:00,2023-12-15 00:27:00,25.0,26,0.02362001,1.137,0.015569940875,0.749,203.0,far,mudanca_regime,0.0356,4.4958,4.3688,5.2222,0.1016,4.4602,0.0,True
B-8801C,mult,2023-12-15 00:52:00,2023-12-15 01:13:00,21.0,22,0.043766264,2.106,0.02766950621875,1.332,202.96,far,glitch_sensor,4.2418,4.7904,0.3251,4.6533,0.1016,0.5486,0.0,False
B-8801C,mult,2023-12-15 01:15:00,2023-12-15 01:17:00,2.0,3,0.030330472,1.46,0.0271096108461538,1.305,202.95,far,glitch_sensor,4.3536,4.8057,0.193,4.6533,0.1016,0.4521,0.0,False
B-8801C,mult,2023-12-15 01:19:00,2023-12-15 01:20:00,1.0,2,0.038076624,1.832,0.0291895198333333,1.405,202.95,far,glitch_sensor,4.3282,4.8108,0.2896,4.6533,0.1016,0.4826,0.0,False
B-8801C,mult,2023-12-15 01:22:00,2023-12-15 02:25:00,63.0,64,0.038076624,1.832,0.0142615755364864,0.686,202.94,far,glitch_sensor,4.2875,4.8819,0.7772,4.6533,0.1016,0.5944,0.0,False
B-8801C,mult,2023-12-15 10:09:00,2023-12-15 10:34:00,25.0,26,0.03175898,1.528,0.0275661034722222,1.327,202.58,far,glitch_sensor,4.8108,0.7264,0.3861,5.9436,0.1016,4.0843,0.0,True
B-8801C,mult,2023-12-15 10:38:00,2023-12-15 11:00:00,22.0,23,0.035664003,1.716,0.0261700109999999,1.259,202.56,far,glitch_sensor,4.699,0.7061,0.4572,5.9436,0.1016,3.9929,0.0,True
B-8801C,mult,2023-12-21 22:05:00,2023-12-21 22:54:00,49.0,50,0.021965919,1.057,0.0134171884499999,0.646,196.08,far,glitch_sensor,0.066,3.5712,3.6881,3.5763,0.1016,3.5052,0.0,False
B-8801C,mult,2023-12-28 00:37:00,2023-12-28 02:08:00,91.0,92,0.023205748,1.117,0.0145113366794117,0.698,189.97,far,glitch_sensor,0.0457,4.0538,4.7244,4.7142,0.1016,4.0081,0.0,True
B-8801C,mult,2024-01-20 14:49:00,2024-01-20 16:31:00,102.0,103,0.035077166,1.688,0.0153614535734513,0.739,166.38,far,sustentado_sem_causa,3.5814,3.8964,0.3861,4.3485,0.1016,0.315,0.0,False
B-8801C,mult,2024-01-28 16:56:00,2024-01-28 18:46:00,110.0,111,0.093434095,4.497,0.0350499202561983,1.687,158.29,far,sustentado_sem_causa,3.8862,3.6525,0.6096,3.871,0.1016,0.2337,0.0,False
B-8801C,mult,2024-02-04 11:04:00,2024-02-04 12:45:00,101.0,102,0.025731036,1.238,0.0146856370205357,0.707,151.54,far,glitch_sensor,0.0864,3.7338,4.2672,3.8202,0.1016,3.6474,0.0,True
B-8801C,mult,2024-02-13 09:59:00,2024-02-13 11:38:00,99.0,100,0.026146222,1.258,0.0158175812072727,0.761,142.58,far,glitch_sensor,0.0254,3.6017,4.5822,3.8608,0.1016,3.5763,0.0,False
B-8801C,mult,2024-02-25 22:44:00,2024-02-25 23:40:00,56.0,57,0.027976621,1.346,0.0088308318537313,0.425,130.05,far,precursor_parada,0.0254,4.0386,4.2774,5.08,0.1016,4.0132,0.0,True
B-8801C,mult,2024-03-13 20:57:00,2024-03-13 21:28:00,31.0,32,0.06835266,3.289,0.0439642505,2.116,113.13,far,glitch_sensor,0.0965,0.2184,4.6126,5.1308,0.1016,0.1219,0.0,True
B-8801C,mult,2024-03-13 23:20:00,2024-03-14 00:09:00,49.0,50,0.032726582,1.575,0.0212062360166666,1.021,113.03,far,glitch_sensor,0.2184,0.188,4.5618,5.019,0.1016,0.0305,0.0,True
B-8801C,mult,2024-03-14 14:08:00,2024-03-14 14:57:00,49.0,50,0.022750724,1.095,0.014970315555,0.72,112.41,far,glitch_sensor,0.2286,3.3274,3.363,4.4196,0.1016,3.0988,0.0,False
B-8801C,mult,2024-03-17 03:21:00,2024-03-17 04:17:00,56.0,57,0.027730359,1.335,0.011281514561194,0.543,109.86,far,mudanca_regime,0.0356,3.6728,3.6373,4.8463,0.1016,3.6373,0.0,False
B-8801C,mult,2024-03-17 05:14:00,2024-03-17 07:01:00,107.0,108,0.03298397,1.587,0.0179859855288135,0.866,109.78,far,sustentado_sem_causa,3.5103,3.7236,0.3556,2.4486,0.1016,0.2134,0.0,False
B-8801C,mult,2024-03-28 00:38:00,2024-03-28 00:40:00,2.0,3,0.059707925,2.873,0.0527567201538461,2.539,98.97,far,glitch_sensor,3.9776,4.0284,0.3759,5.141,0.1016,0.0508,0.0,False
B-8801C,mult,2024-03-28 00:42:00,2024-03-28 02:25:00,103.0,104,0.058298152,2.806,0.0280229120570175,1.349,98.97,far,sustentado_sem_causa,3.9827,4.003,0.1778,5.141,0.1016,0.0203,0.0,False
B-8801C,mult,2024-04-05 15:49:00,2024-04-05 17:22:00,93.0,94,0.043199383,2.079,0.0170079435557692,0.819,90.34,far,mudanca_regime,3.4696,4.1046,0.3556,4.9276,0.1016,0.635,0.0,False
B-8801C,mult,2024-04-09 02:15:00,2024-04-09 02:57:00,42.0,43,0.026839018,1.292,0.0228131605849056,1.098,86.91,far,glitch_sensor,0.0457,3.9929,4.2672,3.9726,0.1016,3.9472,0.0,True
B-8801C,mult,2024-04-09 03:21:00,2024-04-09 03:23:00,2.0,3,0.044117156,2.123,0.0285705124615384,1.375,86.86,far,glitch_sensor,3.9624,3.998,0.6858,5.1105,0.1016,0.0356,0.0,False
B-8801C,mult,2024-04-09 03:25:00,2024-04-09 03:32:00,7.0,8,0.044117156,2.123,0.0289556923888888,1.393,86.86,far,glitch_sensor,4.0132,3.9776,0.381,5.1105,0.1016,0.0356,0.0,False
B-8801C,mult,2024-04-09 03:34:00,2024-04-09 04:54:00,80.0,81,0.034155913,1.644,0.0177568900494505,0.855,86.85,far,glitch_sensor,4.0589,3.8964,0.193,5.1105,0.1016,0.1626,0.0,True
B-8801C,mult,2024-04-14 13:29:00,2024-04-14 14:33:00,64.0,65,0.023891991,1.15,0.0147772979133333,0.711,81.44,far,glitch_sensor,0.0254,3.6424,4.0843,4.3282,0.1016,3.617,0.0,False
B-8801C,mult,2024-04-16 09:19:00,2024-04-16 10:56:00,97.0,98,0.030381175,1.462,0.0167295546981481,0.805,79.61,far,glitch_sensor,0.0559,3.429,4.1148,4.4094,0.1016,3.3731,0.0,False
B-8801C,mult,2024-04-18 14:06:00,2024-04-18 15:51:00,105.0,106,0.032716457,1.574,0.0181114904836206,0.872,77.41,far,glitch_sensor,0.0356,3.7236,4.1656,4.4196,0.1016,3.6881,0.0,False
B-8801C,mult,2024-04-20 21:29:00,2024-04-20 22:39:00,70.0,71,0.022641476,1.09,0.0146162380802469,0.703,75.1,far,glitch_sensor,0.0457,3.8557,4.1453,4.4094,0.1016,3.81,0.0,False
B-8801C,mult,2024-04-22 21:25:00,2024-04-22 23:13:00,108.0,109,0.039594516,1.905,0.0205622745386554,0.99,73.11,far,glitch_sensor,0.0152,4.2113,4.8666,3.7897,0.1016,4.1961,0.0,False
B-8801C,mult,2024-04-27 01:49:00,2024-04-27 03:31:00,102.0,103,0.030568242,1.471,0.0180079214814159,0.867,68.92,far,glitch_sensor,0.0254,4.2215,4.7041,3.9929,0.1016,4.1961,0.0,False
B-8801C,mult,2024-04-30 16:18:00,2024-04-30 17:55:00,97.0,98,0.05879898,2.83,0.0235601163101851,1.134,65.32,far,glitch_sensor,0.0559,3.4646,3.5357,4.2774,0.1016,3.4087,0.0,False
B-8801C,mult,2024-05-04 11:53:00,2024-05-04 12:52:00,59.0,60,0.02324957,1.119,0.0109713372028571,0.528,61.5,far,mudanca_regime,0.0152,3.2563,3.7592,4.0335,0.1016,3.241,0.0,False
B-8801C,mult,2024-05-10 23:25:00,2024-05-11 01:09:00,104.0,105,0.037861537,1.822,0.0193322859104347,0.93,55.02,far,glitch_sensor,0.0559,4.0538,4.4501,4.2672,0.1016,3.998,0.0,False
B-8801C,mult,2024-05-11 14:49:00,2024-05-11 14:55:00,6.0,7,0.03598627,1.732,0.0317292932352941,1.527,54.38,far,glitch_sensor,3.0632,3.3528,0.1422,4.6431,0.1016,0.2896,0.0,False
B-8801C,mult,2024-05-11 14:59:00,2024-05-11 14:59:00,0.0,1,0.037001066,1.781,0.0342258021818181,1.647,54.38,far,glitch_sensor,3.0632,3.3579,0.3353,4.6431,0.1016,0.2946,0.0,False
B-8801C,mult,2024-05-11 15:01:00,2024-05-11 16:33:00,92.0,93,0.041151036,1.98,0.0191991445087378,0.924,54.37,far,glitch_sensor,3.0632,3.5052,0.508,4.6431,0.1016,0.442,0.0,False
B-8801C,mult,2024-05-12 11:50:00,2024-05-12 12:47:00,57.0,58,0.027045991,1.302,0.0088657156191176,0.427,53.51,far,precursor_parada,0.0356,3.2055,3.1801,4.8057,0.1016,3.1699,0.0,True
B-8801C,mult,2024-05-27 05:59:00,2024-05-27 07:52:00,113.0,114,0.02897737,1.395,0.0166522698879032,0.801,38.75,far,glitch_sensor,0.0559,0.066,4.003,4.5923,0.1016,0.0102,0.0,True
B-8801C,mult,2024-06-04 00:23:00,2024-06-04 01:08:00,45.0,46,0.025522925,1.228,0.0118079531410714,0.568,30.98,far,mudanca_regime,0.0457,3.8913,4.1554,4.0843,0.1016,3.8456,0.0,False
B-8801C,mult,2024-06-04 01:11:00,2024-06-04 01:21:00,10.0,11,0.009237007,0.445,0.0075308640047619,0.362,30.95,far,transiente_curto,4.13,3.8862,0.4064,0.3556,0.1016,0.2438,0.0,False
B-8801C,mult,2024-06-04 12:19:00,2024-06-04 13:55:00,96.0,97,0.03631575,1.748,0.017504265371028,0.842,30.49,far,sustentado_sem_causa,3.6932,3.5408,0.193,5.0902,0.1016,0.1524,0.0,False
B-8801C,mult,2024-06-11 14:16:00,2024-06-11 15:52:00,96.0,97,0.023533534,1.133,0.0141959873738317,0.683,23.41,far,glitch_sensor,0.0356,3.7033,3.2817,3.0785,0.1016,3.6678,0.0,False
B-8801C,mult,2024-06-18 13:22:00,2024-06-18 14:44:00,82.0,83,0.027015943,1.3,0.0153129439956989,0.737,16.44,far,glitch_sensor,0.0356,3.2309,3.1598,3.4646,0.1016,3.1953,0.0,False
B-8801C,mult,2024-06-23 13:05:00,2024-06-23 14:49:00,104.0,105,0.03157193,1.519,0.0175886323304347,0.846,11.45,far,glitch_sensor,0.0356,3.2969,3.2715,2.9159,0.1016,3.2614,0.0,False
B-8801C,mult,2024-07-01 18:44:00,2024-07-01 20:33:00,109.0,110,0.031212918,1.502,0.0196497125791666,0.946,3.22,near_10d,glitch_sensor,0.0356,4.3434,4.5517,4.2062,0.1016,4.3078,0.0,True
B-8801C,mult,2024-07-03 03:49:00,2024-07-03 05:39:00,110.0,111,0.0403182,1.94,0.0233424611892562,1.123,1.84,near_48h,glitch_sensor,0.0457,4.4145,4.6228,3.8405,0.1016,4.3688,0.0,False
B-8801C,mult,2024-07-04 21:07:00,2024-07-04 21:07:00,0.0,1,0.049907267,2.402,0.0446447924545454,2.149,0.12,near_48h,glitch_sensor,0.0051,4.0538,4.9479,4.5314,0.1016,4.0488,0.0,False
B-8801C,mult,2024-07-04 21:13:00,2024-07-04 22:54:00,101.0,102,0.04988552,2.401,0.02556272221875,1.23,0.12,near_48h,glitch_sensor,0.0051,4.1199,4.2672,4.5314,0.1016,4.1148,0.0,False
B-8802B,mult,2022-05-19 16:11:00,2022-05-19 17:07:00,56.0,57,0.1283848,1.127,0.0789304113432835,0.693,47.74,far,mudanca_regime,0.6655,2.3012,1.971,2.8042,0.1321,1.6358,0.0,False
B-8802B,mult,2022-05-28 22:48:00,2022-05-29 00:07:00,79.0,80,0.13601044,1.194,0.0739840497555555,0.65,38.47,far,mudanca_regime,2.1793,0.635,1.5443,1.8999,0.1321,1.5443,0.0,False
B-8802B,mult,2022-06-01 19:35:00,2022-06-01 21:07:00,92.0,93,0.13261937,1.165,0.0901929347475728,0.792,34.6,far,mudanca_regime,0.4216,2.4232,2.1742,1.6256,0.1321,2.0015,0.0,False
B-8802B,mult,2022-06-14 14:58:00,2022-06-14 21:00:00,362.0,363,0.122568354,1.076,0.11791946530563,1.036,21.79,far,sustentado_sem_causa,0.5232,0.5029,0.1118,0.1016,0.1321,0.0203,0.0,False
B-8802B,mult,2022-06-14 21:12:00,2022-06-14 22:27:00,75.0,76,0.11522881,1.012,0.1102851710348837,0.969,21.53,far,sustentado_sem_causa,0.5131,0.5029,0.1118,0.1118,0.1321,0.0102,0.0,False
B-8802B,mult,2022-06-16 19:53:00,2022-06-16 21:06:00,73.0,74,0.12267454,1.077,0.0805340405119047,0.707,19.59,far,sustentado_sem_causa,2.474,2.1539,0.508,8.6766,0.1321,0.32,0.0,False
B-8802B,mult,2022-06-27 15:43:00,2022-06-27 16:55:00,72.0,73,0.13457629,1.182,0.082628434879518,0.726,8.76,near_10d,mudanca_regime,-0.0152,2.6111,3.0582,1.8288,0.1321,2.6264,0.0,False
B-8802B,mult,2022-07-04 06:06:00,2022-07-04 09:21:00,195.0,196,0.3229203,2.836,0.186449347368932,1.637,2.16,near_10d,mudanca_regime,2.8397,3.6017,2.0828,1.3106,0.1321,0.762,0.0,False
B-8802B,mult,2022-07-04 11:05:00,2022-07-04 12:41:00,96.0,97,0.12939063,1.136,0.1030592389813084,0.905,1.95,near_48h,sustentado_sem_causa,3.6017,3.7287,0.315,0.2946,0.1321,0.127,0.0,False
B-8802B,mult,2022-07-04 23:44:00,2022-07-06 12:12:00,2188.0,2189,0.7988919,7.016,0.3947005857658026,3.466,0.0,near_48h,precursor_parada,3.6322,0.4623,3.6068,6.5024,0.1321,3.1699,0.0,False
B-8802B,mult,2022-07-19 21:49:00,2022-07-19 23:26:00,97.0,98,0.11778173,1.034,0.1121182598611111,0.985,13.49,far,sustentado_sem_causa,2.6619,2.6467,0.2997,0.3759,0.1321,0.0152,0.0,False
B-8802B,mult,2022-07-20 00:12:00,2022-07-20 08:52:00,520.0,521,0.13598715,1.194,0.1182776556779661,1.039,13.59,far,sustentado_sem_causa,2.6467,2.6568,0.3048,0.4166,0.1321,0.0102,0.0,False
B-8802B,mult,2022-07-20 13:46:00,2022-07-20 15:08:00,82.0,83,0.12814696,1.125,0.0936404844838709,0.822,14.16,far,mudanca_regime,2.5756,0.696,1.9812,2.0015,0.1321,1.8796,0.0,False
B-90001A,mult,2020-12-16 18:17:00,2020-12-16 19:47:00,90.0,91,0.08613567,1.423,0.0411480965940594,0.68,254.24,far,mudanca_regime,1.1597,31.5867,31.6858,42.2453,0.2899,30.427,0.0,False
B-90001A,mult,2020-12-17 09:11:00,2020-12-17 10:14:00,63.0,64,0.07810844,1.29,0.0359793045675675,0.594,253.62,far,mudanca_regime,0.969,31.9491,31.2433,37.0571,0.2899,30.9801,0.0,False
B-90001A,mult,2020-12-17 13:05:00,2020-12-17 14:24:00,79.0,80,0.07188413,1.187,0.0449223889444444,0.742,253.45,far,mudanca_regime,1.7167,33.887,32.5327,23.1101,0.2899,32.1703,0.0,False
B-90001A,mult,2020-12-18 01:54:00,2020-12-18 03:27:00,93.0,94,0.09261331,1.53,0.0500875952115384,0.827,252.92,far,precursor_parada,26.9593,0.969,26.1429,20.2032,0.2899,25.9903,0.0,False
B-90001A,mult,2020-12-18 03:29:00,2020-12-18 03:30:00,1.0,2,0.09261331,1.53,0.0547626495833333,0.905,252.85,far,transiente_curto,0.9156,0.969,43.7025,40.6964,0.2899,0.0534,0.0,False
B-90001A,mult,2020-12-18 03:32:00,2020-12-18 05:23:00,111.0,112,0.09261331,1.53,0.0476001142459016,0.786,252.85,far,sustentado_sem_causa,0.9156,1.0147,14.7328,40.6964,0.2899,0.0992,0.0,False
B-90001A,mult,2020-12-19 11:36:00,2020-12-19 13:12:00,96.0,97,0.0720722,1.191,0.0387593975934579,0.64,251.52,far,precursor_parada,42.9243,1.1597,42.0545,27.665,0.2899,41.7646,0.0,False
B-90001A,mult,2020-12-19 22:12:00,2020-12-19 22:58:00,46.0,47,0.07140719,1.18,0.050375693122807,0.832,251.07,far,precursor_parada,40.5744,0.9156,39.7046,19.5776,0.2899,39.6588,0.0,True
B-90001A,mult,2020-12-29 11:21:00,2020-12-29 12:33:00,72.0,73,0.08407623,1.389,0.0500782024457831,0.827,241.53,far,mudanca_regime,0.969,35.5846,35.0734,42.5886,0.2899,34.6156,0.0,False
B-90001A,mult,2020-12-31 14:16:00,2020-12-31 15:27:00,71.0,72,0.07125088,1.177,0.0471792745365853,0.779,239.41,far,precursor_parada,25.0214,0.9156,24.1058,26.4519,0.2899,24.1058,0.0,False
B-90001A,mult,2020-12-31 18:37:00,2020-12-31 20:10:00,93.0,94,0.082081236,1.356,0.0397128065048076,0.656,239.22,far,precursor_parada,0.9156,0.969,0.0992,36.6756,0.2899,0.0534,0.0,True
B-90001A,mult,2021-01-06 22:48:00,2021-01-06 23:57:00,69.0,70,0.07131193,1.178,0.0395399579125,0.653,233.05,far,mudanca_regime,1.0147,30.9801,29.6029,26.6961,0.2899,29.9654,0.0,False
B-90001A,mult,2021-01-07 12:02:00,2021-01-07 13:46:00,104.0,105,0.0819643,1.354,0.0398308614426086,0.658,232.5,far,precursor_parada,29.5,1.0147,28.531,45.053,0.2899,28.4852,0.0,True
B-90001A,mult,2021-01-07 18:32:00,2021-01-07 18:46:00,14.0,15,0.07985314,1.319,0.07163657832,1.183,232.23,far,transiente_curto,0.9156,0.9156,0.0458,41.5204,0.2899,0.0,0.0,True
B-90001A,mult,2021-01-09 13:28:00,2021-01-09 15:11:00,103.0,104,0.088341236,1.459,0.0423458061622807,0.7,230.44,far,sustentado_sem_causa,1.0872,1.0147,0.1183,42.9701,0.2899,0.0725,0.0,False
B-90001A,mult,2021-01-09 17:07:00,2021-01-09 18:38:00,91.0,92,0.1003692,1.658,0.0495239029509804,0.818,230.29,far,mudanca_regime,1.0147,31.0984,32.6548,38.4686,0.2899,30.0836,0.0,False
B-90001A,mult,2021-01-10 21:34:00,2021-01-10 22:52:00,78.0,79,0.06655998,1.1,0.0365873093820224,0.604,229.1,far,mudanca_regime,30.0378,38.5144,8.0416,35.0734,0.2899,8.4765,0.0,False
B-90001A,mult,2021-01-11 19:47:00,2021-01-11 20:49:00,62.0,63,0.07065328,1.167,0.0420519204931506,0.695,228.18,far,mudanca_regime,33.9137,37.347,3.8224,44.3281,0.2899,3.4333,0.0,False
B-90001A,mult,2021-01-12 02:54:00,2021-01-12 04:42:00,108.0,109,0.09319149,1.539,0.0448829605042016,0.741,227.88,far,mudanca_regime,40.8414,34.6156,10.033,26.2078,0.2899,6.2258,0.0,False
B-90001A,mult,2021-01-13 21:51:00,2021-01-13 22:21:00,30.0,31,0.08877259,1.466,0.0673975025365853,1.113,226.09,far,glitch_sensor,0.9156,28.6798,0.0458,22.9118,0.2899,27.7642,0.0,False
B-90001A,mult,2021-01-13 22:23:00,2021-01-13 23:22:00,59.0,60,0.08877259,1.466,0.0402658469285714,0.665,226.07,far,mudanca_regime,0.9156,29.6945,28.3898,22.9118,0.2899,28.779,0.0,False
B-90001A,mult,2021-01-17 12:43:00,2021-01-17 13:20:00,37.0,38,0.10723592,1.771,0.0669003059583333,1.105,222.47,far,sustentado_sem_causa,0.9156,0.9156,0.0534,39.2926,0.2899,0.0,0.0,False
B-90001A,mult,2021-01-17 13:23:00,2021-01-17 14:29:00,66.0,67,0.10723592,1.771,0.0504615847857142,0.834,222.44,far,mudanca_regime,0.9156,29.2825,11.5284,41.9019,0.2899,28.367,0.0,False
B-90001A,mult,2021-01-18 16:37:00,2021-01-18 18:20:00,103.0,104,0.08190383,1.353,0.046526421,0.769,221.31,far,sustentado_sem_causa,0.9423,0.9156,33.8412,39.1018,0.2899,0.0267,0.0,False
B-90001A,mult,2021-01-20 22:38:00,2021-01-20 23:11:00,33.0,34,0.07026896,1.161,0.0494023501590909,0.816,219.06,far,mudanca_regime,27.4667,26.1353,26.5969,21.3172,0.2899,1.3314,0.0,False
B-90001A,mult,2021-01-20 23:13:00,2021-01-20 23:36:00,23.0,24,0.055767678,0.921,0.0427053242941176,0.705,219.03,far,mudanca_regime,27.1767,0.9156,3.296,24.659,0.2899,26.2612,0.0,False
B-90001A,mult,2021-01-21 09:49:00,2021-01-21 11:29:00,100.0,101,0.08092577,1.337,0.0412263941531531,0.681,218.59,far,mudanca_regime,0.9156,31.9224,31.4417,22.8202,0.2899,31.0068,0.0,False
B-90001A,mult,2021-01-24 17:51:00,2021-01-24 18:47:00,56.0,57,0.0673767,1.113,0.0281599193880596,0.465,215.26,far,mudanca_regime,0.9156,35.3633,36.0958,47.8683,0.2899,34.4478,0.0,False
B-90001A,mult,2021-01-29 15:43:00,2021-01-29 17:16:00,93.0,94,0.07958738,1.315,0.045162302375,0.746,210.35,far,sustentado_sem_causa,40.109,39.243,4.5473,37.3089,0.2899,0.866,0.0,False
B-90001A,mult,2021-01-30 08:48:00,2021-01-30 09:47:00,59.0,60,0.068755694,1.136,0.0372926754571428,0.616,209.63,far,mudanca_regime,33.2804,39.3384,6.447,36.3857,0.2899,6.0579,0.0,False
B-90001A,mult,2021-02-09 20:40:00,2021-02-09 22:07:00,87.0,88,0.070296556,1.161,0.0418323910816326,0.691,199.14,far,mudanca_regime,36.8664,34.9055,3.5859,34.9284,0.2899,1.9608,0.0,False
B-90001A,mult,2021-02-14 14:51:00,2021-02-14 16:22:00,91.0,92,0.089837804,1.484,0.0496782194705882,0.821,194.38,far,mudanca_regime,40.0632,38.0528,4.4557,36.2865,0.2899,2.0104,0.0,False
B-90001A,mult,2021-02-18 12:59:00,2021-02-18 13:31:00,32.0,33,0.08596547,1.42,0.0531450901395348,0.878,190.46,far,sustentado_sem_causa,36.6489,36.0653,35.7334,33.4254,0.2899,0.5837,0.0,False
B-90001A,mult,2021-02-18 13:33:00,2021-02-18 14:43:00,70.0,71,0.07707371,1.273,0.0389607341481481,0.644,190.44,far,mudanca_regime,0.9156,35.4625,36.5307,33.4254,0.2899,34.547,0.0,False
B-90001A,mult,2021-02-25 02:02:00,2021-02-25 02:42:00,40.0,41,0.10961206,1.811,0.0669015715882353,1.105,183.92,far,mudanca_regime,30.6902,34.0052,2.9794,45.3963,0.2899,3.3151,0.0,False
B-90001A,mult,2021-02-25 02:44:00,2021-02-25 02:47:00,3.0,4,0.10961206,1.811,0.0658064368571428,1.087,183.89,far,mudanca_regime,30.6902,34.0587,29.8204,45.3963,0.2899,3.3685,0.0,False
B-90001A,mult,2021-02-25 02:49:00,2021-02-25 04:28:00,99.0,100,0.08108206,1.339,0.0448766655818181,0.741,183.88,far,mudanca_regime,30.6635,34.1502,4.8982,32.4107,0.2899,3.4867,0.0,False
B-90001A,mult,2021-02-25 12:35:00,2021-02-25 13:22:00,47.0,48,0.06600365,1.09,0.0335317004655172,0.554,183.48,far,mudanca_regime,0.9156,38.171,39.0027,49.1272,0.2899,37.2555,0.0,False
B-90001A,mult,2021-02-25 16:08:00,2021-02-25 17:52:00,104.0,105,0.08573237,1.416,0.0493855383043478,0.816,183.33,far,precursor_parada,37.1334,35.68,1.8159,36.4315,0.2899,1.4534,0.0,True
B-90001A,mult,2021-02-26 15:42:00,2021-02-26 16:52:00,70.0,71,0.08663862,1.431,0.046194223037037,0.763,182.35,far,mudanca_regime,30.8847,33.8603,4.677,41.1771,0.2899,2.9756,0.0,False
B-90001A,mult,2021-03-01 13:10:00,2021-03-01 14:27:00,77.0,78,0.08282688,1.368,0.0474999221477272,0.785,179.45,far,glitch_sensor,0.9156,34.2265,35.905,44.5723,0.2899,33.311,0.0,False
B-90001A,mult,2021-03-04 14:06:00,2021-03-04 15:52:00,106.0,107,0.09676635,1.599,0.0520527999401709,0.86,176.41,far,mudanca_regime,35.7524,31.6095,6.3478,54.0712,0.2899,4.1429,0.0,False
B-90001A,mult,2021-03-05 15:42:00,2021-03-05 15:48:00,6.0,7,0.063057095,1.042,0.0551308459411764,0.911,175.35,far,mudanca_regime,23.3963,26.2078,22.4273,23.4993,0.2899,2.8115,0.0,False
B-90001A,mult,2021-03-05 15:50:00,2021-03-05 16:41:00,51.0,52,0.063950956,1.056,0.0461512949677419,0.762,175.34,far,mudanca_regime,22.866,26.017,7.1718,25.9178,0.2899,3.151,0.0,False
B-90001A,mult,2021-03-12 10:10:00,2021-03-12 10:25:00,15.0,16,0.08924497,1.474,0.0689679236538461,1.139,168.58,far,mudanca_regime,0.969,27.2263,0.1907,45.7396,0.2899,26.2574,0.0,False
B-90001A,mult,2021-03-12 10:27:00,2021-03-12 11:58:00,91.0,92,0.121441275,2.006,0.0556757406470588,0.92,168.56,far,mudanca_regime,0.969,28.0465,32.7464,45.7396,0.2899,27.0775,0.0,False
B-90001A,mult,2021-03-13 20:23:00,2021-03-13 21:30:00,67.0,68,0.07149987,1.181,0.0439739834871794,0.726,167.15,far,mudanca_regime,31.3196,29.0155,2.7848,42.6344,0.2899,2.3041,0.0,False
B-90001A,mult,2021-03-23 06:23:00,2021-03-23 07:12:00,49.0,50,0.062294997,1.029,0.0404198151499999,0.668,157.73,far,sustentado_sem_causa,28.3135,29.1604,2.739,24.0333,0.2899,0.8469,0.0,False
B-90001A,mult,2021-04-01 09:29:00,2021-04-01 11:10:00,101.0,102,0.08013623,1.324,0.0459965367410714,0.76,148.6,far,mudanca_regime,27.9016,30.8084,2.7161,24.514,0.2899,2.9069,0.0,False
B-90001A,mult,2021-04-08 08:34:00,2021-04-08 10:02:00,88.0,89,0.07671232,1.267,0.0481452401111111,0.795,141.64,far,mudanca_regime,25.3838,30.6635,6.8819,41.5204,0.2899,5.2797,0.0,False
B-90001A,mult,2021-04-09 16:18:00,2021-04-09 17:28:00,70.0,71,0.06968466,1.151,0.0431554285641975,0.713,140.32,far,mudanca_regime,33.9824,32.5556,33.9824,21.4164,0.2899,1.4267,0.0,False
B-90001A,mult,2021-04-09 17:30:00,2021-04-09 17:42:00,12.0,13,0.036650676,0.605,0.0269029261695652,0.444,140.27,far,mudanca_regime,1.0147,32.5556,34.5469,26.2612,0.2899,31.5409,0.0,False
B-90001A,mult,2021-04-10 05:34:00,2021-04-10 06:32:00,58.0,59,0.06624533,1.094,0.0423815290144927,0.7,139.77,far,mudanca_regime,28.3364,25.1396,5.4247,27.0394,0.2899,3.1968,0.0,False
B-90001A,mult,2021-04-11 02:57:00,2021-04-11 04:43:00,106.0,107,0.088214636,1.457,0.0501169715897435,0.828,138.88,far,sustentado_sem_causa,29.2138,29.2138,5.2339,43.6033,0.2899,0.0,0.0,False
B-90001A,mult,2021-04-11 08:23:00,2021-04-11 10:12:00,109.0,110,0.08774076,1.449,0.0604737044416666,0.999,138.65,far,mudanca_regime,28.2449,32.0673,4.8906,43.8932,0.2899,3.8224,0.0,False
B-90001A,mult,2021-04-22 11:41:00,2021-04-22 13:03:00,82.0,83,0.07868127,1.3,0.0383290466354838,0.633,127.51,far,precursor_parada,29.3054,0.9156,28.4356,32.8532,0.2899,28.3898,0.0,True
B-90001A,mult,2021-05-02 02:55:00,2021-05-02 04:02:00,67.0,68,0.06236923,1.03,0.0318431949679487,0.526,117.88,far,glitch_sensor,0.9156,20.6381,0.0534,25.9713,0.2899,19.7226,0.0,False
B-90001A,mult,2021-05-05 13:58:00,2021-05-05 14:44:00,46.0,47,0.12579091,2.078,0.0779699534035087,1.288,114.42,far,sustentado_sem_causa,0.9156,0.9156,19.0893,34.3028,0.2899,0.0,0.0,False
B-90001A,mult,2021-05-05 14:47:00,2021-05-05 16:16:00,89.0,90,0.12579091,2.078,0.0561546140399999,0.928,114.38,far,mudanca_regime,0.9156,29.3588,12.7949,32.1741,0.2899,28.4433,0.0,False
B-90001A,mult,2021-05-05 16:18:00,2021-05-05 16:37:00,19.0,20,0.036217492,0.598,0.0265572123,0.439,114.32,far,mudanca_regime,0.9156,29.4504,28.0541,26.6884,0.2899,28.5348,0.0,False
B-90001A,mult,2021-05-06 22:26:00,2021-05-06 23:59:00,93.0,94,0.07754115,1.281,0.041168551125,0.68,113.07,far,mudanca_regime,31.27,29.4275,3.4143,38.1787,0.2899,1.8426,0.0,False
B-90001A,mult,2021-05-08 13:36:00,2021-05-08 15:09:00,93.0,94,0.09976963,1.648,0.0607091726057692,1.003,111.43,far,mudanca_regime,0.9156,32.8227,47.1435,37.5912,0.2899,31.9071,0.0,False
B-90001A,mult,2021-05-08 15:16:00,2021-05-08 16:41:00,85.0,86,0.07403094,1.223,0.0508388723645833,0.84,111.36,far,mudanca_regime,44.5456,28.1953,14.317,9.0564,0.2899,16.3503,0.0,False
B-90001A,mult,2021-05-18 14:46:00,2021-05-18 15:21:00,35.0,36,0.11784639,1.947,0.0816871678260869,1.349,101.38,far,mudanca_regime,25.6508,30.3507,24.7353,42.1537,0.2899,4.6999,0.0,False
B-90001A,mult,2021-05-18 15:23:00,2021-05-18 16:35:00,72.0,73,0.11784639,1.947,0.0515532378313253,0.852,101.36,far,mudanca_regime,25.2617,29.9615,7.3931,42.1537,0.2899,4.6999,0.0,False
B-90001A,mult,2021-05-30 12:25:00,2021-05-30 13:43:00,78.0,79,0.07800514,1.289,0.042945055977528,0.709,89.48,far,mudanca_regime,1.0147,27.955,29.0231,28.4433,0.2899,26.9402,0.0,False
B-90001A,mult,2021-06-03 11:57:00,2021-06-03 13:41:00,104.0,105,0.10188288,1.683,0.0542725449130434,0.897,85.5,far,mudanca_regime,0.9156,30.8084,30.3812,38.6593,0.2899,29.8929,0.0,False
B-90001A,mult,2021-06-04 06:13:00,2021-06-04 07:38:00,85.0,86,0.07673689,1.268,0.0464220328125,0.767,84.74,far,mudanca_regime,24.6323,26.5969,2.1554,36.2865,0.2899,1.9646,0.0,False
B-90001A,mult,2021-06-07 03:40:00,2021-06-07 05:26:00,106.0,107,0.100461476,1.66,0.0571067702478632,0.943,81.85,far,mudanca_regime,0.9156,24.514,25.0023,40.0708,0.2899,23.5984,0.0,False
B-90001A,mult,2021-06-09 17:32:00,2021-06-09 18:31:00,59.0,60,0.0907297,1.499,0.0459408569285714,0.759,79.27,far,mudanca_regime,0.9156,25.7729,27.4209,34.402,0.2899,24.8573,0.0,False
B-90001A,mult,2021-06-15 12:49:00,2021-06-15 14:22:00,93.0,94,0.08705704,1.438,0.0343673507163461,0.568,73.47,far,mudanca_regime,0.9156,29.3817,0.145,35.9966,0.2899,28.4661,0.0,False
B-90001A,mult,2021-06-15 22:29:00,2021-06-15 23:26:00,57.0,58,0.06688388,1.105,0.0390617403088235,0.645,73.06,far,mudanca_regime,25.8187,24.1249,1.648,23.9799,0.2899,1.6938,0.0,False
B-90001A,mult,2021-06-24 09:14:00,2021-06-24 11:09:00,115.0,116,0.11969117,1.977,0.0576575152063492,0.952,64.62,far,mudanca_regime,0.8698,24.7276,31.7316,31.2052,0.2899,23.8578,0.0,False
B-90001A,mult,2021-06-25 16:09:00,2021-06-25 17:20:00,71.0,72,0.07127582,1.177,0.0428768758292682,0.708,63.33,far,mudanca_regime,27.6345,29.3054,3.5173,23.0644,0.2899,1.6709,0.0,False
B-90001A,mult,2021-06-25 19:14:00,2021-06-25 20:17:00,63.0,64,0.06527033,1.078,0.0419374957297297,0.693,63.2,far,mudanca_regime,29.3054,25.0938,3.6775,6.6912,0.2899,4.2116,0.0,False
B-90001A,mult,2021-06-28 18:31:00,2021-06-28 20:24:00,113.0,114,0.110314384,1.822,0.0568546192580645,0.939,60.23,far,mudanca_regime,0.9156,23.7129,36.9655,33.433,0.2899,22.7973,0.0,False
B-90001A,mult,2021-06-29 14:44:00,2021-06-29 16:16:00,92.0,93,0.07835238,1.294,0.0475211565048543,0.785,59.39,far,sustentado_sem_causa,21.1188,21.9657,2.2279,16.5716,0.2899,0.8469,0.0,False
B-90001A,mult,2021-06-29 18:28:00,2021-06-29 19:53:00,85.0,86,0.06794963,1.122,0.0463358190104166,0.765,59.23,far,sustentado_sem_causa,21.897,21.6529,2.617,18.5095,0.2899,0.2442,0.0,False
B-90001A,mult,2021-06-30 13:53:00,2021-06-30 15:33:00,100.0,101,0.08812813,1.456,0.0526146439549549,0.869,58.42,far,sustentado_sem_causa,0.8698,0.9156,26.017,21.8513,0.2899,0.0458,0.0,False
B-90001A,mult,2021-07-02 23:11:00,2021-07-03 01:10:00,119.0,120,0.094286844,1.558,0.0532039095076923,0.879,56.03,far,mudanca_regime,0.8698,22.2098,41.9553,23.6442,0.2899,21.3401,0.0,False
B-90001A,mult,2021-07-03 10:16:00,2021-07-03 12:14:00,118.0,119,0.1366221,2.257,0.0733235996899224,1.211,55.57,far,mudanca_regime,0.9156,26.2078,48.1582,47.5784,0.2899,25.2922,0.0,False
B-90001A,mult,2021-07-03 19:26:00,2021-07-03 20:11:00,45.0,46,0.061358534,1.014,0.0340197898571428,0.562,55.19,far,mudanca_regime,2.6589,22.5761,25.0519,40.4065,0.2899,19.9171,0.0,False
B-90001A,mult,2021-07-03 22:07:00,2021-07-03 23:26:00,79.0,80,0.07350805,1.214,0.0492756084555555,0.814,55.08,far,mudanca_regime,22.721,20.539,4.799,33.2804,0.2899,2.1821,0.0,False
B-90001A,mult,2021-07-04 09:58:00,2021-07-04 10:49:00,51.0,52,0.07249843,1.198,0.0404851309032258,0.669,54.58,far,mudanca_regime,1.1101,24.8039,23.114,35.8516,0.2899,23.6938,0.0,False
B-90001A,mult,2021-07-04 11:02:00,2021-07-04 11:55:00,53.0,54,0.08280814,1.368,0.068515116296875,1.132,54.54,far,mudanca_regime,22.5761,26.4519,21.7063,32.754,0.2899,3.8758,0.0,False
B-90001A,mult,2021-07-04 11:57:00,2021-07-04 13:43:00,106.0,107,0.08232562,1.36,0.0545011082222222,0.9,54.5,far,mudanca_regime,23.4458,26.9097,6.4928,27.6193,0.2899,3.4639,0.0,False
B-90001A,mult,2021-07-05 11:50:00,2021-07-05 13:57:00,127.0,128,0.119149156,1.968,0.0549435011492753,0.908,53.51,far,sustentado_sem_causa,0.8698,0.9156,47.9141,47.2884,0.2899,0.0458,0.0,False
B-90001A,mult,2021-07-05 16:07:00,2021-07-05 18:04:00,117.0,118,0.14184165,2.343,0.0739595316328124,1.222,53.33,far,mudanca_regime,0.9156,24.5369,42.5428,47.4334,0.2899,23.6213,0.0,False
B-90001A,mult,2021-07-06 16:01:00,2021-07-06 18:17:00,136.0,137,0.16249467,2.684,0.0770731139455782,1.273,52.33,far,mudanca_regime,0.9156,21.2638,41.7188,46.5102,0.2899,20.3482,0.0,False
B-90001A,mult,2021-07-07 22:57:00,2021-07-08 01:00:00,123.0,124,0.091394216,1.51,0.0567698510671641,0.938,51.04,far,mudanca_regime,0.9156,22.2327,39.1018,22.187,0.2899,21.3172,0.0,False
B-90001A,mult,2021-07-08 09:40:00,2021-07-08 10:55:00,75.0,76,0.06731056,1.112,0.0518074771395348,0.856,50.6,far,mudanca_regime,20.806,25.1167,4.8219,18.9444,0.2899,4.3107,0.0,False
B-90001A,mult,2021-07-08 17:46:00,2021-07-08 18:44:00,58.0,59,0.06758526,1.116,0.0510516959855072,0.843,50.26,far,mudanca_regime,27.2225,25.7729,26.307,17.9754,0.2899,1.4496,0.0,False
B-90001A,mult,2021-07-10 12:30:00,2021-07-10 14:30:00,120.0,121,0.09899913,1.635,0.0579221403053435,0.957,48.48,far,mudanca_regime,0.9156,28.5806,32.9981,33.433,0.2899,27.665,0.0,False
B-90001A,mult,2021-07-11 09:11:00,2021-07-11 11:00:00,109.0,110,0.077843525,1.286,0.0542027897583333,0.895,47.62,far,mudanca_regime,0.8698,28.5348,28.4356,28.2983,0.2899,27.665,0.0,False
B-90001A,mult,2021-07-11 23:29:00,2021-07-11 23:46:00,17.0,18,0.069149904,1.142,0.0601463134642857,0.994,47.02,far,transiente_curto,24.0028,22.9576,23.1864,18.5095,0.2899,1.0453,0.0,False
B-90001A,mult,2021-07-11 23:48:00,2021-07-12 01:13:00,85.0,86,0.06977352,1.153,0.0489096142083333,0.808,47.01,far,sustentado_sem_causa,23.5908,23.3467,2.2279,22.7668,0.2899,0.2442,0.0,False
B-90001A,mult,2021-07-13 13:57:00,2021-07-13 14:54:00,57.0,58,0.07450834,1.231,0.0477790921617647,0.789,45.42,far,mudanca_regime,27.9511,29.3054,27.0356,22.9118,0.2899,1.3543,0.0,False
B-90001A,mult,2021-07-13 14:56:00,2021-07-13 15:07:00,11.0,12,0.059301432,0.98,0.041594849,0.687,45.38,far,mudanca_regime,1.0147,29.4771,29.5038,46.3195,0.2899,28.4623,0.0,False
B-90001A,mult,2021-07-13 15:41:00,2021-07-13 16:46:00,65.0,66,0.0799644,1.321,0.0499202068947368,0.825,45.35,far,mudanca_regime,1.0147,29.8395,29.9387,46.3195,0.2899,28.8247,0.0,False
B-90001A,mult,2021-07-14 12:20:00,2021-07-14 13:30:00,70.0,71,0.09163085,1.514,0.056254902382716,0.929,44.49,far,mudanca_regime,0.9156,30.7627,33.7687,35.1268,0.2899,29.8471,0.0,False
B-90001A,mult,2021-07-24 00:55:00,2021-07-24 02:27:00,92.0,93,0.10002897,1.652,0.0585243656310679,0.967,34.96,far,mudanca_regime,0.9156,32.8913,29.7479,39.1934,0.2899,31.9758,0.0,False
B-90001A,mult,2021-07-24 03:01:00,2021-07-24 04:48:00,107.0,108,0.06953337,1.149,0.0565645561525423,0.934,34.87,far,mudanca_regime,26.8372,36.6489,10.6624,4.6464,0.2899,9.8117,0.0,False
B-90001A,mult,2021-07-24 06:02:00,2021-07-24 06:12:00,10.0,11,0.09950986,1.644,0.062826919,1.038,34.75,far,mudanca_regime,35.9966,37.1792,35.1268,25.338,0.2899,1.1826,0.0,False
B-90001A,mult,2021-07-24 06:14:00,2021-07-24 08:00:00,106.0,107,0.101954095,1.684,0.0548460882393162,0.906,34.74,far,sustentado_sem_causa,35.9203,34.8293,5.0127,25.338,0.2899,1.091,0.0,False
B-90001A,mult,2021-07-29 23:45:00,2021-07-29 23:55:00,10.0,11,0.09862619,1.629,0.0757771897142857,1.252,29.01,far,transiente_curto,35.2641,35.1192,34.4478,34.6461,0.2899,0.145,0.0,False
B-90001A,mult,2021-07-29 23:57:00,2021-07-30 01:42:00,105.0,106,0.10604622,1.752,0.0593935230172413,0.981,29.0,far,sustentado_sem_causa,35.0276,35.7753,3.7843,34.6461,0.2899,0.7477,0.0,False
B-90001A,mult,2021-07-30 21:48:00,2021-07-30 22:44:00,56.0,57,0.074951224,1.238,0.0425975656716417,0.704,28.09,far,precursor_parada,37.1563,0.8698,36.3399,21.8055,0.2899,36.2865,0.0,False
B-90001A,mult,2021-08-07 00:56:00,2021-08-07 02:20:00,84.0,85,0.086252466,1.425,0.0477566930315789,0.789,20.96,far,mudanca_regime,0.9156,38.171,38.0795,45.4497,0.2899,37.2555,0.0,False
B-90001A,mult,2021-08-07 13:50:00,2021-08-07 14:44:00,54.0,55,0.07426313,1.227,0.048434284876923,0.8,20.42,far,mudanca_regime,44.084,42.4894,43.2142,32.6548,0.2899,1.5946,0.0,False
B-90001A,mult,2021-08-09 11:30:00,2021-08-09 11:43:00,13.0,14,0.12717049,2.101,0.087525907625,1.446,18.52,far,mudanca_regime,0.8698,43.7712,6.4928,50.2411,0.2899,42.9014,0.0,False
B-90001A,mult,2021-08-09 11:45:00,2021-08-09 13:36:00,111.0,112,0.15220743,2.514,0.0780362047459016,1.289,18.51,far,mudanca_regime,0.8698,41.5662,46.6094,54.8418,0.2899,40.6964,0.0,False
B-90001A,mult,2021-08-09 21:38:00,2021-08-09 23:29:00,111.0,112,0.099161714,1.638,0.0613510410737704,1.013,18.1,far,sustentado_sem_causa,39.5825,38.8272,4.0208,37.0647,0.2899,0.7553,0.0,False
B-90001A,mult,2021-08-10 22:07:00,2021-08-10 23:05:00,58.0,59,0.08343185,1.378,0.0373946160434782,0.618,17.08,far,mudanca_regime,0.9156,36.3094,41.5204,34.7377,0.2899,35.3938,0.0,False
B-90001A,mult,2021-08-10 23:20:00,2021-08-11 01:07:00,107.0,108,0.08724841,1.441,0.0498454626355932,0.823,17.03,far,mudanca_regime,39.8724,36.2331,5.768,34.0129,0.2899,3.6393,0.0,False
B-90001A,mult,2021-08-11 06:30:00,2021-08-11 06:31:00,1.0,2,0.07785978,1.286,0.0691791525,1.143,16.73,far,mudanca_regime,36.9884,0.8698,1.6709,35.4167,0.2899,36.1187,0.0,False
B-90001A,mult,2021-08-11 06:33:00,2021-08-11 08:10:00,97.0,98,0.07785978,1.286,0.0388496241481481,0.642,16.73,far,mudanca_regime,36.9884,32.1665,36.1721,35.4167,0.2899,4.8219,0.0,False
B-90001A,mult,2021-08-11 09:29:00,2021-08-11 10:39:00,70.0,71,0.08102191,1.338,0.0404503170246913,0.668,16.6,far,mudanca_regime,0.9156,36.8664,35.905,47.5326,0.2899,35.9508,0.0,False
B-90001A,mult,2021-08-12 12:36:00,2021-08-12 12:47:00,11.0,12,0.07874501,1.301,0.0482863846818181,0.798,15.47,far,mudanca_regime,34.299,42.1461,9.3501,30.8618,0.2899,7.8471,0.0,False
B-90001A,mult,2021-08-12 14:30:00,2021-08-12 15:31:00,61.0,62,0.07620473,1.259,0.0442403788541666,0.731,15.4,far,mudanca_regime,42.1461,38.2473,41.3297,27.5659,0.2899,3.8987,0.0,False
B-90001A,mult,2021-08-20 22:19:00,2021-08-21 00:18:00,119.0,120,0.11404152,1.884,0.0591784501846153,0.978,7.07,near_10d,mudanca_regime,0.9156,36.771,47.6775,53.9262,0.2899,35.8554,0.0,False
B-90001A,mult,2021-08-21 01:40:00,2021-08-21 03:29:00,109.0,110,0.107371256,1.774,0.0536004154416666,0.885,6.93,near_10d,mudanca_regime,39.3384,37.9574,7.0269,52.8581,0.2899,1.381,0.0,False
B-90001A,mult,2021-08-21 10:42:00,2021-08-21 12:12:00,90.0,91,0.086435415,1.428,0.0505943623465346,0.836,6.55,near_10d,mudanca_regime,39.3841,43.3592,4.6465,36.2331,0.2899,3.975,0.0,False
B-90001A,mult,2021-08-22 07:19:00,2021-08-22 08:39:00,80.0,81,0.10718798,1.771,0.0736526047032967,1.217,5.7,near_10d,mudanca_regime,42.3902,38.5601,3.3952,2.7161,0.2899,3.8301,0.0,False
B-90001A,mult,2021-08-22 08:41:00,2021-08-22 08:47:00,6.0,7,0.12643382,2.089,0.1000236836470588,1.652,5.64,near_10d,mudanca_regime,41.9019,38.8043,41.0321,24.9031,0.2899,3.0976,0.0,False
B-90001A,mult,2021-08-22 08:49:00,2021-08-22 10:36:00,107.0,108,0.12643382,2.089,0.0642478311525423,1.061,5.63,near_10d,sustentado_sem_causa,41.6883,40.7422,4.9211,56.299,0.2899,0.9461,0.0,False
