equip,mode,start,end,duration_min,n_points,peak_mae,peak_ratio,mean_mae,mean_ratio,dist_to_failure_days,category
B-0302C,mult,2024-02-01 15:41:00,2024-02-01 17:34:00,113.0,114,0.0704197,1.594,0.04327359666935484,0.979,210.35,far
B-0302C,mult,2024-02-01 18:23:00,2024-02-01 19:39:00,76.0,77,0.06037665,1.366,0.02961419675862069,0.67,210.23,far
B-0302C,mult,2024-02-01 22:04:00,2024-02-01 23:34:00,90.0,91,0.061335523,1.388,0.03407557356435644,0.771,210.08,far
B-0302C,mult,2024-02-02 04:52:00,2024-02-02 05:57:00,65.0,66,0.08474537,1.918,0.03762566282894736,0.852,209.8,far
B-0302C,mult,2024-02-02 17:50:00,2024-02-02 19:39:00,109.0,110,0.070337996,1.592,0.04476489173333333,1.013,209.26,far
B-0302C,mult,2024-02-02 22:41:00,2024-02-03 00:12:00,91.0,92,0.05089163,1.152,0.03175923941176471,0.719,209.05,far
B-0302C,mult,2024-02-03 01:36:00,2024-02-03 04:22:00,166.0,167,0.07087682,1.604,0.044420077740112994,1.005,208.93,far
B-0302C,mult,2024-02-03 04:40:00,2024-02-03 05:35:00,55.0,56,0.047244873,1.069,0.03250003293939394,0.736,208.81,far
B-0302C,mult,2024-02-04 15:20:00,2024-02-04 18:00:00,160.0,161,0.06857147,1.552,0.04124875449122807,0.934,207.36,far
B-0302C,mult,2024-02-04 23:11:00,2024-02-05 00:22:00,71.0,72,0.056891005,1.288,0.03085231345121951,0.698,207.03,far
B-0302C,mult,2024-02-05 10:52:00,2024-02-05 12:00:00,68.0,69,0.054118063,1.225,0.036716823987341766,0.831,206.55,far
B-0302C,mult,2024-02-06 09:41:00,2024-02-06 11:02:00,81.0,82,0.056806963,1.286,0.03434011938586956,0.777,205.6,far
B-0302C,mult,2024-02-06 17:59:00,2024-02-06 19:32:00,93.0,94,0.055513836,1.256,0.032925149201923076,0.745,205.25,far
B-0302C,mult,2024-02-06 22:14:00,2024-02-07 00:05:00,111.0,112,0.0680469,1.54,0.03785174886885246,0.857,205.07,far
B-0302C,mult,2024-02-07 00:25:00,2024-02-07 02:01:00,96.0,97,0.053071193,1.201,0.03309861563551402,0.749,204.98,far
B-0302C,mult,2024-02-07 12:47:00,2024-02-07 15:03:00,136.0,137,0.076440565,1.73,0.03888136431632653,0.88,204.47,far
B-0302C,mult,2024-02-07 16:41:00,2024-02-07 17:57:00,76.0,77,0.053009905,1.2,0.03343258249425287,0.757,204.3,far
B-0302C,mult,2024-02-08 07:49:00,2024-02-08 09:43:00,114.0,115,0.10530737,2.383,0.049394574696000004,1.118,203.67,far
B-0302C,mult,2024-02-08 17:36:00,2024-02-08 17:40:00,4.0,5,0.052395634,1.186,0.029812531466666663,0.675,203.27,far
B-0302C,mult,2024-02-08 17:56:00,2024-02-08 19:45:00,109.0,110,0.069619745,1.576,0.04228528686666667,0.957,203.25,far
B-0302C,mult,2024-02-10 12:51:00,2024-02-10 14:18:00,87.0,88,0.05793183,1.311,0.02948785312244898,0.667,201.46,far
B-0302C,mult,2024-02-11 22:17:00,2024-02-11 23:39:00,82.0,83,0.0728605,1.649,0.03731625313978495,0.845,200.07,far
B-0302C,mult,2024-02-12 18:00:00,2024-02-12 19:31:00,91.0,92,0.05819602,1.317,0.03561511134313725,0.806,199.25,far
B-0302C,mult,2024-02-13 15:46:00,2024-02-13 18:34:00,168.0,169,0.15268987,3.456,0.07378726466480447,1.67,198.34,far
B-0302C,mult,2024-02-13 18:59:00,2024-02-13 19:45:00,46.0,47,0.0479639,1.085,0.026828954263157897,0.607,198.21,far
B-0302C,mult,2024-02-14 18:20:00,2024-02-14 19:28:00,68.0,69,0.05239355,1.186,0.030843726518987338,0.698,197.24,far
B-0302C,mult,2024-02-14 22:38:00,2024-02-14 23:38:00,60.0,61,0.049285986,1.115,0.030262310338028175,0.685,197.06,far
B-0302C,mult,2024-02-15 18:33:00,2024-02-15 19:33:00,60.0,61,0.0641053,1.451,0.034388217732394366,0.778,196.23,far
B-0302C,mult,2024-02-16 16:14:00,2024-02-16 17:52:00,98.0,99,0.05753889,1.302,0.03434651541284404,0.777,195.32,far
B-0302C,mult,2024-02-16 18:06:00,2024-02-16 19:29:00,83.0,84,0.052736055,1.193,0.03515325168085106,0.796,195.25,far
B-0302C,mult,2024-02-16 22:31:00,2024-02-16 23:59:00,88.0,89,0.059455454,1.346,0.03271455533333333,0.74,195.06,far
B-0302C,mult,2024-02-17 17:56:00,2024-02-17 22:07:00,251.0,252,0.15871811,3.592,0.07693612222137404,1.741,194.25,far
B-0302C,mult,2024-02-17 22:58:00,2024-02-18 01:14:00,136.0,137,0.06029187,1.364,0.03702911218367347,0.838,194.04,far
B-0302C,mult,2024-02-18 10:59:00,2024-02-18 12:06:00,67.0,68,0.06909743,1.564,0.03480302057692308,0.788,193.54,far
B-0302C,mult,2024-02-18 13:45:00,2024-02-18 15:22:00,97.0,98,0.050753854,1.149,0.032201328648148154,0.729,193.43,far
B-0302C,mult,2024-02-18 18:45:00,2024-02-18 20:19:00,94.0,95,0.0532449,1.205,0.03499940479047619,0.792,193.22,far
B-0302C,mult,2024-02-19 09:03:00,2024-02-19 10:54:00,111.0,112,0.074219786,1.68,0.04260590359836065,0.964,192.62,far
B-0302C,mult,2024-02-20 18:26:00,2024-02-20 19:42:00,76.0,77,0.075693145,1.713,0.036003966252873554,0.815,191.23,far
B-0302C,mult,2024-02-20 22:11:00,2024-02-20 23:40:00,89.0,90,0.057931587,1.311,0.032313686555,0.731,191.08,far
B-0302C,mult,2024-02-21 10:01:00,2024-02-21 12:37:00,156.0,157,0.08062882,1.825,0.04304571520359281,0.974,190.58,far
B-0302C,mult,2024-02-21 17:44:00,2024-02-21 19:37:00,113.0,114,0.08947224,2.025,0.04845230662096774,1.097,190.26,far
B-0302C,mult,2024-02-21 22:12:00,2024-02-21 23:39:00,87.0,88,0.049539763,1.121,0.031480489234693876,0.712,190.07,far
B-0302C,mult,2024-02-22 01:55:00,2024-02-22 03:17:00,82.0,83,0.0644857,1.459,0.03505634698924731,0.793,189.92,far
B-0302C,mult,2024-02-22 06:11:00,2024-02-22 07:19:00,68.0,69,0.050980277,1.154,0.038638317518987345,0.874,189.74,far
B-0302C,mult,2024-02-22 08:12:00,2024-02-22 10:56:00,164.0,165,0.15688196,3.55,0.06426172,1.454,189.66,far
B-0302C,mult,2024-02-22 17:57:00,2024-02-22 20:56:00,179.0,180,0.08002582,1.811,0.04509889014736841,1.021,189.25,far
B-0302C,mult,2024-02-22 22:01:00,2024-02-22 23:28:00,87.0,88,0.059047356,1.336,0.03454306076530612,0.782,189.08,far
B-0302C,mult,2024-02-23 07:05:00,2024-02-23 09:03:00,118.0,119,0.11645924,2.636,0.053090416558139536,1.202,188.7,far
B-0302C,mult,2024-02-23 17:53:00,2024-02-23 19:32:00,99.0,100,0.060999278,1.381,0.03767410144999999,0.853,188.25,far
B-0302C,mult,2024-02-25 02:26:00,2024-02-25 03:14:00,48.0,49,0.05007784,1.133,0.03344789128813559,0.757,186.9,far
B-0302C,mult,2024-02-27 23:00:00,2024-02-28 00:29:00,89.0,90,0.04884515,1.105,0.03233063584,0.732,184.04,far
B-0302C,mult,2024-03-01 15:41:00,2024-03-01 15:55:00,14.0,15,0.0578086,1.308,0.03249641996,0.735,181.35,far
B-0302C,mult,2024-03-03 14:06:00,2024-03-03 15:37:00,91.0,92,0.05391713,1.22,0.03282025295098039,0.743,179.41,far
B-0302C,mult,2024-03-04 14:54:00,2024-03-04 16:37:00,103.0,104,0.055422142,1.254,0.034320610359649124,0.777,178.38,far
B-0302C,mult,2024-03-04 22:34:00,2024-03-04 23:21:00,47.0,48,0.04436872,1.004,0.032553018344827586,0.737,178.06,far
B-0302C,mult,2024-03-05 04:16:00,2024-03-05 11:11:00,415.0,416,0.08627084,1.952,0.04753680251877934,1.076,177.82,far
B-0302C,mult,2024-03-17 16:42:00,2024-03-17 17:43:00,61.0,62,0.048764724,1.104,0.03197664070972222,0.724,165.3,far
B-0302C,mult,2024-03-17 19:41:00,2024-03-17 20:49:00,68.0,69,0.048844896,1.105,0.037150754962025315,0.841,165.18,far
B-0302C,mult,2024-03-18 15:23:00,2024-03-18 16:53:00,90.0,91,0.07138329,1.616,0.03431637568514852,0.777,164.36,far
B-0302C,mult,2024-04-05 10:18:00,2024-04-05 11:46:00,88.0,89,0.06680799,1.512,0.030046553761616163,0.68,146.57,far
B-0302C,mult,2024-04-09 17:15:00,2024-04-09 19:42:00,147.0,148,0.0757006,1.713,0.04817760555063291,1.09,142.28,far
B-0302C,mult,2024-04-10 15:16:00,2024-04-10 16:27:00,71.0,72,0.050689418,1.147,0.035563760158536586,0.805,141.36,far
B-0302C,mult,2024-05-02 17:19:00,2024-05-02 19:02:00,103.0,104,0.06539447,1.48,0.0337368448245614,0.764,119.28,far
B-0302C,mult,2024-05-13 15:34:00,2024-05-13 16:40:00,66.0,67,0.047267642,1.07,0.02782118241558442,0.63,108.35,far
B-0302C,mult,2024-05-21 14:24:00,2024-05-21 15:20:00,56.0,57,0.045143463,1.022,0.029826581835820896,0.675,100.4,far
B-0302C,mult,2024-05-28 22:02:00,2024-05-28 23:06:00,64.0,65,0.04817097,1.09,0.030927869379999997,0.7,93.08,far
B-0302C,mult,2024-06-19 22:03:00,2024-06-19 22:59:00,56.0,57,0.05269508,1.193,0.03207784624626866,0.726,71.08,far
B-0302C,mult,2024-06-29 07:30:00,2024-06-29 09:17:00,107.0,108,0.07373885,1.669,0.03590131966016948,0.813,61.69,far
B-0302C,mult,2024-07-09 18:38:00,2024-07-09 19:37:00,59.0,60,0.05291043,1.197,0.023963202528571433,0.542,51.22,far
B-0302C,mult,2024-07-27 19:39:00,2024-07-27 20:38:00,59.0,60,0.051328786,1.162,0.030235894114285716,0.684,33.18,far
B-0302C,mult,2024-08-05 17:51:00,2024-08-05 19:40:00,109.0,110,0.09997944,2.263,0.03850160712500001,0.871,24.26,far
B-0302C,mult,2024-08-07 14:17:00,2024-08-07 15:50:00,93.0,94,0.055141475,1.248,0.03347245290769231,0.758,22.4,far
B-0302C,mult,2024-08-16 22:02:00,2024-08-16 23:12:00,70.0,71,0.054603506,1.236,0.033960961716049384,0.769,13.08,far
B-0302C,mult,2024-08-18 16:06:00,2024-08-18 17:28:00,82.0,83,0.051309798,1.161,0.03267717663978494,0.74,11.33,far
B-0302C,mult,2024-08-28 21:38:00,2024-08-29 00:10:00,152.0,153,0.07108239,1.609,0.04112960664723926,0.931,1.1,near_48h
B-0302C,mult,2024-08-30 18:36:00,2024-08-30 20:54:00,138.0,139,0.06377201,1.443,0.04222237414093959,0.956,0.78,near_48h
B-24001B,mult,2024-10-11 12:06:00,2024-10-11 13:35:00,89.0,90,0.33565503,2.041,0.14034307049000003,0.854,86.5,far
B-24001B,mult,2024-11-07 16:27:00,2024-11-07 17:45:00,78.0,79,0.20356074,1.238,0.10954925373033711,0.666,59.31,far
B-24001B,mult,2024-11-11 05:37:00,2024-11-11 06:24:00,47.0,48,0.19374338,1.178,0.11328843412068966,0.689,55.77,far
B-24001B,mult,2024-11-13 15:04:00,2024-11-13 16:12:00,68.0,69,0.18114801,1.102,0.10056982106329114,0.612,53.37,far
B-24001B,mult,2024-11-21 00:32:00,2024-11-21 02:32:00,120.0,121,0.40004295,2.433,0.19524581979389316,1.187,45.98,far
B-24001B,mult,2024-11-22 12:11:00,2024-11-22 13:30:00,79.0,80,0.2132522,1.297,0.13800522786666666,0.839,44.49,far
B-24001B,mult,2024-11-22 17:00:00,2024-11-22 17:32:00,32.0,33,0.39333642,2.392,0.2232297124651163,1.358,44.29,far
B-24001B,mult,2024-11-22 17:35:00,2024-11-22 19:23:00,108.0,109,0.39333642,2.392,0.1342050458823529,0.816,44.27,far
B-24001B,mult,2024-11-27 12:24:00,2024-11-27 16:38:00,254.0,255,0.6246854,3.799,0.26734386575471697,1.626,39.48,far
B-24001B,mult,2024-11-27 18:40:00,2024-11-28 00:11:00,331.0,332,0.6247184,3.799,0.2414486199064327,1.468,39.22,far
B-24001B,mult,2024-11-28 01:06:00,2024-11-28 02:03:00,57.0,58,0.21427852,1.303,0.13321746622058825,0.81,38.95,far
B-24001B,mult,2024-11-28 03:39:00,2024-11-28 05:13:00,94.0,95,0.2011962,1.224,0.1070427062952381,0.651,38.85,far
B-24001B,mult,2024-11-28 07:59:00,2024-11-28 12:10:00,251.0,252,0.34192467,2.079,0.1943628675305344,1.182,38.67,far
B-24001B,mult,2024-11-29 05:21:00,2024-11-29 07:16:00,115.0,116,0.41001186,2.494,0.2235971999603175,1.36,37.78,far
B-24001B,mult,2024-11-29 07:56:00,2024-11-29 09:46:00,110.0,111,0.29562882,1.798,0.15413216328099172,0.937,37.67,far
B-24001B,mult,2024-11-29 15:55:00,2024-11-29 19:21:00,206.0,207,0.33268735,2.023,0.17584157923963134,1.069,37.34,far
B-24001B,mult,2024-11-30 17:10:00,2024-11-30 21:49:00,279.0,280,0.31193236,1.897,0.177915603,1.082,36.28,far
B-24001B,mult,2024-11-30 21:57:00,2024-12-01 01:53:00,236.0,237,0.19347902,1.177,0.15894319789473682,0.967,36.09,far
B-24001B,mult,2024-12-01 03:52:00,2024-12-01 06:30:00,158.0,159,0.18008393,1.095,0.15820721952662722,0.962,35.84,far
B-24001B,mult,2024-12-01 09:53:00,2024-12-01 11:14:00,81.0,82,0.19229384,1.169,0.15877912782608694,0.966,35.59,far
B-24001B,mult,2024-12-01 11:37:00,2024-12-01 12:40:00,63.0,64,0.17206545,1.046,0.1512703224324324,0.92,35.52,far
B-24001B,mult,2024-12-01 12:44:00,2024-12-01 13:43:00,59.0,60,0.16948447,1.031,0.14857614231428573,0.904,35.47,far
B-24001B,mult,2024-12-01 14:19:00,2024-12-01 16:02:00,103.0,104,0.19285668,1.173,0.15290217019298244,0.93,35.4,far
B-24001B,mult,2024-12-01 20:30:00,2024-12-01 22:21:00,111.0,112,0.18544152,1.128,0.15909801639344262,0.968,35.15,far
B-24001B,mult,2024-12-02 00:15:00,2024-12-02 03:13:00,178.0,179,0.19083911,1.161,0.15675984974603174,0.953,34.99,far
B-24001B,mult,2024-12-02 04:51:00,2024-12-02 05:46:00,55.0,56,0.1717936,1.045,0.14634223022727277,0.89,34.8,far
B-24001B,mult,2024-12-02 15:55:00,2024-12-02 17:40:00,105.0,106,0.30219766,1.838,0.12322122644827586,0.749,34.34,far
B-24001B,mult,2024-12-03 11:33:00,2024-12-03 13:06:00,93.0,94,0.27523762,1.674,0.14961853220192306,0.91,33.52,far
B-24001B,mult,2024-12-03 22:03:00,2024-12-03 23:06:00,63.0,64,0.17140089,1.042,0.10953659344594595,0.666,33.08,far
B-24001B,mult,2024-12-04 06:46:00,2024-12-04 09:04:00,138.0,139,0.30195895,1.836,0.1797445166241611,1.093,32.72,far
B-24001B,mult,2024-12-05 14:27:00,2024-12-05 15:06:00,39.0,40,0.44606164,2.713,0.1906292498,1.159,31.4,far
B-24001B,mult,2024-12-05 15:42:00,2024-12-05 17:00:00,78.0,79,0.24695158,1.502,0.09110757669101124,0.554,31.35,far
B-24001B,mult,2024-12-09 04:57:00,2024-12-09 05:36:00,39.0,40,0.4385049,2.667,0.20978514,1.276,27.79,far
B-24001B,mult,2024-12-09 06:32:00,2024-12-09 06:35:00,3.0,4,0.24224524,1.473,0.16345979142857142,0.994,27.73,far
B-24001B,mult,2024-12-18 13:53:00,2024-12-18 15:33:00,100.0,101,0.28613007,1.74,0.14476454774774772,0.88,18.42,far
B-24001B,mult,2024-12-19 02:50:00,2024-12-19 04:38:00,108.0,109,0.20505491,1.247,0.11740334736134454,0.714,17.88,far
B-24001B,mult,2024-12-19 15:31:00,2024-12-19 17:40:00,129.0,130,0.28344744,1.724,0.1761693205,1.071,17.35,far
B-24001B,mult,2024-12-19 18:30:00,2024-12-19 23:04:00,274.0,275,0.3784395,2.302,0.21681058050877194,1.319,17.23,far
B-24001B,mult,2024-12-20 00:42:00,2024-12-20 03:49:00,187.0,188,0.39453918,2.399,0.22190320925757576,1.35,16.97,far
B-24001B,mult,2024-12-20 04:39:00,2024-12-20 06:44:00,125.0,126,0.33050364,2.01,0.18329205822794115,1.115,16.81,far
B-24001B,mult,2024-12-20 08:34:00,2024-12-20 12:51:00,257.0,258,0.439376,2.672,0.23077955707462686,1.404,16.64,far
B-24001B,mult,2024-12-20 13:00:00,2024-12-20 14:46:00,106.0,107,0.24299914,1.478,0.14249472577777775,0.867,16.46,far
B-24001B,mult,2024-12-26 15:51:00,2024-12-26 16:28:00,37.0,38,0.6996682,4.255,0.33592999125,2.043,10.34,far
B-24001B,mult,2024-12-26 17:06:00,2024-12-26 18:22:00,76.0,77,0.43667296,2.656,0.13754109109195403,0.836,10.29,far
B-24001B,mult,2024-12-27 12:03:00,2024-12-27 14:03:00,120.0,121,0.40377623,2.456,0.20755062532824428,1.262,9.5,near_10d
B-24001B,mult,2024-12-27 14:44:00,2024-12-27 17:16:00,152.0,153,0.3583322,2.179,0.1943725308650307,1.182,9.39,near_10d
B-24001B,mult,2024-12-27 22:24:00,2024-12-27 23:36:00,72.0,73,0.1819075,1.106,0.11839370845783133,0.72,9.07,near_10d
B-24001B,mult,2024-12-28 03:58:00,2024-12-28 06:06:00,128.0,129,0.28446776,1.73,0.15035354724460429,0.914,8.83,near_10d
B-24001B,mult,2024-12-30 03:39:00,2024-12-30 05:42:00,123.0,124,0.41677538,2.535,0.18793190907462687,1.143,6.85,near_10d
B-24001B,mult,2024-12-30 21:19:00,2024-12-30 23:14:00,115.0,116,0.2832374,1.723,0.15794826444444446,0.961,6.11,near_10d
B-24001B,mult,2024-12-31 03:23:00,2024-12-31 06:22:00,179.0,180,0.41430026,2.52,0.24057900009473684,1.463,5.86,near_10d
B-24001B,mult,2024-12-31 07:00:00,2024-12-31 10:30:00,210.0,211,0.4542591,2.763,0.25010907411764705,1.521,5.71,near_10d
B-24001B,mult,2024-12-31 23:09:00,2025-01-01 01:36:00,147.0,148,0.47783664,2.906,0.21787260515189874,1.325,5.04,near_10d
B-24001B,mult,2025-01-02 11:45:00,2025-01-02 12:03:00,18.0,19,0.42801383,2.603,0.23850903000000004,1.451,3.51,near_10d
B-24001B,mult,2025-01-02 12:06:00,2025-01-02 12:17:00,11.0,12,0.42801383,2.603,0.3490526968181818,2.123,3.5,near_10d
B-24001B,mult,2025-01-02 12:19:00,2025-01-02 13:03:00,44.0,45,0.42349827,2.576,0.26360661265454544,1.603,3.49,near_10d
B-24001B,mult,2025-01-05 22:50:00,2025-01-05 22:54:00,4.0,5,0.4110969,2.5,0.24604338866666667,1.496,0.05,near_48h
B-24001B,mult,2025-01-05 23:13:00,2025-01-06 00:48:00,95.0,96,0.4104923,2.497,0.1501654410943396,0.913,0.0,near_48h
B-24001B,mult,2025-01-09 06:12:00,2025-01-09 06:12:00,0.0,1,0.31609142,1.922,0.23679419454545456,1.44,3.26,near_10d
B-24001B,mult,2025-01-09 06:39:00,2025-01-09 08:04:00,85.0,86,0.38109142,2.318,0.14936339653125,0.908,3.28,near_10d
B-24001B,mult,2025-01-09 09:51:00,2025-01-09 11:39:00,108.0,109,0.3149896,1.916,0.12379576752100839,0.753,3.41,near_10d
B-24001B,mult,2025-01-19 10:07:00,2025-01-19 13:07:00,180.0,181,0.28226313,1.717,0.18055485101570679,1.098,13.42,far
B-24001B,mult,2025-01-19 18:16:00,2025-01-19 20:00:00,104.0,105,0.23639822,1.438,0.1166913002,0.71,13.76,far
B-24001B,mult,2025-01-22 13:07:00,2025-01-22 14:06:00,59.0,60,0.19047785,1.158,0.10018685224285713,0.609,16.55,far
B-24001B,mult,2025-01-23 10:02:00,2025-01-23 10:31:00,29.0,30,0.21053465,1.28,0.17577856925000002,1.069,17.42,far
B-24001B,mult,2025-02-09 23:19:00,2025-02-10 00:28:00,69.0,70,0.19885357,1.209,0.144037502,0.876,34.97,far
B-24001B,mult,2025-02-10 13:39:00,2025-02-10 19:24:00,345.0,346,0.38871497,2.364,0.23226434477528093,1.413,35.57,far
B-24001B,mult,2025-02-10 19:26:00,2025-02-10 21:16:00,110.0,111,0.38871497,2.364,0.15133795845454545,0.92,35.81,far
B-24001B,mult,2025-02-11 13:17:00,2025-02-11 15:04:00,107.0,108,0.3250421,1.977,0.15208643524576274,0.925,36.55,far
B-24001B,mult,2025-02-13 12:53:00,2025-02-13 14:38:00,105.0,106,0.29116482,1.771,0.13287223671982756,0.808,38.54,far
B-24001B,mult,2025-02-14 10:32:00,2025-02-14 10:33:00,1.0,2,0.32066795,1.95,0.21795683833333332,1.326,39.44,far
B-24001B,mult,2025-02-14 10:35:00,2025-02-14 10:36:00,1.0,2,0.32066795,1.95,0.2468401216666667,1.501,39.44,far
B-24001B,mult,2025-02-14 10:38:00,2025-02-14 12:24:00,106.0,107,0.32066795,1.95,0.13627052213675214,0.829,39.44,far
B-24001B,mult,2025-02-17 13:05:00,2025-02-17 14:07:00,62.0,63,0.36046612,2.192,0.2425381369452055,1.475,42.55,far
B-24001B,mult,2025-02-17 14:09:00,2025-02-17 14:09:00,0.0,1,0.03542582,0.215,0.03112640063636364,0.189,42.59,far
B-24001B,mult,2025-02-17 14:12:00,2025-02-17 14:51:00,39.0,40,0.03542582,0.215,0.028048738919999996,0.171,42.59,far
B-24001B,mult,2025-02-28 13:32:00,2025-02-28 15:21:00,109.0,110,0.3258398,1.982,0.15781670447916665,0.96,53.56,far
B-24001B,mult,2025-03-21 09:45:00,2025-03-21 10:58:00,73.0,74,0.20482874,1.246,0.11195967513095237,0.681,74.41,far
B-3403C,mult,2023-01-03 12:06:00,2023-01-03 13:52:00,106.0,107,0.1375185,1.379,0.09594433822222222,0.962,251.5,far
B-3403C,mult,2023-01-03 14:14:00,2023-01-03 15:59:00,105.0,106,0.11272338,1.13,0.08891780875000001,0.891,251.41,far
B-3403C,mult,2023-01-03 18:41:00,2023-01-03 19:45:00,64.0,65,0.108291276,1.086,0.09375987426666667,0.94,251.22,far
B-3403C,mult,2023-01-03 23:05:00,2023-01-04 00:06:00,61.0,62,0.103320375,1.036,0.09069883226388889,0.909,251.04,far
B-3403C,mult,2023-01-04 00:47:00,2023-01-04 02:33:00,106.0,107,0.10432976,1.046,0.09441242091452992,0.946,250.97,far
B-3403C,mult,2023-01-04 12:35:00,2023-01-04 14:03:00,88.0,89,0.110133186,1.104,0.08963942192929295,0.899,250.48,far
B-3403C,mult,2023-01-13 15:27:00,2023-01-13 17:13:00,106.0,107,0.18507273,1.855,0.10832385722222221,1.086,241.36,far
B-3403C,mult,2023-01-24 10:43:00,2023-01-24 11:59:00,76.0,77,0.11811673,1.184,0.07607731886206898,0.763,230.55,far
B-3403C,mult,2023-01-24 15:21:00,2023-01-24 16:19:00,58.0,59,0.10413688,1.044,0.08962834792753621,0.898,230.36,far
B-3403C,mult,2023-02-01 01:10:00,2023-02-01 02:09:00,59.0,60,0.12496745,1.253,0.062193631700000016,0.623,222.95,far
B-3403C,mult,2023-02-01 11:08:00,2023-02-01 12:10:00,62.0,63,0.13697726,1.373,0.07581033791780822,0.76,222.54,far
B-3403C,mult,2023-02-07 12:12:00,2023-02-07 14:15:00,123.0,124,0.11516926,1.154,0.09325582664179106,0.935,216.49,far
B-3403C,mult,2023-02-07 18:12:00,2023-02-07 19:47:00,95.0,96,0.11208356,1.124,0.08741970039622642,0.876,216.24,far
B-3403C,mult,2023-02-16 07:47:00,2023-02-16 09:24:00,97.0,98,0.13542679,1.358,0.09251010822222219,0.927,207.68,far
B-3403C,mult,2023-02-16 11:50:00,2023-02-16 13:19:00,89.0,90,0.13269188,1.33,0.09883872415999999,0.991,207.51,far
B-3403C,mult,2023-02-17 01:46:00,2023-02-17 03:36:00,110.0,111,0.118087806,1.184,0.09482344766942147,0.951,206.93,far
B-3403C,mult,2023-02-17 04:14:00,2023-02-17 05:36:00,82.0,83,0.11207027,1.123,0.09637028793548386,0.966,206.82,far
B-3403C,mult,2023-02-17 05:48:00,2023-02-17 06:03:00,15.0,16,0.10814554,1.084,0.10254549303846155,1.028,206.76,far
B-3403C,mult,2023-02-17 06:05:00,2023-02-17 08:03:00,118.0,119,0.12211888,1.224,0.09898583548062016,0.992,206.75,far
B-3403C,mult,2023-02-18 11:39:00,2023-02-18 12:21:00,42.0,43,0.10089617,1.011,0.09023486684905661,0.905,205.51,far
B-3403C,mult,2023-02-18 14:02:00,2023-02-18 22:27:00,505.0,506,0.13963799,1.4,0.10778206283914728,1.08,205.42,far
B-3403C,mult,2023-02-20 03:42:00,2023-02-20 09:55:00,373.0,374,0.13611384,1.364,0.10556542120052086,1.058,203.85,far
B-3403C,mult,2023-02-20 09:58:00,2023-02-20 10:29:00,31.0,32,0.09982047,1.001,0.08272644171428571,0.829,203.58,far
B-3403C,mult,2023-02-22 14:22:00,2023-02-22 15:48:00,86.0,87,0.12274787,1.23,0.06840769191752578,0.686,201.4,far
B-3403C,mult,2023-02-24 18:39:00,2023-02-24 20:13:00,94.0,95,0.12562676,1.259,0.0869190946,0.871,199.22,far
B-3403C,mult,2023-02-27 05:47:00,2023-02-27 07:24:00,97.0,98,0.15853222,1.589,0.09314996208333334,0.934,196.76,far
B-3403C,mult,2023-02-28 00:04:00,2023-02-28 02:25:00,141.0,142,0.1049092,1.052,0.09354381951315789,0.938,196.0,far
B-3403C,mult,2023-02-28 03:33:00,2023-02-28 04:50:00,77.0,78,0.10591715,1.062,0.09336849026136364,0.936,195.85,far
B-3403C,mult,2023-03-04 16:23:00,2023-03-04 16:56:00,33.0,34,0.12353067,1.238,0.10333074302272727,1.036,191.32,far
B-3403C,mult,2023-03-04 16:58:00,2023-03-04 17:02:00,4.0,5,0.13987201,1.402,0.11727410853333334,1.176,191.29,far
B-3403C,mult,2023-03-05 02:00:00,2023-03-05 03:09:00,69.0,70,0.11268464,1.13,0.08420601835,0.844,190.92,far
B-3403C,mult,2023-04-28 10:17:00,2023-04-28 10:32:00,15.0,16,0.13715973,1.375,0.09982850280769232,1.001,136.57,far
B-3403C,mult,2023-04-29 02:31:00,2023-04-29 04:00:00,89.0,90,0.15891916,1.593,0.08222474553999999,0.824,135.9,far
B-3403C,mult,2023-05-05 01:11:00,2023-05-05 02:20:00,69.0,70,0.10555825,1.058,0.0924782144625,0.927,129.95,far
B-3403C,mult,2023-05-05 14:05:00,2023-05-05 15:52:00,107.0,108,0.10374938,1.04,0.09389553472033899,0.941,129.41,far
B-3403C,mult,2023-05-14 06:22:00,2023-05-14 07:53:00,91.0,92,0.120718375,1.21,0.0688595882254902,0.69,120.73,far
B-3403C,mult,2023-05-31 19:12:00,2023-05-31 19:52:00,40.0,41,0.1074575,1.077,0.0815309913137255,0.817,103.2,far
B-3403C,mult,2023-06-04 12:14:00,2023-06-04 13:50:00,96.0,97,0.11351218,1.138,0.08690087550467288,0.871,99.49,far
B-3403C,mult,2023-06-04 17:34:00,2023-06-04 19:10:00,96.0,97,0.103561975,1.038,0.09021584356074767,0.904,99.27,far
B-3403C,mult,2023-06-06 20:25:00,2023-06-06 21:22:00,57.0,58,0.10279802,1.03,0.09158093195588235,0.918,97.15,far
B-3403C,mult,2023-06-07 00:36:00,2023-06-07 01:49:00,73.0,74,0.10741625,1.077,0.08609262408333333,0.863,96.97,far
B-3403C,mult,2023-06-08 07:35:00,2023-06-08 08:08:00,33.0,34,0.16651425,1.669,0.1245519772954545,1.249,95.68,far
B-3403C,mult,2023-07-06 17:24:00,2023-07-06 18:59:00,95.0,96,0.116692506,1.17,0.08302144517924528,0.832,67.28,far
B-3403C,mult,2023-07-07 13:11:00,2023-07-07 14:43:00,92.0,93,0.26354063,2.642,0.10413477955339803,1.044,66.45,far
B-3403C,mult,2023-07-07 14:53:00,2023-07-07 15:05:00,12.0,13,0.10795021,1.082,0.09254505334782608,0.928,66.38,far
B-3403C,mult,2023-07-07 15:08:00,2023-07-07 16:11:00,63.0,64,0.10427343,1.045,0.0646087262972973,0.648,66.37,far
B-3403C,mult,2023-07-12 18:51:00,2023-07-12 19:49:00,58.0,59,0.106795795,1.071,0.07092420165217392,0.711,61.21,far
B-3403C,mult,2023-07-13 00:50:00,2023-07-13 01:52:00,62.0,63,0.11516212,1.154,0.07904143300000001,0.792,60.97,far
B-3403C,mult,2023-07-13 18:48:00,2023-07-13 19:40:00,52.0,53,0.12358887,1.239,0.08264929871428574,0.828,60.22,far
B-3403C,mult,2023-07-16 00:51:00,2023-07-16 02:42:00,111.0,112,0.2718786,2.725,0.10977991911475408,1.1,57.96,far
B-3403C,mult,2023-07-16 23:22:00,2023-07-17 00:51:00,89.0,90,0.11075072,1.11,0.06381211478999999,0.64,57.03,far
B-3403C,mult,2023-07-19 11:46:00,2023-07-19 13:19:00,93.0,94,0.16178967,1.622,0.086940840625,0.872,54.51,far
B-3403C,mult,2023-07-24 11:59:00,2023-07-24 13:22:00,83.0,84,0.11966562,1.2,0.07011524757446809,0.703,49.5,far
B-3403C,mult,2023-08-02 02:03:00,2023-08-02 03:07:00,64.0,65,0.116823316,1.171,0.07057489346666666,0.707,40.91,far
B-3403C,mult,2023-08-04 06:27:00,2023-08-04 07:37:00,70.0,71,0.15668269,1.571,0.08110783938271604,0.813,38.73,far
B-3403C,mult,2023-08-08 19:19:00,2023-08-08 20:58:00,99.0,100,0.23218352,2.327,0.10779879379090909,1.081,34.2,far
B-3403C,mult,2023-08-10 10:38:00,2023-08-10 12:06:00,88.0,89,0.109114915,1.094,0.08976466063636362,0.9,32.56,far
B-3403C,mult,2023-08-10 18:17:00,2023-08-10 20:17:00,120.0,121,0.11759524,1.179,0.09627419541221374,0.965,32.24,far
B-3403C,mult,2023-08-10 21:54:00,2023-08-10 22:52:00,58.0,59,0.10521388,1.055,0.08878293334782607,0.89,32.09,far
B-3403C,mult,2023-08-13 03:43:00,2023-08-13 05:22:00,99.0,100,0.11002469,1.103,0.09415819805454548,0.944,29.85,far
B-3403C,mult,2023-08-13 10:41:00,2023-08-13 12:22:00,101.0,102,0.14793824,1.483,0.09732262629464286,0.976,29.55,far
B-3403C,mult,2023-08-18 04:26:00,2023-08-18 05:24:00,58.0,59,0.11524807,1.155,0.08348622801449276,0.837,24.82,far
B-3403C,mult,2023-08-23 09:46:00,2023-08-23 11:16:00,90.0,91,0.13079517,1.311,0.07559927143564357,0.758,19.59,far
B-3403C,mult,2023-08-29 22:21:00,2023-08-29 23:45:00,84.0,85,0.11678106,1.171,0.08488302264210527,0.851,13.07,far
B-3403C,mult,2023-09-02 09:11:00,2023-09-02 09:12:00,1.0,2,0.11652408,1.168,0.09527208608333333,0.955,9.62,near_10d
B-3403C,mult,2023-09-02 09:14:00,2023-09-02 10:42:00,88.0,89,0.11652408,1.168,0.0783998620909091,0.786,9.62,near_10d
B-3403C,mult,2023-09-04 17:02:00,2023-09-04 18:49:00,107.0,108,0.1278268,1.281,0.09333499912711862,0.936,7.29,near_10d
B-3403C,mult,2023-09-04 22:31:00,2023-09-04 23:51:00,80.0,81,0.10973988,1.1,0.08986680738461537,0.901,7.06,near_10d
B-3403C,mult,2023-09-05 03:06:00,2023-09-05 05:43:00,157.0,158,0.11066292,1.109,0.09810764674404762,0.983,6.87,near_10d
B-3403C,mult,2023-09-11 17:02:00,2023-09-11 18:52:00,110.0,111,0.122485854,1.228,0.09032070680165288,0.905,0.29,near_48h
B-3403C,mult,2023-09-12 18:40:00,2023-09-12 18:59:00,19.0,20,0.33282962,3.336,0.21228440766666667,2.128,0.78,near_48h
B-402E,mult,2017-07-04 14:40:00,2017-07-04 15:37:00,57.0,58,0.04115046,2.087,0.030594157617647062,1.551,847.85,far
B-402E,mult,2017-07-13 08:32:00,2017-07-13 11:57:00,205.0,206,0.046201047,2.343,0.02625725124537037,1.332,839.11,far
B-402E,mult,2017-07-13 15:01:00,2017-07-13 15:53:00,52.0,53,0.032855876,1.666,0.02562488453968254,1.299,838.84,far
B-402E,mult,2017-07-28 12:26:00,2017-07-28 14:50:00,144.0,145,0.04614907,2.34,0.024270165490322577,1.231,823.94,far
B-402E,mult,2017-07-28 18:52:00,2017-07-29 00:53:00,361.0,362,0.030354792,1.539,0.019390706356182796,0.983,823.68,far
B-402E,mult,2017-07-29 02:30:00,2017-07-29 05:57:00,207.0,208,0.024971109,1.266,0.01901761092660551,0.964,823.36,far
B-402E,mult,2017-07-29 06:11:00,2017-07-29 08:13:00,122.0,123,0.02378009,1.206,0.018063651853383458,0.916,823.2,far
B-402E,mult,2017-07-29 08:36:00,2017-07-29 10:51:00,135.0,136,0.025293011,1.283,0.01821378268150685,0.924,823.1,far
B-402E,mult,2017-07-29 13:02:00,2017-07-29 16:46:00,224.0,225,0.02446756,1.241,0.01868581295106383,0.948,822.92,far
B-402E,mult,2017-07-29 17:14:00,2017-07-29 21:51:00,277.0,278,0.023504615,1.192,0.018068240618055557,0.916,822.74,far
B-402E,mult,2017-07-29 22:28:00,2017-07-29 23:23:00,55.0,56,0.02227781,1.13,0.017371758159090908,0.881,822.53,far
B-402E,mult,2017-07-29 23:36:00,2017-07-29 23:37:00,1.0,2,0.023503667,1.192,0.018853560916666668,0.956,822.48,far
B-402E,mult,2017-07-29 23:46:00,2017-07-30 00:45:00,59.0,60,0.022154603,1.123,0.01814893435714286,0.92,822.47,far
B-402E,mult,2017-07-30 00:54:00,2017-07-30 03:34:00,160.0,161,0.02317861,1.175,0.018316977847953216,0.929,822.42,far
B-402E,mult,2017-07-30 03:44:00,2017-07-30 03:54:00,10.0,11,0.020216031,1.025,0.01731712733333333,0.878,822.31,far
B-402E,mult,2017-07-30 04:00:00,2017-07-30 06:00:00,120.0,121,0.023074184,1.17,0.01813654799236641,0.92,822.3,far
B-402E,mult,2017-07-30 06:02:00,2017-07-30 06:10:00,8.0,9,0.020842174,1.057,0.01780293947368421,0.903,822.21,far
B-402E,mult,2017-07-30 10:10:00,2017-07-30 13:34:00,204.0,205,0.027033549,1.371,0.019255380595348842,0.976,822.04,far
B-402E,mult,2017-07-30 13:45:00,2017-07-30 15:49:00,124.0,125,0.022645503,1.148,0.018304523403703702,0.928,821.89,far
B-402E,mult,2017-07-30 17:30:00,2017-07-30 20:32:00,182.0,183,0.022828836,1.158,0.01844528096373057,0.935,821.73,far
B-402E,mult,2017-07-30 20:57:00,2017-07-30 21:13:00,16.0,17,0.023258615,1.179,0.01899793985185185,0.963,821.59,far
B-402E,mult,2017-07-30 21:17:00,2017-07-30 23:40:00,143.0,144,0.023033692,1.168,0.01803184723701299,0.914,821.58,far
B-402E,mult,2017-07-31 00:53:00,2017-07-31 01:30:00,37.0,38,0.022167632,1.124,0.0169481685625,0.859,821.43,far
B-402E,mult,2017-07-31 02:35:00,2017-07-31 09:35:00,420.0,421,0.02273774,1.153,0.01821813697099768,0.924,821.35,far
B-402E,mult,2017-07-31 09:57:00,2017-07-31 09:58:00,1.0,2,0.023561167,1.195,0.01900207358333333,0.964,821.05,far
B-402E,mult,2017-07-31 10:34:00,2017-07-31 10:49:00,15.0,16,0.019731171,1.001,0.01669393623076923,0.847,821.02,far
B-402E,mult,2017-07-31 13:07:00,2017-07-31 14:16:00,69.0,70,0.022689529,1.151,0.01769254995,0.897,820.92,far
B-402E,mult,2017-07-31 20:46:00,2017-08-01 03:02:00,376.0,377,0.040179174,2.038,0.02119815984366925,1.075,820.6,far
B-402E,mult,2017-08-01 03:06:00,2017-08-01 05:12:00,126.0,127,0.028345313,1.437,0.019776985474452554,1.003,820.33,far
B-402E,mult,2017-08-06 14:48:00,2017-08-06 16:34:00,106.0,107,0.035172533,1.784,0.021032720606837606,1.067,814.85,far
B-402E,mult,2017-08-07 09:04:00,2017-08-07 11:11:00,127.0,128,0.038047943,1.929,0.021773602757246376,1.104,814.08,far
B-402E,mult,2017-08-07 11:39:00,2017-08-07 11:39:00,0.0,1,0.020226667,1.026,0.018807620272727272,0.954,813.98,far
B-402E,mult,2017-08-07 11:43:00,2017-08-07 20:28:00,525.0,526,0.026135154,1.325,0.019066493920708957,0.967,813.97,far
B-402E,mult,2017-08-07 20:59:00,2017-08-08 01:41:00,282.0,283,0.028052723,1.423,0.01890419070989761,0.959,813.59,far
B-402E,mult,2017-08-08 02:17:00,2017-08-08 11:13:00,536.0,537,0.029829247,1.513,0.019610628467093234,0.994,813.37,far
B-402E,mult,2017-08-08 12:13:00,2017-08-08 12:21:00,8.0,9,0.021447686,1.088,0.017121874552631578,0.868,812.95,far
B-402E,mult,2017-08-08 12:48:00,2017-08-08 17:23:00,275.0,276,0.027864134,1.413,0.019346608307692314,0.981,812.93,far
B-402E,mult,2017-08-08 21:28:00,2017-08-09 05:28:00,480.0,481,0.028757753,1.458,0.019204248297352344,0.974,812.57,far
B-402E,mult,2017-08-09 06:02:00,2017-08-09 07:00:00,58.0,59,0.023898654,1.212,0.019556455014492758,0.992,812.21,far
B-402E,mult,2017-08-09 19:16:00,2017-08-09 20:04:00,48.0,49,0.02492405,1.264,0.016317356898305085,0.827,811.66,far
B-402E,mult,2017-08-10 05:47:00,2017-08-10 06:27:00,40.0,41,0.022662839,1.149,0.017166836450980393,0.871,811.22,far
B-402E,mult,2017-08-10 07:32:00,2017-08-10 07:54:00,22.0,23,0.021509016,1.091,0.01687526421212121,0.856,811.15,far
B-402E,mult,2017-08-10 12:17:00,2017-08-10 13:24:00,67.0,68,0.023796372,1.207,0.016098628705128206,0.816,810.95,far
B-402E,mult,2017-08-11 03:20:00,2017-08-11 03:52:00,32.0,33,0.02076408,1.053,0.016107101744186045,0.817,810.32,far
B-402E,mult,2017-08-14 06:38:00,2017-08-14 08:33:00,115.0,116,0.040256206,2.041,0.021135232198412696,1.072,807.19,far
B-402E,mult,2017-08-14 10:53:00,2017-08-14 11:24:00,31.0,32,0.021528393,1.092,0.016257583761904764,0.824,807.01,far
B-402E,mult,2017-08-14 12:39:00,2017-08-14 13:38:00,59.0,60,0.023036337,1.168,0.01738323400714285,0.882,806.94,far
B-402E,mult,2017-08-14 23:36:00,2017-08-15 00:29:00,53.0,54,0.022308718,1.131,0.0167187530859375,0.848,806.48,far
B-402E,mult,2017-08-15 05:59:00,2017-08-15 06:52:00,53.0,54,0.021823533,1.107,0.01659639784375,0.842,806.21,far
B-402E,mult,2017-08-15 07:53:00,2017-08-15 08:44:00,51.0,52,0.021919765,1.112,0.016815690935483872,0.853,806.13,far
B-402E,mult,2017-08-15 14:18:00,2017-08-15 15:36:00,78.0,79,0.025994003,1.318,0.018937962292134833,0.96,805.87,far
B-402E,mult,2017-08-15 16:13:00,2017-08-15 16:16:00,3.0,4,0.02065692,1.048,0.01821848142857143,0.924,805.79,far
B-402E,mult,2017-08-15 16:19:00,2017-08-15 16:19:00,0.0,1,0.020830607,1.056,0.01859140390909091,0.943,805.78,far
B-402E,mult,2017-08-15 16:24:00,2017-08-15 16:25:00,1.0,2,0.020830607,1.056,0.01860692083333333,0.944,805.78,far
B-402E,mult,2017-08-15 16:27:00,2017-08-15 17:05:00,38.0,39,0.022693459,1.151,0.018326932020408162,0.929,805.78,far
B-402E,mult,2017-08-15 21:24:00,2017-08-15 22:34:00,70.0,71,0.022503143,1.141,0.018150075277777778,0.92,805.57,far
B-402E,mult,2017-08-15 23:01:00,2017-08-16 00:59:00,118.0,119,0.022753218,1.154,0.018000456023255812,0.913,805.5,far
B-402E,mult,2017-08-16 01:22:00,2017-08-16 05:35:00,253.0,254,0.025479171,1.292,0.018788678977272728,0.953,805.41,far
B-402E,mult,2017-08-16 05:45:00,2017-08-16 05:48:00,3.0,4,0.02142107,1.086,0.017498776642857143,0.887,805.22,far
B-402E,mult,2017-08-16 05:57:00,2017-08-16 06:17:00,20.0,21,0.019932954,1.011,0.01658730248387097,0.841,805.21,far
B-402E,mult,2017-08-16 07:37:00,2017-08-16 09:27:00,110.0,111,0.023796387,1.207,0.01873874232231405,0.95,805.15,far
B-402E,mult,2017-08-16 09:46:00,2017-08-16 11:30:00,104.0,105,0.023595456,1.197,0.017989299956521737,0.912,805.06,far
B-402E,mult,2017-08-16 11:58:00,2017-08-16 13:29:00,91.0,92,0.023734715,1.204,0.017821443362745097,0.904,804.96,far
B-402E,mult,2017-08-16 15:07:00,2017-08-16 15:14:00,7.0,8,0.02112659,1.071,0.018496221888888893,0.938,804.83,far
B-402E,mult,2017-08-16 15:18:00,2017-08-16 18:52:00,214.0,215,0.03051291,1.547,0.019002615555555553,0.964,804.83,far
B-402E,mult,2017-08-16 19:24:00,2017-08-16 22:20:00,176.0,177,0.031804815,1.613,0.020037557700534756,1.016,804.65,far
B-402E,mult,2017-08-28 02:43:00,2017-08-28 08:11:00,328.0,329,0.03518657,1.784,0.02036678247492625,1.033,793.35,far
B-402E,mult,2017-08-28 08:30:00,2017-08-28 17:03:00,513.0,514,0.03091977,1.568,0.01907908575,0.968,793.11,far
B-402E,mult,2017-08-28 17:46:00,2017-08-28 20:37:00,171.0,172,0.03521347,1.786,0.019876491021978023,1.008,792.72,far
B-402E,mult,2017-08-28 21:08:00,2017-08-28 23:03:00,115.0,116,0.024164205,1.225,0.018403054079365086,0.933,792.58,far
B-402E,mult,2017-08-28 23:52:00,2017-08-29 05:03:00,311.0,312,0.027514482,1.395,0.01915898530900621,0.972,792.47,far
B-402E,mult,2017-08-29 07:22:00,2017-08-29 11:17:00,235.0,236,0.02806904,1.423,0.019426410126016258,0.985,792.16,far
B-402E,mult,2017-08-29 21:06:00,2017-08-30 02:43:00,337.0,338,0.03299431,1.673,0.021013322896551723,1.066,791.58,far
B-402E,mult,2017-08-30 03:00:00,2017-08-30 06:50:00,230.0,231,0.023331355,1.183,0.01875767841493776,0.951,791.34,far
B-402E,mult,2017-08-30 06:55:00,2017-08-30 19:14:00,739.0,740,0.026565181,1.347,0.019192036526,0.973,791.17,far
B-402E,mult,2017-08-30 20:08:00,2017-08-30 21:35:00,87.0,88,0.0233681,1.185,0.018461385469387755,0.936,790.62,far
B-402E,mult,2017-08-31 00:38:00,2017-08-31 02:19:00,101.0,102,0.025215289,1.279,0.01851767452232143,0.939,790.44,far
B-402E,mult,2017-08-31 21:55:00,2017-09-01 00:37:00,162.0,163,0.029561516,1.499,0.01915655478034682,0.971,789.55,far
B-402E,mult,2017-09-01 01:57:00,2017-09-01 03:19:00,82.0,83,0.023781594,1.206,0.01754418651075269,0.89,789.38,far
B-402E,mult,2017-09-01 04:30:00,2017-09-01 04:57:00,27.0,28,0.020757172,1.053,0.016913601815789478,0.858,789.27,far
B-402E,mult,2017-09-01 11:12:00,2017-09-01 12:07:00,55.0,56,0.022042824,1.118,0.01751146216666667,0.888,789.0,far
B-402E,mult,2017-09-01 15:46:00,2017-09-01 16:35:00,49.0,50,0.021036774,1.067,0.017066027950000003,0.865,788.81,far
B-402E,mult,2017-09-09 11:36:00,2017-09-09 13:22:00,106.0,107,0.037993338,1.927,0.02137445194444445,1.084,780.98,far
B-402E,mult,2017-09-09 16:12:00,2017-09-09 17:34:00,82.0,83,0.021687442,1.1,0.01750618465591398,0.888,780.79,far
B-402E,mult,2017-09-09 19:15:00,2017-09-09 20:11:00,56.0,57,0.021804994,1.106,0.017767459216417907,0.901,780.66,far
B-402E,mult,2017-09-09 20:26:00,2017-09-09 20:57:00,31.0,32,0.020393552,1.034,0.017152648095238095,0.87,780.61,far
B-402E,mult,2017-09-09 22:13:00,2017-09-10 00:02:00,109.0,110,0.029580358,1.5,0.018559570412499997,0.941,780.54,far
B-402E,mult,2017-09-14 16:00:00,2017-09-14 17:46:00,106.0,107,0.034357954,1.742,0.01991091451282051,1.01,775.8,far
B-402E,mult,2017-09-15 04:01:00,2017-09-15 05:49:00,108.0,109,0.03229282,1.638,0.020996301281512603,1.065,775.3,far
B-402E,mult,2017-09-15 13:09:00,2017-09-15 15:18:00,129.0,130,0.023035359,1.168,0.017834514367857143,0.904,774.91,far
B-402E,mult,2017-09-15 15:40:00,2017-09-15 15:40:00,0.0,1,0.02003681,1.016,0.017801606545454547,0.903,774.81,far
B-402E,mult,2017-09-15 15:49:00,2017-09-15 15:49:00,0.0,1,0.020786919,1.054,0.017276035999999998,0.876,774.8,far
B-402E,mult,2017-09-15 15:59:00,2017-09-15 17:03:00,64.0,65,0.03133693,1.589,0.019224394973333333,0.975,774.8,far
B-402E,mult,2017-09-15 21:53:00,2017-09-15 23:23:00,90.0,91,0.02469448,1.252,0.018780179356435646,0.952,774.55,far
B-402E,mult,2017-09-16 08:48:00,2017-09-16 21:58:00,790.0,791,0.02720124,1.379,0.0197868557278402,1.003,774.1,far
B-402E,mult,2017-09-16 22:27:00,2017-09-17 00:57:00,150.0,151,0.030417927,1.543,0.020555260621118013,1.042,773.53,far
B-402E,mult,2017-09-17 01:36:00,2017-09-17 03:32:00,116.0,117,0.029776864,1.51,0.01996672202755905,1.013,773.4,far
B-402E,mult,2017-09-17 05:56:00,2017-09-17 06:00:00,4.0,5,0.022753421,1.154,0.01819355606666667,0.923,773.22,far
B-402E,mult,2017-09-17 06:07:00,2017-09-17 10:32:00,265.0,266,0.024324238,1.234,0.018946617846014494,0.961,773.21,far
B-402E,mult,2017-09-17 11:12:00,2017-09-17 14:36:00,204.0,205,0.029351182,1.488,0.020260944753488375,1.027,773.0,far
B-402E,mult,2017-09-17 17:54:00,2017-09-17 19:27:00,93.0,94,0.022344919,1.133,0.01738093553846154,0.881,772.72,far
B-402E,mult,2017-09-17 21:05:00,2017-09-17 22:05:00,60.0,61,0.02214716,1.123,0.01766654581690141,0.896,772.58,far
B-402E,mult,2017-09-18 08:58:00,2017-09-18 09:48:00,50.0,51,0.021188993,1.075,0.016785529860655738,0.851,772.09,far
B-402E,mult,2017-09-18 10:24:00,2017-09-18 12:55:00,151.0,152,0.03692566,1.873,0.02276141615432099,1.154,772.03,far
B-402E,mult,2017-09-18 13:56:00,2017-09-18 14:05:00,9.0,10,0.01994124,1.011,0.01827973785,0.927,771.88,far
B-402E,mult,2017-09-18 14:09:00,2017-09-18 15:14:00,65.0,66,0.026251432,1.331,0.018821196578947368,0.954,771.87,far
B-402E,mult,2017-09-18 15:27:00,2017-09-18 17:23:00,116.0,117,0.035471518,1.799,0.02296999855905512,1.165,771.82,far
B-402E,mult,2017-09-18 19:38:00,2017-09-18 20:46:00,68.0,69,0.026254395,1.331,0.020089072151898736,1.019,771.64,far
B-402E,mult,2017-11-01 15:37:00,2017-11-01 17:12:00,95.0,96,0.08489777,4.305,0.05185827336792452,2.63,727.81,far
B-402E,mult,2017-11-09 22:28:00,2017-11-10 00:02:00,94.0,95,0.030164693,1.53,0.011917730419999998,0.604,719.53,far
B-402E,mult,2017-11-11 00:40:00,2017-11-11 01:48:00,68.0,69,0.03139975,1.592,0.0125864780278481,0.638,718.43,far
B-402E,mult,2017-12-08 12:29:00,2017-12-08 14:07:00,98.0,99,0.03216895,1.631,0.014635947106422019,0.742,690.94,far
B-402E,mult,2017-12-12 20:20:00,2017-12-12 20:21:00,1.0,2,0.02653064,1.345,0.012972573575000002,0.658,686.62,far
B-402E,mult,2017-12-26 09:47:00,2017-12-26 11:31:00,104.0,105,0.027553152,1.397,0.015232195962608696,0.772,673.05,far
B-402E,mult,2018-01-01 20:25:00,2018-01-01 21:59:00,94.0,95,0.029206213,1.481,0.01194152483904762,0.606,666.61,far
B-402E,mult,2018-01-04 07:41:00,2018-01-04 09:01:00,80.0,81,0.030036317,1.523,0.010983525041758242,0.557,664.14,far
B-402E,mult,2018-01-10 17:07:00,2018-01-10 18:49:00,102.0,103,0.028592832,1.45,0.015218588609734513,0.772,657.75,far
B-402E,mult,2018-01-11 17:24:00,2018-01-11 18:30:00,66.0,67,0.02890567,1.466,0.013914449593506493,0.706,656.74,far
B-402E,mult,2018-01-19 22:07:00,2018-01-19 23:00:00,53.0,54,0.02441177,1.238,0.0152012938046875,0.771,648.54,far
B-402E,mult,2018-01-21 14:22:00,2018-01-21 14:25:00,3.0,4,0.025955189,1.316,0.01212437642857143,0.615,646.86,far
B-402E,mult,2018-01-21 22:56:00,2018-01-21 23:52:00,56.0,57,0.027057473,1.372,0.01031759913880597,0.523,646.51,far
B-402E,mult,2018-01-29 10:29:00,2018-01-29 12:03:00,94.0,95,0.04712412,2.39,0.018013916085714284,0.914,639.03,far
B-402E,mult,2018-02-12 05:15:00,2018-02-12 06:05:00,50.0,51,0.02930539,1.486,0.02208352768852459,1.12,625.24,far
B-402E,mult,2018-02-18 00:10:00,2018-02-18 01:06:00,56.0,57,0.024488548,1.242,0.012391585641791046,0.628,619.46,far
B-402E,mult,2018-02-22 22:02:00,2018-02-22 23:02:00,60.0,61,0.025874909,1.312,0.014938662192957747,0.758,614.54,far
B-402E,mult,2018-03-08 21:12:00,2018-03-08 22:46:00,94.0,95,0.07297154,3.7,0.025235362029523808,1.28,600.58,far
B-402E,mult,2018-03-09 17:27:00,2018-03-09 18:26:00,59.0,60,0.02737592,1.388,0.011802056805714283,0.598,599.74,far
B-402E,mult,2018-03-13 08:40:00,2018-03-13 10:15:00,95.0,96,0.044037342,2.233,0.015179465536792454,0.77,596.1,far
B-402E,mult,2018-03-14 20:19:00,2018-03-14 21:57:00,98.0,99,0.06614538,3.354,0.022096280167889903,1.121,594.62,far
B-402E,mult,2018-03-19 14:53:00,2018-03-19 15:14:00,21.0,22,0.02402964,1.219,0.01217656440625,0.617,589.84,far
B-402E,mult,2018-04-10 10:42:00,2018-04-10 12:14:00,92.0,93,0.030165393,1.53,0.013394582540776698,0.679,568.02,far
B-402E,mult,2018-04-11 17:47:00,2018-04-11 19:11:00,84.0,85,0.040482514,2.053,0.017054628457894738,0.865,566.72,far
B-402E,mult,2018-04-13 17:56:00,2018-04-13 19:37:00,101.0,102,0.034138463,1.731,0.015770753013392858,0.8,564.72,far
B-402E,mult,2018-04-19 07:27:00,2018-04-19 08:22:00,55.0,56,0.023082823,1.171,0.008491388933333333,0.431,559.15,far
B-402E,mult,2018-04-29 15:12:00,2018-04-29 17:01:00,109.0,110,0.031570315,1.601,0.013119998135,0.665,548.83,far
B-402E,mult,2018-05-02 18:18:00,2018-05-02 19:48:00,90.0,91,0.04095153,2.077,0.014305841949504948,0.725,545.7,far
B-402E,mult,2018-05-07 17:55:00,2018-05-07 19:38:00,103.0,104,0.04015215,2.036,0.019051557072807018,0.966,540.72,far
B-402E,mult,2018-05-10 22:09:00,2018-05-10 23:39:00,90.0,91,0.029513614,1.497,0.012404910330693072,0.629,537.54,far
B-402E,mult,2018-05-21 11:21:00,2018-05-21 12:22:00,61.0,62,0.029575037,1.5,0.014389442326388887,0.73,526.99,far
B-402E,mult,2018-05-22 09:43:00,2018-05-22 09:58:00,15.0,16,0.020570828,1.043,0.010127916769230768,0.514,526.06,far
B-402E,mult,2018-05-26 21:22:00,2018-05-26 21:23:00,1.0,2,0.023388049,1.186,0.009997409766666668,0.507,521.57,far
B-402E,mult,2018-05-29 08:57:00,2018-05-29 10:36:00,99.0,100,0.0305511,1.549,0.015361777188181823,0.779,519.09,far
B-402E,mult,2018-05-31 02:34:00,2018-05-31 03:59:00,85.0,86,0.04150084,2.105,0.012426792346875,0.63,517.36,far
B-402E,mult,2018-06-01 03:11:00,2018-06-01 04:28:00,77.0,78,0.031446423,1.595,0.01261495718522727,0.64,516.33,far
B-402E,mult,2018-06-15 18:45:00,2018-06-15 19:48:00,63.0,64,0.040427867,2.05,0.02700436988513514,1.369,501.68,far
B-402E,mult,2018-07-20 21:59:00,2018-07-20 23:08:00,69.0,70,0.028954811,1.468,0.010425351769999999,0.529,466.55,far
B-402E,mult,2018-07-31 12:03:00,2018-07-31 13:13:00,70.0,71,0.037088502,1.881,0.015175826779012346,0.77,455.96,far
B-402E,mult,2018-08-09 07:07:00,2018-08-09 07:34:00,27.0,28,0.022032809,1.117,0.010702437768421053,0.543,447.17,far
B-402E,mult,2018-08-09 13:43:00,2018-08-09 14:40:00,57.0,58,0.028949501,1.468,0.009742960572058824,0.494,446.89,far
B-402E,mult,2018-08-19 10:39:00,2018-08-19 12:10:00,91.0,92,0.02246049,1.139,0.013982339285294116,0.709,437.02,far
B-402E,mult,2018-08-22 15:27:00,2018-08-22 16:38:00,71.0,72,0.023938967,1.214,0.016454714987804875,0.834,433.82,far
B-402E,mult,2018-09-18 16:05:00,2018-09-18 17:51:00,106.0,107,0.05109153,2.591,0.011101920905982906,0.563,406.79,far
B-402E,mult,2018-09-27 00:06:00,2018-09-27 01:05:00,59.0,60,0.05092781,2.583,0.016971583368571425,0.861,398.46,far
B-402E,mult,2018-09-28 21:51:00,2018-09-28 21:53:00,2.0,3,0.019960431,1.012,0.009791071476923078,0.497,396.55,far
B-402E,mult,2018-11-02 09:36:00,2018-11-02 11:03:00,87.0,88,0.025795251,1.308,0.01365985443367347,0.693,362.06,far
B-402E,mult,2018-11-11 21:36:00,2018-11-11 22:12:00,36.0,37,0.02483791,1.26,0.010215983800000002,0.518,352.56,far
B-402E,mult,2018-11-19 22:16:00,2018-11-19 23:16:00,60.0,61,0.0281199,1.426,0.011574476673239437,0.587,344.53,far
B-402E,mult,2018-11-25 02:01:00,2018-11-25 03:44:00,103.0,104,0.037192892,1.886,0.015423976365789474,0.782,339.38,far
B-402E,mult,2018-12-06 13:38:00,2018-12-06 15:26:00,108.0,109,0.07264422,3.684,0.020109204481512606,1.02,327.89,far
B-402E,mult,2018-12-09 19:26:00,2018-12-09 19:28:00,2.0,3,0.020736841,1.052,0.009310820861538461,0.472,324.65,far
B-402E,mult,2018-12-17 05:30:00,2018-12-17 07:01:00,91.0,92,0.024718966,1.254,0.01189530341666667,0.603,317.23,far
B-402E,mult,2018-12-18 00:05:00,2018-12-18 01:48:00,103.0,104,0.035028752,1.776,0.012490534814912281,0.633,316.46,far
B-402E,mult,2019-01-04 14:01:00,2019-01-04 15:26:00,85.0,86,0.026145564,1.326,0.011258926202083333,0.571,298.88,far
B-402E,mult,2019-01-17 18:49:00,2019-01-17 20:33:00,104.0,105,0.03065147,1.554,0.01261084391043478,0.64,285.68,far
B-402E,mult,2019-01-18 16:50:00,2019-01-18 17:55:00,65.0,66,0.043920357,2.227,0.013925614699999998,0.706,284.76,far
B-402E,mult,2019-02-05 17:42:00,2019-02-05 19:17:00,95.0,96,0.028264176,1.433,0.011630329989622643,0.59,266.73,far
B-402E,mult,2019-02-09 22:15:00,2019-02-09 23:54:00,99.0,100,0.041988585,2.129,0.01270946125,0.645,262.54,far
B-402E,mult,2019-02-26 15:39:00,2019-02-26 17:09:00,90.0,91,0.032602537,1.653,0.012435413355445544,0.631,245.81,far
B-402E,mult,2019-03-03 13:54:00,2019-03-03 15:28:00,94.0,95,0.039594825,2.008,0.01467411849047619,0.744,240.88,far
B-402E,mult,2019-03-20 17:12:00,2019-03-20 18:10:00,58.0,59,0.034112297,1.73,0.016303546695652173,0.827,223.75,far
B-402E,mult,2019-03-27 18:50:00,2019-03-27 20:07:00,77.0,78,0.023696134,1.202,0.011213946581818181,0.569,216.68,far
B-402E,mult,2019-03-30 01:27:00,2019-03-30 02:44:00,77.0,78,0.028877798,1.464,0.013802628912499998,0.7,214.4,far
B-402E,mult,2019-03-30 15:53:00,2019-03-30 17:28:00,95.0,96,0.02670541,1.354,0.01223140752264151,0.62,213.8,far
B-402E,mult,2019-04-16 18:02:00,2019-04-16 19:51:00,109.0,110,0.03318262,1.683,0.012935654501666668,0.656,196.71,far
B-402E,mult,2019-04-24 09:26:00,2019-04-24 11:09:00,103.0,104,0.03935715,1.996,0.02031684097982456,1.03,189.07,far
B-402E,mult,2019-04-24 22:07:00,2019-04-24 22:08:00,1.0,2,0.022574423,1.145,0.009144817183333332,0.464,188.54,far
B-402E,mult,2019-04-25 09:02:00,2019-04-25 09:04:00,2.0,3,0.021928163,1.112,0.0093501517,0.474,188.09,far
B-402E,mult,2019-05-03 08:45:00,2019-05-03 08:52:00,7.0,8,0.023724027,1.203,0.014813121972222223,0.751,180.1,far
B-402E,mult,2019-05-25 10:48:00,2019-05-25 12:35:00,107.0,108,0.027384305,1.389,0.01387269037542373,0.704,158.01,far
B-402E,mult,2019-05-25 14:41:00,2019-05-25 15:43:00,62.0,63,0.08962431,4.545,0.03021287508630137,1.532,157.85,far
B-402E,mult,2019-06-06 10:19:00,2019-06-06 10:29:00,10.0,11,0.021380102,1.084,0.010558437414285714,0.535,146.03,far
B-402E,mult,2019-06-09 16:57:00,2019-06-09 18:46:00,109.0,110,0.029061317,1.474,0.013669221274166667,0.693,142.76,far
B-402E,mult,2019-06-24 00:38:00,2019-06-24 02:19:00,101.0,102,0.04500707,2.282,0.017708754242857144,0.898,128.44,far
B-402E,mult,2019-07-03 05:32:00,2019-07-03 07:15:00,103.0,104,0.047884304,2.428,0.020427109373684207,1.036,119.23,far
B-402E,mult,2019-07-03 22:16:00,2019-07-03 23:28:00,72.0,73,0.038267333,1.941,0.013847148239759037,0.702,118.53,far
B-402E,mult,2019-07-09 14:54:00,2019-07-09 16:34:00,100.0,101,0.03821103,1.938,0.015187275366666664,0.77,112.84,far
B-402E,mult,2019-07-26 19:08:00,2019-07-26 20:57:00,109.0,110,0.032948613,1.671,0.013998843625833335,0.71,95.67,far
B-402E,mult,2019-08-03 01:46:00,2019-08-03 03:16:00,90.0,91,0.024967533,1.266,0.014954542815841581,0.758,88.39,far
B-402E,mult,2019-08-04 01:40:00,2019-08-04 03:16:00,96.0,97,0.035679586,1.809,0.014777985723364485,0.749,87.39,far
B-402E,mult,2019-08-14 20:01:00,2019-08-14 20:55:00,54.0,55,0.024084987,1.221,0.00806574746923077,0.409,76.63,far
B-402E,mult,2019-08-18 04:49:00,2019-08-18 04:50:00,1.0,2,0.021628983,1.097,0.016891717958333333,0.857,73.26,far
B-402E,mult,2019-08-24 21:13:00,2019-08-24 22:53:00,100.0,101,0.036142025,1.833,0.01971290330090091,1.0,66.58,far
B-402E,mult,2019-08-26 22:32:00,2019-08-27 00:14:00,102.0,103,0.031955607,1.621,0.015880149635398227,0.805,64.52,far
B-402E,mult,2019-09-09 11:20:00,2019-09-09 12:27:00,67.0,68,0.026840316,1.361,0.01010537162051282,0.512,50.99,far
B-402E,mult,2019-09-18 14:34:00,2019-09-18 16:14:00,100.0,101,0.029045425,1.473,0.017601750283783787,0.893,41.86,far
B-402E,mult,2019-10-07 12:52:00,2019-10-07 13:53:00,61.0,62,0.028376365,1.439,0.009012691325,0.457,22.93,far
B-402E,mult,2019-10-23 15:04:00,2019-10-23 16:01:00,57.0,58,0.027044496,1.371,0.00819076669852941,0.415,6.83,near_10d
B-402E,mult,2019-10-29 14:11:00,2019-10-29 15:59:00,108.0,109,0.04154158,2.107,0.016116977678991597,0.817,0.87,near_48h
B-402E,mult,2019-10-29 22:36:00,2019-10-29 23:57:00,81.0,82,0.03210019,1.628,0.011523468711956518,0.584,0.52,near_48h
B-4064A,mult,2024-05-01 12:19:00,2024-05-01 13:14:00,55.0,56,0.0501573,1.32,0.011983956592424244,0.315,120.82,far
B-4064A,mult,2024-05-02 23:33:00,2024-05-03 00:28:00,55.0,56,0.044639748,1.174,0.017654381015151516,0.464,119.35,far
B-4064A,mult,2024-05-04 00:45:00,2024-05-04 02:17:00,92.0,93,0.059059057,1.554,0.024453046320388354,0.643,118.3,far
B-4064A,mult,2024-05-07 14:19:00,2024-05-07 15:13:00,54.0,55,0.06171157,1.624,0.02049265383076923,0.539,114.74,far
B-4064A,mult,2024-05-08 16:23:00,2024-05-08 17:15:00,52.0,53,0.05733673,1.508,0.04536670599999999,1.194,113.65,far
B-4064A,mult,2024-05-08 17:17:00,2024-05-08 17:17:00,0.0,1,0.053538598,1.409,0.040519196727272735,1.066,113.61,far
B-4064A,mult,2024-05-08 17:51:00,2024-05-08 19:15:00,84.0,85,0.06913309,1.819,0.036182081342105266,0.952,113.59,far
B-4064A,mult,2024-05-09 18:42:00,2024-05-09 20:02:00,80.0,81,0.05464732,1.438,0.027074734806593406,0.712,112.55,far
B-4064A,mult,2024-05-14 21:17:00,2024-05-14 22:31:00,74.0,75,0.055915404,1.471,0.02953162399999999,0.777,107.45,far
B-4064A,mult,2024-05-15 09:54:00,2024-05-15 09:56:00,2.0,3,0.08585717,2.259,0.07221291253846154,1.9,106.92,far
B-4064A,mult,2024-05-15 09:58:00,2024-05-15 11:42:00,104.0,105,0.13691941,3.602,0.02889387816521739,0.76,106.92,far
B-4064A,mult,2024-05-17 21:00:00,2024-05-17 22:46:00,106.0,107,0.0898084,2.363,0.03698198720256409,0.973,104.46,far
B-4064A,mult,2024-05-23 04:56:00,2024-05-23 05:52:00,56.0,57,0.05330084,1.402,0.01244115386567164,0.327,99.13,far
B-4064A,mult,2024-06-01 06:16:00,2024-06-01 06:35:00,19.0,20,0.04033145,1.061,0.02024704565,0.533,90.07,far
B-4064A,mult,2024-06-08 21:58:00,2024-06-08 22:05:00,7.0,8,0.05033459,1.324,0.023718996166666666,0.624,82.42,far
B-4064A,mult,2024-06-13 09:57:00,2024-06-13 10:51:00,54.0,55,0.042000007,1.105,0.031527450595384615,0.829,77.92,far
B-4064A,mult,2024-06-14 00:41:00,2024-06-14 01:43:00,62.0,63,0.045417976,1.195,0.023910182787671232,0.629,77.3,far
B-4064A,mult,2024-06-17 04:34:00,2024-06-17 06:11:00,97.0,98,0.1149374,3.024,0.03288283472777777,0.865,74.14,far
B-4064A,mult,2024-06-22 09:10:00,2024-06-22 10:57:00,107.0,108,0.062282976,1.639,0.025951613516949152,0.683,68.95,far
B-4064A,mult,2024-06-22 15:40:00,2024-06-22 17:09:00,89.0,90,0.05081347,1.337,0.022424983534000003,0.59,68.68,far
B-4064A,mult,2024-06-25 11:16:00,2024-06-25 12:03:00,47.0,48,0.043582454,1.147,0.024996539287931035,0.658,65.86,far
B-4064A,mult,2024-07-07 06:09:00,2024-07-07 07:11:00,62.0,63,0.111509696,2.934,0.02971500738356165,0.782,54.08,far
B-4064A,mult,2024-07-14 20:55:00,2024-07-14 22:16:00,81.0,82,0.056913096,1.497,0.025774027048913045,0.678,46.46,far
B-4064A,mult,2024-07-16 18:12:00,2024-07-16 19:29:00,77.0,78,0.04227162,1.112,0.026822582011363637,0.706,44.57,far
B-4064A,mult,2024-07-19 22:29:00,2024-07-19 23:59:00,90.0,91,0.047845397,1.259,0.022693640400990096,0.597,41.4,far
B-4064A,mult,2024-08-09 12:31:00,2024-08-09 14:14:00,103.0,104,0.08390832,2.207,0.03331968116052632,0.877,20.81,far
B-4064A,mult,2024-08-16 11:35:00,2024-08-16 13:22:00,107.0,108,0.07080479,1.863,0.02602551509830509,0.685,13.85,far
B-4064A,mult,2024-08-21 11:22:00,2024-08-21 12:36:00,74.0,75,0.06907134,1.817,0.03169245365882353,0.834,8.86,near_10d
B-4064A,mult,2024-08-22 01:13:00,2024-08-22 02:52:00,99.0,100,0.06380617,1.679,0.026827768195454543,0.706,8.28,near_10d
B-4064A,mult,2024-08-22 20:43:00,2024-08-22 21:50:00,67.0,68,0.044236995,1.164,0.029148343435897426,0.767,7.47,near_10d
B-4064A,mult,2024-08-27 20:17:00,2024-08-27 22:05:00,108.0,109,0.06826802,1.796,0.03514862717226891,0.925,2.49,near_10d
B-4064A,mult,2024-08-28 12:45:00,2024-08-28 14:33:00,108.0,109,0.09029295,2.375,0.03744307405882353,0.985,1.8,near_48h
B-4064A,mult,2024-08-29 14:14:00,2024-08-29 15:11:00,57.0,58,0.048563156,1.278,0.031170216647058827,0.82,0.74,near_48h
B-4703.24001B,mult,2022-01-28 14:22:00,2022-01-28 14:58:00,36.0,37,0.06878531,2.786,0.04439398738297873,1.798,275.4,far
B-4703.24001B,mult,2022-01-28 15:00:00,2022-01-28 16:04:00,64.0,65,0.103012115,4.172,0.04962554034666666,2.01,275.38,far
B-4703.24001B,mult,2022-01-28 16:07:00,2022-01-28 17:59:00,112.0,113,0.081164464,3.287,0.028170885614634145,1.141,275.33,far
B-4703.24001B,mult,2022-01-28 19:23:00,2022-01-28 19:42:00,19.0,20,0.05114015,2.071,0.030741273033333332,1.245,275.19,far
B-4703.24001B,mult,2022-01-28 19:44:00,2022-01-28 21:55:00,131.0,132,0.052713647,2.135,0.023299768113380283,0.944,275.18,far
B-4703.24001B,mult,2022-01-31 18:18:00,2022-01-31 18:19:00,1.0,2,0.034715235,1.406,0.0191133585,0.774,272.24,far
B-4703.24001B,mult,2022-02-04 16:13:00,2022-02-04 17:25:00,72.0,73,0.04541937,1.84,0.01693457710843373,0.686,268.32,far
B-4703.24001B,mult,2022-02-05 19:16:00,2022-02-05 21:05:00,109.0,110,0.050703563,2.054,0.017639801385833334,0.714,267.2,far
B-4703.24001B,mult,2022-02-10 10:27:00,2022-02-10 10:31:00,4.0,5,0.04050989,1.641,0.022456172866666665,0.91,262.56,far
B-4703.24001B,mult,2022-02-10 11:09:00,2022-02-10 12:26:00,77.0,78,0.042314585,1.714,0.018773941886363634,0.76,262.54,far
B-4703.24001B,mult,2022-02-15 06:37:00,2022-02-15 07:34:00,57.0,58,0.04317182,1.749,0.013422091777941174,0.544,257.72,far
B-4703.24001B,mult,2022-02-15 11:18:00,2022-02-15 12:46:00,88.0,89,0.055384256,2.243,0.019132551645454545,0.775,257.53,far
B-4703.24001B,mult,2022-02-18 12:15:00,2022-02-18 14:08:00,113.0,114,0.05206155,2.109,0.02461197336693548,0.997,254.49,far
B-4703.24001B,mult,2022-02-18 17:22:00,2022-02-18 18:22:00,60.0,61,0.03675001,1.488,0.01494604223661972,0.605,254.28,far
B-4703.24001B,mult,2022-02-25 10:21:00,2022-02-25 11:19:00,58.0,59,0.036075257,1.461,0.012039923331884054,0.488,247.57,far
B-4703.24001B,mult,2022-02-25 12:30:00,2022-02-25 12:31:00,1.0,2,0.03174706,1.286,0.017198478,0.697,247.48,far
B-4703.24001B,mult,2022-03-08 10:41:00,2022-03-08 12:29:00,108.0,109,0.049025763,1.986,0.021500801899999995,0.871,236.55,far
B-4703.24001B,mult,2022-03-08 17:16:00,2022-03-08 18:16:00,60.0,61,0.03791271,1.536,0.01624246371830986,0.658,236.28,far
B-4703.24001B,mult,2022-03-09 16:37:00,2022-03-09 18:06:00,89.0,90,0.038432337,1.557,0.01848194962,0.749,235.31,far
B-4703.24001B,mult,2022-03-10 12:27:00,2022-03-10 12:31:00,4.0,5,0.039275303,1.591,0.02465683853333333,0.999,234.48,far
B-4703.24001B,mult,2022-03-10 12:33:00,2022-03-10 14:25:00,112.0,113,0.045650188,1.849,0.021902184154471545,0.887,234.48,far
B-4703.24001B,mult,2022-03-10 16:11:00,2022-03-10 18:17:00,126.0,127,0.040404264,1.636,0.020227026664233577,0.819,234.33,far
B-4703.24001B,mult,2022-03-11 10:46:00,2022-03-11 14:33:00,227.0,228,0.05338738,2.162,0.025838364455882352,1.046,233.55,far
B-4703.24001B,mult,2022-03-11 19:11:00,2022-03-11 19:12:00,1.0,2,0.030527415,1.236,0.022068567499999997,0.894,233.2,far
B-4703.24001B,mult,2022-03-14 16:09:00,2022-03-14 16:11:00,2.0,3,0.028607521,1.159,0.0202762975,0.821,230.33,far
B-4703.24001B,mult,2022-03-17 09:10:00,2022-03-17 10:14:00,64.0,65,0.0436876,1.769,0.020175759986666666,0.817,227.62,far
B-4703.24001B,mult,2022-03-17 17:06:00,2022-03-17 17:07:00,1.0,2,0.034079563,1.38,0.021424240416666667,0.868,227.29,far
B-4703.24001B,mult,2022-03-18 17:11:00,2022-03-18 17:12:00,1.0,2,0.038693096,1.567,0.023322520166666666,0.945,226.28,far
B-4703.24001B,mult,2022-03-23 13:21:00,2022-03-23 14:25:00,64.0,65,0.044236366,1.792,0.01988258483333333,0.805,221.44,far
B-4703.24001B,mult,2022-03-24 13:10:00,2022-03-24 15:02:00,112.0,113,0.037357878,1.513,0.01740732817886179,0.705,220.45,far
B-4703.24001B,mult,2022-03-24 16:36:00,2022-03-24 18:10:00,94.0,95,0.033302773,1.349,0.018038345014285716,0.731,220.31,far
B-4703.24001B,mult,2022-03-25 16:24:00,2022-03-25 17:01:00,37.0,38,0.050588846,2.049,0.030256792916666667,1.225,219.32,far
B-4703.24001B,mult,2022-03-25 17:18:00,2022-03-25 17:56:00,38.0,39,0.026383404,1.069,0.017226469581632653,0.698,219.28,far
B-4703.24001B,mult,2022-03-28 10:47:00,2022-03-28 11:42:00,55.0,56,0.031928957,1.293,0.013100520778787879,0.531,216.55,far
B-4703.24001B,mult,2022-03-28 16:13:00,2022-03-28 18:00:00,107.0,108,0.03698541,1.498,0.01709608076271186,0.692,216.32,far
B-4703.24001B,mult,2022-03-29 10:38:00,2022-03-29 10:38:00,0.0,1,0.028806511,1.167,0.020292449363636365,0.822,215.56,far
B-4703.24001B,mult,2022-04-04 10:22:00,2022-04-04 11:22:00,60.0,61,0.036717925,1.487,0.012866190799999998,0.521,209.57,far
B-4703.24001B,mult,2022-04-04 19:19:00,2022-04-04 20:14:00,55.0,56,0.031004913,1.256,0.013274316742424243,0.538,209.2,far
B-4703.24001B,mult,2022-04-05 09:18:00,2022-04-05 09:59:00,41.0,42,0.029836895,1.208,0.012429702782692308,0.503,208.61,far
B-4703.24001B,mult,2022-04-05 15:15:00,2022-04-05 16:04:00,49.0,50,0.030769309,1.246,0.017671840449999993,0.716,208.36,far
B-4703.24001B,mult,2022-04-05 16:55:00,2022-04-05 18:27:00,92.0,93,0.03266525,1.323,0.018240878060194175,0.739,208.3,far
B-4703.24001B,mult,2022-04-15 22:52:00,2022-04-16 02:08:00,196.0,197,0.08185898,3.315,0.03947914866666667,1.599,198.05,far
B-4703.24001B,mult,2022-04-16 02:10:00,2022-04-16 02:55:00,45.0,46,0.008627427,0.349,0.005780577716071428,0.234,197.91,far
B-4703.24001B,mult,2022-04-16 14:16:00,2022-04-16 17:35:00,199.0,200,0.047651708,1.93,0.017463822640952382,0.707,197.41,far
B-4703.24001B,mult,2022-04-16 18:17:00,2022-04-16 20:59:00,162.0,163,0.07352226,2.978,0.0247650581566474,1.003,197.24,far
B-4703.24001B,mult,2022-05-04 15:42:00,2022-05-04 15:42:00,0.0,1,0.06905804,2.797,0.029242874363636363,1.184,179.35,far
B-4703.24001B,mult,2022-05-04 15:49:00,2022-05-04 17:36:00,107.0,108,0.03570761,1.446,0.014130699772881354,0.572,179.34,far
B-4703.24001B,mult,2022-05-05 11:01:00,2022-05-05 13:43:00,162.0,163,0.063409224,2.568,0.03035683701734104,1.229,178.54,far
B-4703.24001B,mult,2022-05-05 15:06:00,2022-05-05 16:29:00,83.0,84,0.035595972,1.442,0.014561288441489361,0.59,178.37,far
B-4703.24001B,mult,2022-05-06 09:49:00,2022-05-06 11:24:00,95.0,96,0.032694876,1.324,0.016752433246226415,0.678,177.59,far
B-4703.24001B,mult,2022-05-09 08:56:00,2022-05-09 08:59:00,3.0,4,0.044460543,1.801,0.015489362928571426,0.627,174.63,far
B-4703.24001B,mult,2022-05-10 09:46:00,2022-05-10 10:53:00,67.0,68,0.059350476,2.404,0.021627243051282052,0.876,173.59,far
B-4703.24001B,mult,2022-05-10 17:20:00,2022-05-10 17:21:00,1.0,2,0.038856708,1.574,0.019488006500000002,0.789,173.28,far
B-4703.24001B,mult,2022-05-12 10:38:00,2022-05-12 10:39:00,1.0,2,0.03207847,1.299,0.021682413875,0.878,171.56,far
B-4703.24001B,mult,2022-05-13 20:22:00,2022-05-13 21:21:00,59.0,60,0.032802902,1.329,0.013545671610000002,0.549,170.15,far
B-4703.24001B,mult,2022-05-16 03:56:00,2022-05-16 04:06:00,10.0,11,0.03922087,1.588,0.02957295876190476,1.198,167.84,far
B-4703.24001B,mult,2022-05-16 04:11:00,2022-05-16 05:48:00,97.0,98,0.044921663,1.819,0.020744675504629623,0.84,167.83,far
B-4703.24001B,mult,2022-05-16 12:59:00,2022-05-16 14:44:00,105.0,106,0.04851284,1.965,0.02632876728017241,1.066,167.46,far
B-4703.24001B,mult,2022-05-16 15:15:00,2022-05-16 16:22:00,67.0,68,0.06374902,2.582,0.03128154139487179,1.267,167.36,far
B-4703.24001B,mult,2022-05-16 16:51:00,2022-05-16 17:06:00,15.0,16,0.01557233,0.631,0.013843772865384614,0.561,167.3,far
B-4703.24001B,mult,2022-05-17 16:24:00,2022-05-17 17:27:00,63.0,64,0.03214117,1.302,0.013231462104054053,0.536,166.32,far
B-4703.24001B,mult,2022-05-17 23:38:00,2022-05-18 00:32:00,54.0,55,0.03688584,1.494,0.014490623053846154,0.587,166.02,far
B-4703.24001B,mult,2022-05-18 15:09:00,2022-05-18 16:51:00,102.0,103,0.03294362,1.334,0.018349745599115046,0.743,165.37,far
B-4703.24001B,mult,2022-05-19 21:18:00,2022-05-19 22:15:00,57.0,58,0.036987565,1.498,0.01413617919852941,0.573,164.11,far
B-4703.24001B,mult,2022-05-21 13:44:00,2022-05-21 14:43:00,59.0,60,0.031394117,1.272,0.01486995662857143,0.602,162.43,far
B-4703.24001B,mult,2022-05-26 15:12:00,2022-05-26 16:57:00,105.0,106,0.056647692,2.294,0.019750303413793104,0.8,157.37,far
B-4703.24001B,mult,2022-05-30 15:52:00,2022-05-30 16:25:00,33.0,34,0.028664205,1.161,0.022935507647727272,0.929,153.34,far
B-4703.24001B,mult,2022-05-30 16:39:00,2022-05-30 18:28:00,109.0,110,0.03881409,1.572,0.0199639296075,0.809,153.31,far
B-4703.24001B,mult,2022-06-02 16:36:00,2022-06-02 17:04:00,28.0,29,0.043450247,1.76,0.027240583512820507,1.103,150.31,far
B-4703.24001B,mult,2022-06-02 17:06:00,2022-06-02 18:03:00,57.0,58,0.043450247,1.76,0.01627499701470588,0.659,150.29,far
B-4703.24001B,mult,2022-06-25 00:02:00,2022-06-25 01:28:00,86.0,87,0.044060364,1.785,0.017357538304123715,0.703,128.0,far
B-4703.24001B,mult,2022-06-30 13:38:00,2022-06-30 14:33:00,55.0,56,0.027795514,1.126,0.010049498381818182,0.407,122.43,far
B-4703.24001B,mult,2022-07-06 13:51:00,2022-07-06 14:38:00,47.0,48,0.03458225,1.401,0.020785037758620693,0.842,116.42,far
B-4703.24001B,mult,2022-07-06 14:52:00,2022-07-06 16:36:00,104.0,105,0.049251046,1.995,0.02204797620173913,0.893,116.38,far
B-4703.24001B,mult,2022-07-11 09:19:00,2022-07-11 11:04:00,105.0,106,0.033802476,1.369,0.013887414997413795,0.562,111.61,far
B-4703.24001B,mult,2022-07-12 15:48:00,2022-07-12 15:48:00,0.0,1,0.033553667,1.359,0.021067284,0.853,110.34,far
B-4703.24001B,mult,2022-07-17 08:47:00,2022-07-17 10:35:00,108.0,109,0.0424454,1.719,0.019688548492436977,0.797,105.63,far
B-4703.24001B,mult,2022-07-22 15:24:00,2022-07-22 18:34:00,190.0,191,0.03710929,1.503,0.01883131740547264,0.763,100.36,far
B-4703.24001B,mult,2022-07-24 14:12:00,2022-07-24 21:17:00,425.0,426,0.06569177,2.661,0.03594555188302752,1.456,98.41,far
B-4703.24001B,mult,2022-07-25 00:33:00,2022-07-25 02:20:00,107.0,108,0.035271723,1.429,0.017326479234745763,0.702,97.98,far
B-4703.24001B,mult,2022-08-01 12:44:00,2022-08-01 13:40:00,56.0,57,0.03986277,1.614,0.013742002773134329,0.557,90.47,far
B-4703.24001B,mult,2022-08-03 10:35:00,2022-08-03 12:24:00,109.0,110,0.046641875,1.889,0.01632550493166667,0.661,88.56,far
B-4703.24001B,mult,2022-08-05 04:06:00,2022-08-05 05:51:00,105.0,106,0.03617579,1.465,0.01847166326637931,0.748,86.83,far
B-4703.24001B,mult,2022-08-06 11:55:00,2022-08-06 13:47:00,112.0,113,0.043853562,1.776,0.023402030807317075,0.948,85.5,far
B-4703.24001B,mult,2022-08-09 10:31:00,2022-08-09 12:01:00,90.0,91,0.031483546,1.275,0.016627817924752476,0.673,82.56,far
B-4703.24001B,mult,2022-08-21 11:43:00,2022-08-21 12:41:00,58.0,59,0.03796364,1.538,0.009145198088405799,0.37,70.51,far
B-4703.24001B,mult,2022-08-24 13:34:00,2022-08-24 15:22:00,108.0,109,0.035302646,1.43,0.017031015059663868,0.69,67.43,far
B-4703.24001B,mult,2022-08-24 16:03:00,2022-08-24 17:21:00,78.0,79,0.07625653,3.088,0.027606898169662924,1.118,67.33,far
B-4703.24001B,mult,2022-08-30 11:40:00,2022-08-30 13:33:00,113.0,114,0.048536796,1.966,0.021267082717741935,0.861,61.51,far
B-4703.24001B,mult,2022-08-31 08:51:00,2022-08-31 10:10:00,79.0,80,0.038053647,1.541,0.01928955658888889,0.781,60.63,far
B-4703.24001B,mult,2022-09-07 09:14:00,2022-09-07 10:32:00,78.0,79,0.06581279,2.666,0.02453477863033708,0.994,53.62,far
B-4703.24001B,mult,2022-09-11 08:44:00,2022-09-11 09:40:00,56.0,57,0.03308842,1.34,0.010626286876119403,0.43,49.64,far
B-4703.24001B,mult,2022-09-20 12:52:00,2022-09-20 15:22:00,150.0,151,0.08142567,3.298,0.02406576892981366,0.975,40.46,far
B-4703.24001B,mult,2022-09-28 14:45:00,2022-09-28 15:16:00,31.0,32,0.028286777,1.146,0.02002272069047619,0.811,32.39,far
B-4703.24001B,mult,2022-09-30 14:55:00,2022-09-30 15:55:00,60.0,61,0.03274693,1.326,0.015028857926760564,0.609,30.38,far
B-4703.24001B,mult,2022-09-30 17:09:00,2022-09-30 18:37:00,88.0,89,0.03301044,1.337,0.018203194948484852,0.737,30.29,far
B-4703.24001B,mult,2022-10-05 16:29:00,2022-10-05 16:30:00,1.0,2,0.028612662,1.159,0.019881253958333334,0.805,25.31,far
B-4703.24001B,mult,2022-10-26 15:51:00,2022-10-26 16:11:00,20.0,21,0.043572776,1.765,0.028008474322580648,1.134,4.34,near_10d
B-5501B,mult,2022-01-23 17:20:00,2022-01-23 18:45:00,85.0,18,0.10338958,2.134,0.0480696886,0.992,280.28,far
B-5501B,mult,2022-01-25 07:55:00,2022-01-25 09:15:00,80.0,17,0.08292107,1.711,0.043293532368421046,0.893,278.67,far
B-5501B,mult,2022-02-01 10:15:00,2022-02-01 11:30:00,75.0,16,0.07716053,1.592,0.03986016588888888,0.823,271.57,far
B-5501B,mult,2022-02-05 02:40:00,2022-02-05 04:05:00,85.0,18,0.08769513,1.81,0.041735027,0.861,267.89,far
B-5501B,mult,2022-02-07 22:00:00,2022-02-07 22:55:00,55.0,12,0.057614584,1.189,0.02920421903571429,0.603,265.08,far
B-5501B,mult,2022-02-08 03:05:00,2022-02-08 03:20:00,15.0,4,0.049657542,1.025,0.03515778483333334,0.726,264.87,far
B-5501B,mult,2022-02-21 14:45:00,2022-02-21 16:15:00,90.0,19,0.11116082,2.294,0.05878835919047619,1.213,251.39,far
B-5501B,mult,2022-02-25 23:15:00,2022-02-25 23:35:00,20.0,5,0.051388115,1.061,0.037035056000000004,0.764,247.03,far
B-5501B,mult,2022-02-28 05:15:00,2022-02-28 05:35:00,20.0,5,0.04926203,1.017,0.038061680285714286,0.785,244.78,far
B-5501B,mult,2022-03-05 08:05:00,2022-03-05 09:20:00,75.0,16,0.07772518,1.604,0.03639455966666667,0.751,239.66,far
B-5501B,mult,2022-03-10 08:05:00,2022-03-10 09:30:00,85.0,18,0.0907165,1.872,0.04096152865000001,0.845,234.66,far
B-5501B,mult,2022-03-11 07:50:00,2022-03-11 08:45:00,55.0,12,0.063965045,1.32,0.04246937371428572,0.876,233.67,far
B-5501B,mult,2022-03-14 23:45:00,2022-03-15 01:10:00,85.0,18,0.08657509,1.787,0.0470901458,0.972,230.01,far
B-5501B,mult,2022-03-15 13:10:00,2022-03-15 14:35:00,85.0,18,0.09566977,1.974,0.0433428143,0.894,229.45,far
B-5501B,mult,2022-03-16 08:25:00,2022-03-16 09:50:00,85.0,18,0.0849394,1.753,0.0466973586,0.964,228.65,far
B-5501B,mult,2022-03-17 05:50:00,2022-03-17 07:00:00,70.0,15,0.067973085,1.403,0.037150292235294126,0.767,227.76,far
B-5501B,mult,2022-03-17 12:20:00,2022-03-17 13:45:00,85.0,18,0.080455504,1.66,0.04207086095,0.868,227.49,far
B-5501B,mult,2022-03-18 06:40:00,2022-03-18 07:55:00,75.0,16,0.06424556,1.326,0.03653538777777778,0.754,226.72,far
B-5501B,mult,2022-03-19 04:55:00,2022-03-19 06:20:00,85.0,18,0.09830585,2.029,0.046047380000000006,0.95,225.8,far
B-5501B,mult,2022-03-19 09:15:00,2022-03-19 10:30:00,75.0,16,0.1077441,2.224,0.04909458548888889,1.013,225.61,far
B-5501B,mult,2022-03-19 18:55:00,2022-03-19 20:15:00,80.0,17,0.11208131,2.313,0.044783486000000004,0.924,225.21,far
B-5501B,mult,2022-03-21 13:00:00,2022-03-21 14:20:00,80.0,17,0.08795506,1.815,0.04495017700000001,0.928,223.46,far
B-5501B,mult,2022-03-23 08:20:00,2022-03-23 09:35:00,75.0,16,0.0800484,1.652,0.03715486688888889,0.767,221.65,far
B-5501B,mult,2022-03-24 10:50:00,2022-03-24 11:45:00,55.0,12,0.056839485,1.173,0.037592327642857144,0.776,220.55,far
B-5501B,mult,2022-03-26 02:05:00,2022-03-26 02:55:00,50.0,11,0.072284125,1.492,0.04191063892307693,0.865,218.91,far
B-5501B,mult,2022-03-27 23:30:00,2022-03-28 00:55:00,85.0,18,0.07948509,1.64,0.0388183061,0.801,217.02,far
B-5501B,mult,2022-03-31 04:10:00,2022-03-31 05:30:00,80.0,17,0.07315027,1.51,0.039018186210526315,0.805,213.83,far
B-5501B,mult,2022-04-01 13:10:00,2022-04-01 14:35:00,85.0,18,0.098625176,2.035,0.0419281602,0.865,212.45,far
B-5501B,mult,2022-04-01 21:20:00,2022-04-01 22:45:00,85.0,18,0.10758275,2.22,0.04417248979999999,0.912,212.11,far
B-5501B,mult,2022-04-02 16:35:00,2022-04-02 18:10:00,95.0,20,0.11432978,2.359,0.054675693772727275,1.128,211.31,far
B-5501B,mult,2022-04-06 10:05:00,2022-04-06 10:35:00,30.0,7,0.049244624,1.016,0.026859309777777774,0.554,207.58,far
B-5501B,mult,2022-04-11 13:45:00,2022-04-11 15:05:00,80.0,17,0.08164078,1.685,0.043844033578947374,0.905,202.43,far
B-5501B,mult,2022-04-12 21:50:00,2022-04-12 22:35:00,45.0,10,0.05423375,1.119,0.03132851391666667,0.647,201.09,far
B-5501B,mult,2022-04-19 13:00:00,2022-04-19 14:05:00,65.0,14,0.06102498,1.259,0.03939053075,0.813,194.46,far
B-5501B,mult,2022-04-20 22:30:00,2022-04-20 23:50:00,80.0,17,0.06993446,1.443,0.0376989189736842,0.778,193.06,far
B-5501B,mult,2022-04-23 12:15:00,2022-04-23 13:40:00,85.0,18,0.095424674,1.969,0.04861998225,1.003,190.49,far
B-5501B,mult,2022-04-24 01:35:00,2022-04-24 02:50:00,75.0,16,0.089722395,1.852,0.052745438166666665,1.089,189.93,far
B-5501B,mult,2022-04-26 04:25:00,2022-04-26 05:05:00,40.0,9,0.06663533,1.375,0.04732086163636364,0.977,187.82,far
B-5501B,mult,2022-04-26 21:20:00,2022-04-26 22:45:00,85.0,18,0.10167783,2.098,0.047547411525000007,0.981,187.11,far
B-5501B,mult,2022-04-28 23:50:00,2022-04-29 01:15:00,85.0,18,0.08339489,1.721,0.0401192711,0.828,185.01,far
B-5501B,mult,2022-04-29 06:35:00,2022-04-29 08:00:00,85.0,18,0.08488813,1.752,0.044221550425000006,0.913,184.73,far
B-5501B,mult,2022-04-30 08:40:00,2022-04-30 09:35:00,55.0,12,0.069229014,1.429,0.03323808085714285,0.686,183.64,far
B-5501B,mult,2022-05-02 01:10:00,2022-05-02 02:15:00,65.0,14,0.06594701,1.361,0.03560935675,0.735,181.95,far
B-5501B,mult,2022-05-03 05:30:00,2022-05-03 06:55:00,85.0,18,0.08083454,1.668,0.041332181375,0.853,180.77,far
B-5501B,mult,2022-05-03 21:35:00,2022-05-03 23:00:00,85.0,18,0.079564855,1.642,0.03800802910000001,0.784,180.1,far
B-5501B,mult,2022-05-04 22:10:00,2022-05-04 23:35:00,85.0,18,0.09638798,1.989,0.04861717115,1.003,179.08,far
B-5501B,mult,2022-05-07 06:00:00,2022-05-07 07:25:00,85.0,18,0.06832435,1.41,0.038308163150000005,0.791,176.75,far
B-5501B,mult,2022-05-07 18:35:00,2022-05-07 20:00:00,85.0,18,0.09933072,2.05,0.04425970035,0.913,176.23,far
B-5501B,mult,2022-05-08 12:25:00,2022-05-08 13:20:00,55.0,12,0.05896802,1.217,0.04030112857142858,0.832,175.48,far
B-5501B,mult,2022-05-09 03:35:00,2022-05-09 04:00:00,25.0,6,0.057247013,1.181,0.03835895125,0.792,174.85,far
B-5501B,mult,2022-05-10 04:25:00,2022-05-10 05:50:00,85.0,18,0.084311344,1.74,0.040027863549999994,0.826,173.82,far
B-5501B,mult,2022-05-14 12:40:00,2022-05-14 13:40:00,60.0,13,0.08998432,1.857,0.04432719386666668,0.915,169.47,far
B-5501B,mult,2022-05-16 22:15:00,2022-05-16 23:40:00,85.0,18,0.09314791,1.922,0.047967351500000005,0.99,167.07,far
B-5501B,mult,2022-05-17 12:55:00,2022-05-17 14:20:00,85.0,18,0.10062829,2.077,0.049834399125,1.028,166.46,far
B-5501B,mult,2022-05-18 14:35:00,2022-05-18 16:15:00,100.0,21,0.11107877,2.292,0.05935447004347826,1.225,165.39,far
B-5501B,mult,2022-05-20 07:10:00,2022-05-20 08:40:00,90.0,19,0.11744117,2.424,0.05742489042857144,1.185,163.7,far
B-5501B,mult,2022-05-22 16:05:00,2022-05-22 17:20:00,75.0,16,0.079368256,1.638,0.04219323627777777,0.871,161.33,far
B-5501B,mult,2022-05-23 23:25:00,2022-05-24 00:50:00,85.0,18,0.11198506,2.311,0.05121215920000001,1.057,160.02,far
B-5501B,mult,2022-05-24 04:10:00,2022-05-24 05:20:00,70.0,15,0.08744671,1.805,0.04205787070588235,0.868,159.83,far
B-5501B,mult,2022-05-24 10:30:00,2022-05-24 11:50:00,80.0,17,0.11607808,2.396,0.057294136526315785,1.182,159.56,far
B-5501B,mult,2022-05-24 21:30:00,2022-05-24 22:20:00,50.0,11,0.07642235,1.577,0.04519000184615385,0.933,159.1,far
B-5501B,mult,2022-05-26 21:40:00,2022-05-26 22:35:00,55.0,12,0.0621234,1.282,0.0351183635,0.725,157.1,far
B-5501B,mult,2022-05-27 04:50:00,2022-05-27 05:55:00,65.0,14,0.058486596,1.207,0.03481820499999999,0.719,156.8,far
B-5501B,mult,2022-05-27 21:25:00,2022-05-27 22:50:00,85.0,18,0.14050247,2.9,0.050266377475,1.037,156.11,far
B-5501B,mult,2022-05-31 22:00:00,2022-05-31 22:40:00,40.0,9,0.051665742,1.066,0.037211462818181815,0.768,152.08,far
B-5501B,mult,2022-06-01 00:45:00,2022-06-01 02:05:00,80.0,17,0.082929604,1.711,0.04090488063157895,0.844,151.97,far
B-5501B,mult,2022-06-04 07:45:00,2022-06-04 09:00:00,75.0,16,0.07663224,1.581,0.04222087188888888,0.871,148.68,far
B-5501B,mult,2022-06-05 10:25:00,2022-06-05 11:20:00,55.0,12,0.055539627,1.146,0.031571487071428574,0.652,147.57,far
B-5501B,mult,2022-06-12 13:00:00,2022-06-12 14:10:00,70.0,15,0.09052936,1.868,0.044474444,0.918,140.46,far
B-5501B,mult,2022-06-13 02:25:00,2022-06-13 03:40:00,75.0,16,0.09175537,1.894,0.04385025955555555,0.905,139.9,far
B-5501B,mult,2022-06-16 20:05:00,2022-06-16 21:10:00,65.0,14,0.05792834,1.195,0.031950396312500004,0.659,136.16,far
B-5501B,mult,2022-06-18 01:10:00,2022-06-18 02:10:00,60.0,13,0.056954388,1.175,0.03325550606666667,0.686,134.95,far
B-5501B,mult,2022-06-18 18:40:00,2022-06-18 20:00:00,80.0,17,0.068437144,1.412,0.04264195115789474,0.88,134.22,far
B-5501B,mult,2022-06-21 06:45:00,2022-06-21 07:05:00,20.0,5,0.051041815,1.053,0.029476410285714287,0.608,131.72,far
B-5501B,mult,2022-06-22 09:15:00,2022-06-22 10:55:00,100.0,21,0.0916681,1.892,0.05098581365217392,1.052,130.61,far
B-5501B,mult,2022-06-22 23:05:00,2022-06-22 23:15:00,10.0,3,0.055032205,1.136,0.036244801199999996,0.748,130.04,far
B-5501B,mult,2022-06-24 12:35:00,2022-06-24 13:45:00,70.0,15,0.06692583,1.381,0.03912576029411764,0.807,128.48,far
B-5501B,mult,2022-06-28 22:35:00,2022-06-28 23:35:00,60.0,13,0.0637369,1.315,0.04188880226666667,0.864,124.06,far
B-5501B,mult,2022-07-05 03:05:00,2022-07-05 04:05:00,60.0,13,0.06189959,1.277,0.03243458286666666,0.669,117.87,far
B-5501B,mult,2022-07-05 10:50:00,2022-07-05 11:45:00,55.0,12,0.05862836,1.21,0.036572642714285716,0.755,117.55,far
B-5501B,mult,2022-07-05 23:30:00,2022-07-06 00:45:00,75.0,16,0.08319271,1.717,0.04129585988888889,0.852,117.02,far
B-5501B,mult,2022-07-06 23:20:00,2022-07-06 23:35:00,15.0,4,0.057457317,1.186,0.04672336083333333,0.964,116.03,far
B-5501B,mult,2022-07-07 02:55:00,2022-07-07 04:10:00,75.0,16,0.057740692,1.192,0.03524496433333333,0.727,115.88,far
B-5501B,mult,2022-07-08 17:40:00,2022-07-08 18:50:00,70.0,15,0.061793398,1.275,0.03986687652941177,0.823,114.26,far
B-5501B,mult,2022-07-08 23:00:00,2022-07-09 00:15:00,75.0,16,0.07804231,1.611,0.0405434188888889,0.837,114.04,far
B-5501B,mult,2022-07-13 12:10:00,2022-07-13 13:30:00,80.0,17,0.0608609,1.256,0.03755734194736842,0.775,109.49,far
B-5501B,mult,2022-07-16 01:45:00,2022-07-16 03:00:00,75.0,16,0.07509299,1.55,0.03684374633333333,0.76,106.93,far
B-5501B,mult,2022-07-21 08:45:00,2022-07-21 09:40:00,55.0,12,0.0645299,1.332,0.037074798000000006,0.765,101.64,far
B-5501B,mult,2022-07-22 21:40:00,2022-07-22 22:10:00,30.0,7,0.056768402,1.172,0.03514840922222222,0.725,100.1,far
B-5501B,mult,2022-07-24 10:45:00,2022-07-24 11:35:00,50.0,11,0.07047363,1.454,0.03966775738461538,0.819,98.55,far
B-5501B,mult,2022-07-25 18:30:00,2022-07-25 19:50:00,80.0,17,0.06921805,1.428,0.03824587142105263,0.789,97.23,far
B-5501B,mult,2022-07-26 16:45:00,2022-07-26 17:40:00,55.0,12,0.054653097,1.128,0.028896426000000003,0.596,96.3,far
B-5501B,mult,2022-07-29 00:30:00,2022-07-29 00:50:00,20.0,5,0.06764309,1.396,0.03614920385714286,0.746,93.98,far
B-5501B,mult,2022-07-30 13:40:00,2022-07-30 14:35:00,55.0,12,0.06356748,1.312,0.03969769085714286,0.819,92.43,far
B-5501B,mult,2022-08-01 10:00:00,2022-08-01 11:10:00,70.0,15,0.07132519,1.472,0.039747841352941175,0.82,90.58,far
B-5501B,mult,2022-08-01 13:45:00,2022-08-01 15:05:00,80.0,17,0.10335126,2.133,0.04719051702631579,0.974,90.43,far
B-5501B,mult,2022-08-02 10:25:00,2022-08-02 11:00:00,35.0,8,0.0637844,1.316,0.05192354539999999,1.072,89.57,far
B-5501B,mult,2022-08-02 14:35:00,2022-08-02 15:30:00,55.0,12,0.07860788,1.622,0.041214477000000006,0.851,89.39,far
B-5501B,mult,2022-08-02 18:20:00,2022-08-02 19:35:00,75.0,16,0.09176428,1.894,0.045873750444444444,0.947,89.24,far
B-5501B,mult,2022-08-03 01:35:00,2022-08-03 02:00:00,25.0,6,0.04854555,1.002,0.040755156,0.841,88.93,far
B-5501B,mult,2022-08-05 15:15:00,2022-08-05 16:55:00,100.0,21,0.38926268,8.033,0.17912104552173908,3.697,86.36,far
B-5501B,mult,2022-08-08 15:50:00,2022-08-08 16:55:00,65.0,14,0.06913585,1.427,0.0388443985625,0.802,83.34,far
B-5501B,mult,2022-08-09 10:20:00,2022-08-09 11:15:00,55.0,12,0.05981204,1.234,0.035416867928571426,0.731,82.57,far
B-5501B,mult,2022-08-09 23:55:00,2022-08-10 00:55:00,60.0,13,0.06445223,1.33,0.036174251,0.747,82.0,far
B-5501B,mult,2022-08-13 02:25:00,2022-08-13 03:40:00,75.0,16,0.08068214,1.665,0.03992222549999999,0.824,78.9,far
B-5501B,mult,2022-08-14 09:15:00,2022-08-14 10:15:00,60.0,13,0.057328682,1.183,0.03660225206666667,0.755,77.61,far
B-5501B,mult,2022-08-16 18:55:00,2022-08-16 19:55:00,60.0,13,0.06448889,1.331,0.038097789,0.786,75.21,far
B-5501B,mult,2022-08-17 11:50:00,2022-08-17 12:50:00,60.0,13,0.056753766,1.171,0.035058432800000004,0.724,74.51,far
B-5501B,mult,2022-08-22 07:30:00,2022-08-22 08:50:00,80.0,17,0.08111837,1.674,0.04331074615789473,0.894,69.69,far
B-5501B,mult,2022-08-23 23:00:00,2022-08-24 00:05:00,65.0,14,0.06823265,1.408,0.0385402264375,0.795,68.04,far
B-5501B,mult,2022-08-24 03:35:00,2022-08-24 05:05:00,90.0,19,0.07503953,1.549,0.04621758509523809,0.954,67.85,far
B-5501B,mult,2022-08-24 13:05:00,2022-08-24 14:05:00,60.0,13,0.05317102,1.097,0.03254081773333333,0.672,67.45,far
B-5501B,mult,2022-08-27 01:30:00,2022-08-27 01:50:00,20.0,5,0.06906188,1.425,0.051543068428571426,1.064,64.94,far
B-5501B,mult,2022-08-27 02:00:00,2022-08-27 02:25:00,25.0,6,0.047486305,0.98,0.041905635999999996,0.865,64.92,far
B-5501B,mult,2022-08-28 09:50:00,2022-08-28 11:05:00,75.0,16,0.0614107,1.267,0.03704129338888889,0.764,63.59,far
B-5501B,mult,2022-09-03 12:00:00,2022-09-03 12:55:00,55.0,12,0.06043831,1.247,0.038807963428571436,0.801,57.5,far
B-5501B,mult,2022-09-07 10:10:00,2022-09-07 11:10:00,60.0,13,0.062059354,1.281,0.03284395313333333,0.678,53.58,far
B-5501B,mult,2022-09-08 12:20:00,2022-09-08 13:25:00,65.0,14,0.05622172,1.16,0.0330116443125,0.681,52.49,far
B-5501B,mult,2022-09-09 11:55:00,2022-09-09 12:20:00,25.0,6,0.051572844,1.064,0.032681004812500004,0.674,51.5,far
B-5501B,mult,2022-09-10 12:45:00,2022-09-10 14:00:00,75.0,16,0.11052515,2.281,0.05680643672222222,1.172,50.47,far
B-5501B,mult,2022-09-11 02:35:00,2022-09-11 03:35:00,60.0,13,0.068436675,1.412,0.039651099933333336,0.818,49.89,far
B-5501B,mult,2022-09-12 16:20:00,2022-09-12 16:45:00,25.0,6,0.054477572,1.124,0.03262783475,0.673,48.32,far
B-5501B,mult,2022-09-13 16:30:00,2022-09-13 17:55:00,85.0,18,0.079846255,1.648,0.039893113,0.823,47.31,far
B-5501B,mult,2022-09-19 21:55:00,2022-09-20 00:00:00,125.0,26,0.06727234,1.388,0.04051172821428572,0.836,41.09,far
B-5501B,mult,2022-09-20 15:45:00,2022-09-20 18:50:00,185.0,38,0.15264288,3.15,0.070648684675,1.458,40.34,far
B-5501B,mult,2022-09-21 12:00:00,2022-09-21 12:45:00,45.0,10,0.059091717,1.219,0.03277988541666667,0.676,39.5,far
B-5501B,mult,2022-09-21 16:25:00,2022-09-21 17:40:00,75.0,16,0.07960603,1.643,0.047890758,0.988,39.32,far
B-5501B,mult,2022-09-21 18:10:00,2022-09-21 19:30:00,80.0,17,0.095843226,1.978,0.05600261915789475,1.156,39.24,far
B-5501B,mult,2022-09-22 00:25:00,2022-09-22 01:20:00,55.0,12,0.063654445,1.314,0.03297546957142857,0.681,38.98,far
B-5501B,mult,2022-09-22 02:05:00,2022-09-22 02:55:00,50.0,11,0.05765335,1.19,0.03264776992307693,0.674,38.91,far
B-5501B,mult,2022-11-05 02:50:00,2022-11-05 04:15:00,85.0,18,0.08283379,1.709,0.03881583695,0.801,5.12,near_10d
B-5501B,mult,2022-11-08 12:00:00,2022-11-08 13:15:00,75.0,16,0.070361614,1.452,0.03750835038888889,0.774,8.5,near_10d
B-5501B,mult,2022-11-09 19:55:00,2022-11-09 20:45:00,50.0,11,0.0579756,1.196,0.03504901530769232,0.723,9.83,near_10d
B-5501B,mult,2022-11-10 10:55:00,2022-11-10 11:45:00,50.0,11,0.05325256,1.099,0.03554657230769231,0.734,10.45,far
B-5501B,mult,2022-11-15 12:30:00,2022-11-15 12:50:00,20.0,5,0.21992119,4.539,0.120477399,2.486,15.52,far
B-5501B,mult,2022-11-15 13:05:00,2022-11-15 14:25:00,80.0,17,0.18720408,3.863,0.07299108305263158,1.506,15.55,far
B-5501B,mult,2022-11-20 06:20:00,2022-11-20 07:45:00,85.0,18,0.088619344,1.829,0.04472318005,0.923,20.26,far
B-5501B,mult,2022-11-21 06:10:00,2022-11-21 06:40:00,30.0,7,0.051159915,1.056,0.03606222033333333,0.744,21.26,far
B-5501B,mult,2022-11-27 21:35:00,2022-11-27 22:40:00,65.0,14,0.0724759,1.496,0.036482632375,0.753,27.9,far
B-5501B,mult,2022-11-29 20:15:00,2022-11-29 20:40:00,25.0,6,0.05683543,1.173,0.031016178125,0.64,29.84,far
B-5501B,mult,2022-11-30 01:55:00,2022-11-30 02:50:00,55.0,12,0.064311706,1.327,0.03870815507142857,0.799,30.08,far
B-5501B,mult,2022-12-05 00:55:00,2022-12-05 02:05:00,70.0,15,0.064706765,1.335,0.03656546005882352,0.755,35.04,far
B-5501B,mult,2022-12-25 09:45:00,2022-12-25 11:05:00,80.0,17,0.2662966,5.496,0.09883316317894736,2.04,55.41,far
B-5501B,mult,2022-12-25 13:20:00,2022-12-25 15:00:00,100.0,21,0.17714448,3.656,0.061938902956521734,1.278,55.56,far
B-5501B,mult,2022-12-26 00:25:00,2022-12-26 01:00:00,35.0,8,0.053073555,1.095,0.031011454699999996,0.64,56.02,far
B-5501B,mult,2022-12-29 16:40:00,2022-12-29 17:50:00,70.0,15,0.060556572,1.25,0.03563405823529412,0.735,59.69,far
B-5501B,mult,2022-12-29 18:35:00,2022-12-29 18:35:00,0.0,1,0.066482574,1.372,0.056510484,1.166,59.77,far
B-5501B,mult,2022-12-29 18:55:00,2022-12-29 19:10:00,15.0,4,0.054689497,1.129,0.032780184999999996,0.676,59.79,far
B-5501B,mult,2023-02-14 23:35:00,2023-02-15 00:20:00,45.0,10,0.056500167,1.166,0.03158248091666667,0.652,106.98,far
B-5501B,mult,2023-02-15 22:00:00,2023-02-15 22:05:00,5.0,2,0.053999066,1.114,0.0388060375,0.801,107.92,far
B-5501B,mult,2023-02-25 21:20:00,2023-02-25 22:10:00,50.0,11,0.071319334,1.472,0.030933820384615382,0.638,117.89,far
B-5501B,mult,2023-03-04 22:10:00,2023-03-04 22:35:00,25.0,6,0.053551108,1.105,0.0339796475,0.701,124.92,far
B-5501B,mult,2023-03-06 22:40:00,2023-03-06 23:10:00,30.0,7,0.06531952,1.348,0.033135844222222224,0.684,126.94,far
B-5501B,mult,2023-03-09 08:20:00,2023-03-09 09:35:00,75.0,16,0.08319198,1.717,0.039669346999999994,0.819,129.35,far
B-5501B,mult,2023-03-10 12:40:00,2023-03-10 13:35:00,55.0,12,0.064874314,1.339,0.03273534271428572,0.676,130.53,far
B-5501B,mult,2023-03-11 19:50:00,2023-03-11 21:25:00,95.0,20,0.12615791,2.604,0.060666355977272726,1.252,131.83,far
B-5501B,mult,2023-03-12 09:00:00,2023-03-12 10:20:00,80.0,17,0.07255713,1.497,0.04258806842105262,0.879,132.38,far
B-5501B,mult,2023-03-14 09:05:00,2023-03-14 10:00:00,55.0,12,0.0805145,1.662,0.03612458442857143,0.746,134.38,far
B-5501B,mult,2023-03-14 17:15:00,2023-03-14 18:05:00,50.0,11,0.06251552,1.29,0.041024658461538466,0.847,134.72,far
B-5501B,mult,2023-03-14 21:25:00,2023-03-14 22:45:00,80.0,17,0.06616889,1.366,0.03781166536842105,0.78,134.89,far
B-5501B,mult,2023-03-15 02:10:00,2023-03-15 03:25:00,75.0,16,0.10729552,2.214,0.04958977443333333,1.023,135.09,far
B-5501B,mult,2023-03-15 05:05:00,2023-03-15 06:40:00,95.0,20,0.07605152,1.57,0.04150781245454546,0.857,135.21,far
B-5501B,mult,2023-04-01 02:10:00,2023-04-01 03:05:00,55.0,12,0.069699876,1.438,0.03368612521428571,0.695,152.09,far
B-5501B,mult,2023-04-01 23:35:00,2023-04-02 00:55:00,80.0,17,0.10688994,2.206,0.0489553332631579,1.01,152.98,far
B-5501B,mult,2023-04-02 14:35:00,2023-04-02 16:20:00,105.0,22,0.16289265,3.362,0.06864011908333334,1.417,153.61,far
B-5501B,mult,2023-04-02 18:30:00,2023-04-02 18:40:00,10.0,3,0.070933826,1.464,0.040944545400000004,0.845,153.77,far
B-5501B,mult,2023-04-05 02:30:00,2023-04-05 03:55:00,85.0,18,0.06948725,1.434,0.0417359875,0.861,156.1,far
B-5501B,mult,2023-04-19 21:45:00,2023-04-19 22:55:00,70.0,15,0.053454112,1.103,0.0351471995,0.725,170.91,far
B-5501B,mult,2023-05-15 12:20:00,2023-05-15 13:05:00,45.0,10,0.058926687,1.216,0.03043495766666667,0.628,168.49,far
B-5501B,mult,2023-05-16 20:15:00,2023-05-16 21:30:00,75.0,16,0.0719522,1.485,0.03768527011111111,0.778,167.16,far
B-5501B,mult,2023-05-20 10:35:00,2023-05-20 12:10:00,95.0,20,0.108034134,2.23,0.05483513636363637,1.132,163.56,far
B-5501B,mult,2023-05-22 22:10:00,2023-05-22 23:35:00,85.0,18,0.099116676,2.046,0.04457425175,0.92,161.08,far
B-5501B,mult,2023-05-25 20:40:00,2023-05-25 22:00:00,80.0,17,0.07689728,1.587,0.04153102557894737,0.857,158.14,far
B-5501B,mult,2023-06-01 23:20:00,2023-06-02 00:45:00,85.0,18,0.08484883,1.751,0.0426991252,0.881,151.03,far
B-5501B,mult,2023-06-04 08:45:00,2023-06-04 10:10:00,85.0,18,0.080514744,1.662,0.04103219005,0.847,148.64,far
B-5501B,mult,2023-06-05 05:30:00,2023-06-05 06:15:00,45.0,10,0.054075982,1.116,0.03604616441666666,0.744,147.77,far
B-5501B,mult,2023-06-07 11:20:00,2023-06-07 12:45:00,85.0,18,0.066751234,1.378,0.03938078825000001,0.813,145.53,far
B-5501B,mult,2023-06-08 08:35:00,2023-06-08 10:05:00,90.0,19,0.10170316,2.099,0.05008189428571429,1.034,144.64,far
B-5501B,mult,2023-06-11 18:25:00,2023-06-11 19:10:00,45.0,10,0.0556303,1.148,0.0273930345,0.565,141.23,far
B-5501B,mult,2023-06-12 20:10:00,2023-06-12 20:40:00,30.0,7,0.058523696,1.208,0.033103967222222225,0.683,140.16,far
B-5501B,mult,2023-06-16 12:50:00,2023-06-16 13:35:00,45.0,10,0.053226482,1.098,0.03565037558333333,0.736,136.47,far
B-5501B,mult,2023-06-16 20:20:00,2023-06-16 21:30:00,70.0,15,0.07249568,1.496,0.03796312988235294,0.783,136.15,far
B-5501B,mult,2023-06-17 19:45:00,2023-06-17 21:05:00,80.0,17,0.08793863,1.815,0.04417503178947368,0.912,135.18,far
B-5501B,mult,2023-11-08 18:40:00,2023-11-08 19:55:00,75.0,16,0.07999601,1.651,0.04290563011111111,0.885,8.78,near_10d
B-5501B,mult,2023-11-09 03:55:00,2023-11-09 05:05:00,70.0,15,0.10515726,2.17,0.04739217223529412,0.978,9.16,near_10d
B-5501B,mult,2023-11-10 00:50:00,2023-11-10 02:00:00,70.0,15,0.07535359,1.555,0.04401480923529411,0.908,10.03,far
B-5501B,mult,2023-11-10 11:05:00,2023-11-10 12:30:00,85.0,18,0.13803698,2.849,0.05364390324999999,1.107,10.46,far
B-5501B,mult,2023-11-11 17:30:00,2023-11-11 18:35:00,65.0,14,0.074982226,1.547,0.0401090865,0.828,11.73,far
B-5501B,mult,2023-11-12 08:05:00,2023-11-12 09:35:00,90.0,19,0.09222391,1.903,0.04963113680952381,1.024,12.34,far
B-5501B,mult,2023-11-12 18:05:00,2023-11-12 18:40:00,35.0,8,0.05329423,1.1,0.034120370500000004,0.704,12.75,far
B-5501B,mult,2023-11-13 06:50:00,2023-11-13 07:50:00,60.0,13,0.068011,1.404,0.04296314386666667,0.887,13.28,far
B-5501B,mult,2023-11-13 15:50:00,2023-11-13 17:05:00,75.0,16,0.093792975,1.936,0.0462981325,0.955,13.66,far
B-5501B,mult,2023-11-14 00:15:00,2023-11-14 00:35:00,20.0,5,0.055181693,1.139,0.03532082571428572,0.729,14.01,far
B-5501B,mult,2023-11-14 02:40:00,2023-11-14 04:00:00,80.0,17,0.07555991,1.559,0.04319611928947368,0.891,14.11,far
B-5501B,mult,2023-11-15 14:10:00,2023-11-15 15:30:00,80.0,17,0.07989391,1.649,0.046134955421052636,0.952,15.59,far
B-5501B,mult,2023-11-16 07:15:00,2023-11-16 07:50:00,35.0,8,0.08096987,1.671,0.058212264199999995,1.201,16.3,far
B-5501B,mult,2023-11-16 09:35:00,2023-11-16 10:20:00,45.0,10,0.5703988,11.772,0.4551757391666668,9.394,16.4,far
B-5501B,mult,2023-11-16 10:40:00,2023-11-16 11:15:00,35.0,8,0.3527876,7.281,0.07529467819999999,1.554,16.44,far
B-5501B,mult,2023-11-17 09:00:00,2023-11-17 10:25:00,85.0,18,0.085991286,1.775,0.04060255025,0.838,17.38,far
B-5501B,mult,2023-11-18 08:15:00,2023-11-18 09:40:00,85.0,18,0.07534826,1.555,0.041968408400000004,0.866,18.34,far
B-5501B,mult,2023-11-19 19:45:00,2023-11-19 21:10:00,85.0,18,0.08148923,1.682,0.039828716949999995,0.822,19.82,far
B-5501B,mult,2023-11-21 08:25:00,2023-11-21 09:25:00,60.0,13,0.061315253,1.265,0.04323674173333334,0.892,21.35,far
B-5501B,mult,2023-11-25 07:30:00,2023-11-25 09:00:00,90.0,19,0.08063711,1.664,0.043469792809523816,0.897,25.31,far
B-5501B,mult,2023-11-26 01:05:00,2023-11-26 02:25:00,80.0,17,0.08928996,1.843,0.04860165484210527,1.003,26.05,far
B-5501B,mult,2023-11-27 06:55:00,2023-11-27 08:00:00,65.0,14,0.08055625,1.662,0.046895853625,0.968,27.29,far
B-5501B,mult,2023-11-27 21:35:00,2023-11-27 22:55:00,80.0,17,0.08302551,1.713,0.04315211231578947,0.891,27.9,far
B-5501B,mult,2023-11-28 07:20:00,2023-11-28 08:00:00,40.0,9,0.051346034,1.06,0.03244792618181818,0.67,28.31,far
B-5501B,mult,2023-11-28 09:25:00,2023-11-28 10:35:00,70.0,15,0.09176993,1.894,0.05047595841176471,1.042,28.39,far
B-5501B,mult,2023-11-28 12:00:00,2023-11-28 13:15:00,75.0,16,0.09593901,1.98,0.04751022422222222,0.98,28.5,far
B-5501B,mult,2023-11-29 06:00:00,2023-11-29 07:20:00,80.0,17,0.09331435,1.926,0.04606943052631579,0.951,29.25,far
B-5501B,mult,2023-11-29 18:45:00,2023-11-29 20:10:00,85.0,18,0.08186708,1.69,0.0450485353,0.93,29.78,far
B-5501B,mult,2023-12-01 21:35:00,2023-12-01 22:40:00,65.0,14,0.06563101,1.354,0.03238400428125,0.668,31.9,far
B-5501B,mult,2023-12-02 17:25:00,2023-12-02 18:45:00,80.0,17,0.08753911,1.807,0.0411976297631579,0.85,32.73,far
B-5501B,mult,2023-12-03 12:25:00,2023-12-03 13:50:00,85.0,18,0.08849112,1.826,0.041939176849999996,0.866,33.52,far
B-5501B,mult,2023-12-04 23:25:00,2023-12-05 00:45:00,80.0,17,0.07777581,1.605,0.03998874694736842,0.825,34.98,far
B-5501B,mult,2023-12-05 18:20:00,2023-12-05 18:30:00,10.0,3,0.07502475,1.548,0.057649438,1.19,35.76,far
B-5501B,mult,2023-12-07 07:10:00,2023-12-07 08:20:00,70.0,15,0.0653178,1.348,0.03699044923529411,0.763,37.3,far
B-5501B,mult,2023-12-09 01:30:00,2023-12-09 04:10:00,160.0,33,0.11536912,2.381,0.0561200923,1.158,39.06,far
B-5501B,mult,2023-12-10 02:25:00,2023-12-10 03:25:00,60.0,13,0.06868812,1.418,0.03155117293333334,0.651,40.1,far
B-5501B,mult,2023-12-11 01:40:00,2023-12-11 02:35:00,55.0,12,0.06763505,1.396,0.039736843714285715,0.82,41.07,far
B-5501B,mult,2023-12-11 08:10:00,2023-12-11 09:10:00,60.0,13,0.08458409,1.746,0.05354639633333334,1.105,41.34,far
B-5501B,mult,2023-12-11 10:20:00,2023-12-11 11:50:00,90.0,19,0.087042056,1.796,0.050361183,1.039,41.43,far
B-5501B,mult,2023-12-11 22:15:00,2023-12-11 23:30:00,75.0,16,0.07545119,1.557,0.0366596245,0.757,41.93,far
B-5501B,mult,2023-12-15 01:30:00,2023-12-15 02:45:00,75.0,16,0.0696645,1.438,0.03762223383333334,0.776,45.06,far
B-5501B,mult,2023-12-15 09:10:00,2023-12-15 10:30:00,80.0,17,0.08437544,1.741,0.042223551315789476,0.871,45.38,far
B-5501B,mult,2023-12-16 09:35:00,2023-12-16 10:50:00,75.0,16,0.061333578,1.266,0.03555296633333334,0.734,45.6,far
B-5501B,mult,2023-12-17 13:25:00,2023-12-17 14:45:00,80.0,17,0.09494015,1.959,0.05238422189473685,1.081,44.44,far
B-5501B,mult,2023-12-18 12:40:00,2023-12-18 14:00:00,80.0,17,0.093859315,1.937,0.04244407152631578,0.876,43.47,far
B-5501B,mult,2023-12-18 15:50:00,2023-12-18 17:10:00,80.0,17,0.10107118,2.086,0.04845119878947368,1.0,43.34,far
B-5501B,mult,2023-12-18 22:35:00,2023-12-18 23:45:00,70.0,15,0.08089419,1.669,0.043253789294117655,0.893,43.06,far
B-5501B,mult,2023-12-22 13:35:00,2023-12-22 14:45:00,70.0,15,0.08449318,1.744,0.04078830729411765,0.842,39.43,far
B-5501B,mult,2023-12-23 22:55:00,2023-12-24 00:10:00,75.0,16,0.07473548,1.542,0.03942462655555555,0.814,38.05,far
B-5501B,mult,2023-12-24 14:15:00,2023-12-24 15:25:00,70.0,15,0.073084466,1.508,0.034854234058823534,0.719,37.41,far
B-5501B,mult,2023-12-25 14:20:00,2023-12-25 15:35:00,75.0,16,0.11058705,2.282,0.050449227027777786,1.041,36.4,far
B-5501B,mult,2023-12-30 21:00:00,2023-12-30 22:25:00,85.0,18,0.076399826,1.577,0.04093801715,0.845,31.12,far
B-5501B,mult,2024-01-02 02:55:00,2024-01-02 05:10:00,135.0,28,0.14275801,2.946,0.08209441393333335,1.694,28.88,far
B-5501B,mult,2024-01-03 16:15:00,2024-01-03 19:00:00,165.0,34,0.12070259,2.491,0.07099929408333333,1.465,27.32,far
B-5501B,mult,2024-03-01 16:35:00,2024-03-01 17:20:00,45.0,10,0.06535611,1.349,0.029181419749999996,0.602,30.69,far
B-5501B,mult,2024-03-18 09:10:00,2024-03-18 10:35:00,85.0,18,0.06809023,1.405,0.0420196299,0.867,47.38,far
B-5501B,mult,2024-03-18 12:40:00,2024-03-18 13:55:00,75.0,16,0.11874807,2.451,0.049991676944444445,1.032,47.53,far
B-5501B,mult,2024-03-20 23:20:00,2024-03-21 00:20:00,60.0,13,0.058630783,1.21,0.039083499066666666,0.807,49.97,far
B-5501B,mult,2024-03-29 10:35:00,2024-03-29 12:00:00,85.0,18,0.09522732,1.965,0.053790216,1.11,58.44,far
B-5501B,mult,2024-03-30 22:00:00,2024-03-30 22:55:00,55.0,12,0.058226574,1.202,0.036352393214285725,0.75,59.92,far
B-6511502A,mult,2022-05-25 01:15:00,2022-05-25 07:35:00,380.0,77,0.094367854,1.301,0.07572967026582278,1.044,354.95,far
B-6511502A,mult,2022-06-11 21:05:00,2022-06-11 21:25:00,20.0,5,0.09489276,1.309,0.08070411071428571,1.113,337.12,far
B-6511502A,mult,2022-06-11 22:20:00,2022-06-12 03:15:00,295.0,60,0.07946647,1.096,0.05244434025806452,0.723,337.07,far
B-6511502A,mult,2022-06-18 18:55:00,2022-06-18 22:10:00,195.0,40,0.093755364,1.293,0.07976860342857144,1.1,330.21,far
B-6511502A,mult,2022-07-06 16:10:00,2022-07-06 17:25:00,75.0,16,0.109260805,1.507,0.08868555327777777,1.223,312.33,far
B-6511502A,mult,2022-07-26 05:50:00,2022-07-26 06:55:00,65.0,14,0.079585604,1.098,0.075318159,1.039,292.76,far
B-6511502A,mult,2022-07-27 15:10:00,2022-07-27 15:45:00,35.0,8,0.08846463,1.22,0.07649963239999999,1.055,291.37,far
B-6511502A,mult,2022-08-01 23:15:00,2022-08-02 13:40:00,865.0,174,0.10447993,1.441,0.09112472298863636,1.257,286.03,far
B-6511502A,mult,2022-08-12 19:45:00,2022-08-13 03:10:00,445.0,90,0.10580968,1.459,0.09659579448913046,1.332,275.18,far
B-6511502A,mult,2022-08-16 22:00:00,2022-08-17 07:05:00,545.0,110,0.09468796,1.306,0.07669941873214285,1.058,271.08,far
B-6511502A,mult,2022-09-08 14:10:00,2022-09-08 19:15:00,305.0,62,0.09033284,1.246,0.051143852546875,0.705,248.41,far
B-6511502A,mult,2022-10-02 05:15:00,2022-10-02 09:05:00,230.0,47,0.07937225,1.095,0.07563501475510204,1.043,224.78,far
B-6511502A,mult,2022-12-28 09:10:00,2022-12-28 15:35:00,385.0,78,0.077505656,1.069,0.0689125193125,0.95,137.62,far
B-6511502A,mult,2023-01-02 16:20:00,2023-01-03 06:20:00,840.0,169,0.13215172,1.823,0.10557284029239766,1.456,132.32,far
B-6511502A,mult,2023-05-05 04:10:00,2023-05-05 13:40:00,570.0,115,0.09636084,1.329,0.06921263977777779,0.955,9.83,near_10d
B-6511502A,mult,2023-05-05 16:40:00,2023-05-06 05:40:00,780.0,157,0.083747454,1.155,0.06810571927672955,0.939,9.31,near_10d
B-6511502A,mult,2023-05-12 21:50:00,2023-05-13 14:35:00,1005.0,202,0.35606948,4.911,0.16559220174999997,2.284,2.09,near_10d
B-8801C,mult,2022-03-09 11:31:00,2022-03-09 12:52:00,81.0,82,0.031538974,1.518,0.015231248286956522,0.733,848.52,far
B-8801C,mult,2022-03-12 13:39:00,2022-03-12 15:01:00,82.0,83,0.038149867,1.836,0.016515651755913976,0.795,845.43,far
B-8801C,mult,2022-03-20 09:14:00,2022-03-20 10:56:00,102.0,103,0.031869244,1.534,0.015425129979646018,0.742,837.62,far
B-8801C,mult,2022-04-11 14:37:00,2022-04-11 16:00:00,83.0,84,0.038847048,1.87,0.018924203,0.911,815.39,far
B-8801C,mult,2022-04-27 10:45:00,2022-04-27 11:03:00,18.0,19,0.060773946,2.925,0.02594289472413793,1.249,799.55,far
B-8801C,mult,2022-04-27 17:39:00,2022-04-27 18:33:00,54.0,55,0.0264964,1.275,0.007240296479999999,0.348,799.26,far
B-8801C,mult,2022-04-28 18:57:00,2022-04-28 19:51:00,54.0,55,0.030625392,1.474,0.0073006839,0.351,798.21,far
B-8801C,mult,2022-05-05 21:25:00,2022-05-05 23:04:00,99.0,100,0.03374834,1.624,0.01425967111090909,0.686,791.11,far
B-8801C,mult,2022-05-09 22:38:00,2022-05-09 22:59:00,21.0,22,0.030288033,1.458,0.015797171921875,0.76,787.06,far
B-8801C,mult,2022-05-09 23:04:00,2022-05-09 23:37:00,33.0,34,0.016839806,0.81,0.013468113295454547,0.648,787.04,far
B-8801C,mult,2022-05-10 04:03:00,2022-05-10 05:43:00,100.0,101,0.03480499,1.675,0.018048662231531527,0.869,786.83,far
B-8801C,mult,2022-05-10 16:32:00,2022-05-10 16:52:00,20.0,21,0.03241497,1.56,0.028478399516129037,1.371,786.31,far
B-8801C,mult,2022-05-10 16:54:00,2022-05-10 18:17:00,83.0,84,0.03225749,1.552,0.016674480864893617,0.802,786.3,far
B-8801C,mult,2022-05-16 23:29:00,2022-05-17 00:26:00,57.0,58,0.02836016,1.365,0.01067092251911765,0.514,780.02,far
B-8801C,mult,2022-05-17 16:31:00,2022-05-17 18:10:00,99.0,100,0.02913907,1.402,0.014816783924545452,0.713,779.31,far
B-8801C,mult,2022-05-19 11:25:00,2022-05-19 11:43:00,18.0,19,0.061098654,2.94,0.05664369627586207,2.726,777.52,far
B-8801C,mult,2022-05-19 11:45:00,2022-05-19 13:20:00,95.0,96,0.06712376,3.23,0.025483608683962267,1.226,777.51,far
B-8801C,mult,2022-05-22 17:24:00,2022-05-22 18:00:00,36.0,37,0.035107236,1.69,0.027109392510638302,1.305,774.27,far
B-8801C,mult,2022-05-22 18:02:00,2022-05-22 19:04:00,62.0,63,0.035107236,1.69,0.012522512384931508,0.603,774.25,far
B-8801C,mult,2022-05-28 22:06:00,2022-05-28 22:16:00,10.0,11,0.03430527,1.651,0.029145176285714287,1.403,768.08,far
B-8801C,mult,2022-05-28 22:18:00,2022-05-28 22:19:00,1.0,2,0.03430527,1.651,0.03228274358333333,1.554,768.07,far
B-8801C,mult,2022-05-28 22:21:00,2022-05-28 23:52:00,91.0,92,0.03860303,1.858,0.019031696430392157,0.916,768.07,far
B-8801C,mult,2022-06-01 17:56:00,2022-06-01 19:23:00,87.0,88,0.031146951,1.499,0.015878400114285714,0.764,764.25,far
B-8801C,mult,2022-06-09 09:36:00,2022-06-09 09:45:00,9.0,10,0.031865682,1.534,0.02895231715,1.393,756.6,far
B-8801C,mult,2022-06-09 09:47:00,2022-06-09 11:13:00,86.0,87,0.032449167,1.562,0.01566306874329897,0.754,756.59,far
B-8801C,mult,2022-06-10 19:55:00,2022-06-10 21:38:00,103.0,104,0.0321071,1.545,0.01599435021842105,0.77,755.17,far
B-8801C,mult,2022-06-11 02:00:00,2022-06-11 02:06:00,6.0,7,0.02280313,1.097,0.013303576470588234,0.64,754.92,far
B-8801C,mult,2022-06-12 17:31:00,2022-06-12 19:16:00,105.0,106,0.032930765,1.585,0.016141713448275863,0.777,753.27,far
B-8801C,mult,2022-06-15 23:19:00,2022-06-16 00:17:00,58.0,59,0.025045475,1.205,0.011796654728985508,0.568,750.03,far
B-8801C,mult,2022-06-25 15:44:00,2022-06-25 16:41:00,57.0,58,0.029742781,1.431,0.010390044577941177,0.5,740.34,far
B-8801C,mult,2022-07-06 13:46:00,2022-07-06 13:46:00,0.0,1,0.026611168,1.281,0.02310198427272727,1.112,729.43,far
B-8801C,mult,2022-07-06 13:48:00,2022-07-06 15:30:00,102.0,103,0.030350722,1.461,0.016296038161946903,0.784,729.42,far
B-8801C,mult,2022-08-09 02:52:00,2022-08-09 02:54:00,2.0,3,0.02574176,1.239,0.020126132076923077,0.969,695.88,far
B-8801C,mult,2022-08-09 02:56:00,2022-08-09 03:24:00,28.0,29,0.031658392,1.524,0.0164165615,0.79,695.88,far
B-8801C,mult,2022-08-09 05:11:00,2022-08-09 05:23:00,12.0,13,0.025709186,1.237,0.014187387856521738,0.683,695.78,far
B-8801C,mult,2022-08-12 10:02:00,2022-08-12 11:44:00,102.0,103,0.037305966,1.795,0.0186778476619469,0.899,692.58,far
B-8801C,mult,2022-08-21 15:19:00,2022-08-21 16:36:00,77.0,78,0.025422232,1.223,0.017094023299999997,0.823,683.36,far
B-8801C,mult,2022-08-21 17:15:00,2022-08-21 18:34:00,79.0,80,0.030740147,1.479,0.015442614683333331,0.743,683.28,far
B-8801C,mult,2022-08-21 20:41:00,2022-08-21 21:31:00,50.0,51,0.030489119,1.467,0.02380907079508197,1.146,683.14,far
B-8801C,mult,2022-08-30 03:41:00,2022-08-30 05:34:00,113.0,114,0.04469583,2.151,0.017555561250806456,0.845,674.85,far
B-8801C,mult,2022-09-28 10:31:00,2022-09-28 11:25:00,54.0,55,0.02810821,1.353,0.008661185141538462,0.417,645.56,far
B-8801C,mult,2022-11-01 02:16:00,2022-11-01 03:25:00,69.0,70,0.052272506,2.516,0.023174578887500002,1.115,611.91,far
B-8801C,mult,2022-11-01 03:27:00,2022-11-01 04:03:00,36.0,37,0.011431237,0.55,0.0077634312170212745,0.374,611.86,far
B-8801C,mult,2022-11-08 23:48:00,2022-11-09 01:30:00,102.0,103,0.047648482,2.293,0.020425766042477877,0.983,604.01,far
B-8801C,mult,2022-11-09 05:57:00,2022-11-09 07:08:00,71.0,72,0.036102645,1.737,0.015577305685365856,0.75,603.75,far
B-8801C,mult,2023-01-01 15:35:00,2023-01-01 15:57:00,22.0,23,0.024170512,1.163,0.021675414060606062,1.043,550.35,far
B-8801C,mult,2023-01-01 16:01:00,2023-01-01 17:10:00,69.0,70,0.025246149,1.215,0.0127656425825,0.614,550.33,far
B-8801C,mult,2023-02-01 22:38:00,2023-02-01 23:34:00,56.0,57,0.027134972,1.306,0.012158927420895523,0.585,519.06,far
B-8801C,mult,2023-02-05 01:50:00,2023-02-05 03:24:00,94.0,95,0.043448992,2.091,0.02079627974857143,1.001,515.92,far
B-8801C,mult,2023-02-05 20:09:00,2023-02-05 21:40:00,91.0,92,0.050718535,2.441,0.022861825178431373,1.1,515.16,far
B-8801C,mult,2023-02-14 03:56:00,2023-02-14 04:49:00,53.0,54,0.029048523,1.398,0.011154744760937502,0.537,506.84,far
B-8801C,mult,2023-02-14 09:47:00,2023-02-14 09:53:00,6.0,7,0.036268696,1.745,0.02679040694117647,1.289,506.59,far
B-8801C,mult,2023-02-14 09:57:00,2023-02-14 11:30:00,93.0,94,0.028270125,1.361,0.015505406334615383,0.746,506.59,far
B-8801C,mult,2023-02-15 13:57:00,2023-02-15 14:53:00,56.0,57,0.031610645,1.521,0.01033156233880597,0.497,505.42,far
B-8801C,mult,2023-02-15 17:30:00,2023-02-15 18:12:00,42.0,43,0.036688756,1.766,0.02468890798113208,1.188,505.27,far
B-8801C,mult,2023-02-15 18:14:00,2023-02-15 19:14:00,60.0,61,0.028030466,1.349,0.010377489367605635,0.499,505.24,far
B-8801C,mult,2023-02-21 18:59:00,2023-02-21 20:36:00,97.0,98,0.025385957,1.222,0.014256806204629633,0.686,499.21,far
B-8801C,mult,2023-02-23 12:14:00,2023-02-23 12:21:00,7.0,8,0.06768738,3.257,0.04837271816666667,2.328,497.49,far
B-8801C,mult,2023-02-23 12:25:00,2023-02-23 14:00:00,95.0,96,0.0464658,2.236,0.021559879099056607,1.038,497.48,far
B-8801C,mult,2023-02-25 23:03:00,2023-02-25 23:20:00,17.0,18,0.02810758,1.353,0.02053881610714286,0.988,495.04,far
B-8801C,mult,2023-02-25 23:22:00,2023-02-25 23:32:00,10.0,11,0.029362114,1.413,0.02077807569047619,1.0,495.03,far
B-8801C,mult,2023-02-26 00:12:00,2023-02-26 00:12:00,0.0,1,0.03762698,1.811,0.029814623090909095,1.435,494.99,far
B-8801C,mult,2023-02-26 00:14:00,2023-02-26 00:17:00,3.0,4,0.03762698,1.811,0.03007488207142858,1.447,494.99,far
B-8801C,mult,2023-02-26 00:19:00,2023-02-26 01:29:00,70.0,71,0.03274142,1.576,0.01573201432345679,0.757,494.99,far
B-8801C,mult,2023-03-23 20:32:00,2023-03-23 21:39:00,67.0,68,0.027079932,1.303,0.014964772139743591,0.72,469.14,far
B-8801C,mult,2023-03-24 11:34:00,2023-03-24 12:31:00,57.0,58,0.029090786,1.4,0.012580946110294115,0.605,468.52,far
B-8801C,mult,2023-03-31 15:47:00,2023-03-31 15:47:00,0.0,1,0.048923302,2.354,0.03881777581818182,1.868,461.34,far
B-8801C,mult,2023-04-10 22:12:00,2023-04-10 22:36:00,24.0,25,0.050083045,2.41,0.02759019285714286,1.328,451.07,far
B-8801C,mult,2023-04-11 11:37:00,2023-04-11 11:40:00,3.0,4,0.022323588,1.074,0.01501531278571429,0.723,450.52,far
B-8801C,mult,2023-05-17 13:01:00,2023-05-17 14:44:00,103.0,104,0.035935882,1.729,0.01950916029210526,0.939,414.46,far
B-8801C,mult,2023-05-20 16:11:00,2023-05-20 17:10:00,59.0,60,0.024911456,1.199,0.014843773485714288,0.714,411.33,far
B-8801C,mult,2023-05-21 10:07:00,2023-05-21 10:09:00,2.0,3,0.02818396,1.356,0.023410654307692305,1.127,410.58,far
B-8801C,mult,2023-05-21 10:12:00,2023-05-21 11:51:00,99.0,100,0.025252014,1.215,0.013509354863636367,0.65,410.57,far
B-8801C,mult,2023-05-31 16:43:00,2023-05-31 18:30:00,107.0,108,0.03832903,1.845,0.019097750399152544,0.919,400.3,far
B-8801C,mult,2023-06-06 06:15:00,2023-06-06 08:04:00,109.0,110,0.03710867,1.786,0.017101253443333332,0.823,394.74,far
B-8801C,mult,2023-06-07 10:23:00,2023-06-07 11:21:00,58.0,59,0.039684538,1.91,0.016782743844927533,0.808,393.57,far
B-8801C,mult,2023-06-17 13:06:00,2023-06-17 14:51:00,105.0,106,0.030287247,1.458,0.01711693186034483,0.824,383.45,far
B-8801C,mult,2023-06-22 11:31:00,2023-06-22 11:33:00,2.0,3,0.027925203,1.344,0.02600640692307693,1.252,378.52,far
B-8801C,mult,2023-06-22 11:35:00,2023-06-22 13:10:00,95.0,96,0.030172206,1.452,0.017158094081132075,0.826,378.52,far
B-8801C,mult,2023-07-04 18:45:00,2023-07-04 20:16:00,91.0,92,0.031831685,1.532,0.014517174659803924,0.699,366.22,far
B-8801C,mult,2023-07-05 16:57:00,2023-07-05 17:56:00,59.0,60,0.022077315,1.062,0.012931999187142858,0.622,365.29,far
B-8801C,mult,2023-07-11 09:06:00,2023-07-11 10:45:00,99.0,100,0.031327713,1.508,0.017842340569090908,0.859,359.62,far
B-8801C,mult,2023-07-11 18:26:00,2023-07-11 19:20:00,54.0,55,0.028260993,1.36,0.010188262115384617,0.49,359.23,far
B-8801C,mult,2023-07-17 13:15:00,2023-07-17 14:12:00,57.0,58,0.021560552,1.038,0.01213439095735294,0.584,353.45,far
B-8801C,mult,2023-07-21 21:41:00,2023-07-21 22:55:00,74.0,75,0.022860365,1.1,0.013574097562352937,0.653,349.1,far
B-8801C,mult,2023-09-16 12:10:00,2023-09-16 13:40:00,90.0,91,0.0333896,1.607,0.013895838926732676,0.669,292.49,far
B-8801C,mult,2023-11-16 19:32:00,2023-11-16 20:37:00,65.0,66,0.038123984,1.835,0.015457768434210525,0.744,231.19,far
B-8801C,mult,2023-11-17 09:31:00,2023-11-17 09:37:00,6.0,7,0.022396589,1.078,0.013745901441176473,0.662,230.6,far
B-8801C,mult,2023-12-07 11:37:00,2023-12-07 11:52:00,15.0,16,0.026654812,1.283,0.023592404384615382,1.135,210.52,far
B-8801C,mult,2023-12-07 11:54:00,2023-12-07 12:11:00,17.0,18,0.038069952,1.832,0.026710771214285712,1.285,210.5,far
B-8801C,mult,2023-12-07 12:29:00,2023-12-07 12:40:00,11.0,12,0.05041448,2.426,0.03193801431818182,1.537,210.48,far
B-8801C,mult,2023-12-07 12:43:00,2023-12-07 12:59:00,16.0,17,0.04215413,2.029,0.02921519144444444,1.406,210.47,far
B-8801C,mult,2023-12-07 19:15:00,2023-12-07 20:09:00,54.0,55,0.030319031,1.459,0.007889202916923077,0.38,210.2,far
B-8801C,mult,2023-12-15 00:02:00,2023-12-15 00:27:00,25.0,26,0.02362001,1.137,0.015569940875,0.749,203.0,far
B-8801C,mult,2023-12-15 00:52:00,2023-12-15 01:13:00,21.0,22,0.043766264,2.106,0.02766950621875,1.332,202.96,far
B-8801C,mult,2023-12-15 01:15:00,2023-12-15 01:17:00,2.0,3,0.030330472,1.46,0.027109610846153844,1.305,202.95,far
B-8801C,mult,2023-12-15 01:19:00,2023-12-15 01:20:00,1.0,2,0.038076624,1.832,0.02918951983333333,1.405,202.95,far
B-8801C,mult,2023-12-15 01:22:00,2023-12-15 02:25:00,63.0,64,0.038076624,1.832,0.014261575536486486,0.686,202.94,far
B-8801C,mult,2023-12-15 10:09:00,2023-12-15 10:34:00,25.0,26,0.03175898,1.528,0.027566103472222228,1.327,202.58,far
B-8801C,mult,2023-12-15 10:38:00,2023-12-15 11:00:00,22.0,23,0.035664003,1.716,0.026170010999999996,1.259,202.56,far
B-8801C,mult,2023-12-21 22:05:00,2023-12-21 22:54:00,49.0,50,0.021965919,1.057,0.013417188449999999,0.646,196.08,far
B-8801C,mult,2023-12-28 00:37:00,2023-12-28 02:08:00,91.0,92,0.023205748,1.117,0.014511336679411761,0.698,189.97,far
B-8801C,mult,2024-01-20 14:49:00,2024-01-20 16:31:00,102.0,103,0.035077166,1.688,0.015361453573451329,0.739,166.38,far
B-8801C,mult,2024-01-28 16:56:00,2024-01-28 18:46:00,110.0,111,0.093434095,4.497,0.035049920256198346,1.687,158.29,far
B-8801C,mult,2024-02-04 11:04:00,2024-02-04 12:45:00,101.0,102,0.025731036,1.238,0.014685637020535713,0.707,151.54,far
B-8801C,mult,2024-02-13 09:59:00,2024-02-13 11:38:00,99.0,100,0.026146222,1.258,0.015817581207272727,0.761,142.58,far
B-8801C,mult,2024-02-25 22:44:00,2024-02-25 23:40:00,56.0,57,0.027976621,1.346,0.008830831853731343,0.425,130.05,far
B-8801C,mult,2024-03-13 20:57:00,2024-03-13 21:28:00,31.0,32,0.06835266,3.289,0.0439642505,2.116,113.13,far
B-8801C,mult,2024-03-13 23:20:00,2024-03-14 00:09:00,49.0,50,0.032726582,1.575,0.021206236016666668,1.021,113.03,far
B-8801C,mult,2024-03-14 14:08:00,2024-03-14 14:57:00,49.0,50,0.022750724,1.095,0.014970315555,0.72,112.41,far
B-8801C,mult,2024-03-17 03:21:00,2024-03-17 04:17:00,56.0,57,0.027730359,1.335,0.011281514561194028,0.543,109.86,far
B-8801C,mult,2024-03-17 05:14:00,2024-03-17 07:01:00,107.0,108,0.03298397,1.587,0.017985985528813555,0.866,109.78,far
B-8801C,mult,2024-03-28 00:38:00,2024-03-28 00:40:00,2.0,3,0.059707925,2.873,0.05275672015384615,2.539,98.97,far
B-8801C,mult,2024-03-28 00:42:00,2024-03-28 02:25:00,103.0,104,0.058298152,2.806,0.028022912057017544,1.349,98.97,far
B-8801C,mult,2024-04-05 15:49:00,2024-04-05 17:22:00,93.0,94,0.043199383,2.079,0.01700794355576923,0.819,90.34,far
B-8801C,mult,2024-04-09 02:15:00,2024-04-09 02:57:00,42.0,43,0.026839018,1.292,0.022813160584905665,1.098,86.91,far
B-8801C,mult,2024-04-09 03:21:00,2024-04-09 03:23:00,2.0,3,0.044117156,2.123,0.028570512461538463,1.375,86.86,far
B-8801C,mult,2024-04-09 03:25:00,2024-04-09 03:32:00,7.0,8,0.044117156,2.123,0.028955692388888885,1.393,86.86,far
B-8801C,mult,2024-04-09 03:34:00,2024-04-09 04:54:00,80.0,81,0.034155913,1.644,0.01775689004945055,0.855,86.85,far
B-8801C,mult,2024-04-14 13:29:00,2024-04-14 14:33:00,64.0,65,0.023891991,1.15,0.014777297913333338,0.711,81.44,far
B-8801C,mult,2024-04-16 09:19:00,2024-04-16 10:56:00,97.0,98,0.030381175,1.462,0.01672955469814815,0.805,79.61,far
B-8801C,mult,2024-04-18 14:06:00,2024-04-18 15:51:00,105.0,106,0.032716457,1.574,0.018111490483620686,0.872,77.41,far
B-8801C,mult,2024-04-20 21:29:00,2024-04-20 22:39:00,70.0,71,0.022641476,1.09,0.014616238080246917,0.703,75.1,far
B-8801C,mult,2024-04-22 21:25:00,2024-04-22 23:13:00,108.0,109,0.039594516,1.905,0.020562274538655462,0.99,73.11,far
B-8801C,mult,2024-04-27 01:49:00,2024-04-27 03:31:00,102.0,103,0.030568242,1.471,0.018007921481415935,0.867,68.92,far
B-8801C,mult,2024-04-30 16:18:00,2024-04-30 17:55:00,97.0,98,0.05879898,2.83,0.023560116310185182,1.134,65.32,far
B-8801C,mult,2024-05-04 11:53:00,2024-05-04 12:52:00,59.0,60,0.02324957,1.119,0.010971337202857138,0.528,61.5,far
B-8801C,mult,2024-05-10 23:25:00,2024-05-11 01:09:00,104.0,105,0.037861537,1.822,0.01933228591043478,0.93,55.02,far
B-8801C,mult,2024-05-11 14:49:00,2024-05-11 14:55:00,6.0,7,0.03598627,1.732,0.031729293235294116,1.527,54.38,far
B-8801C,mult,2024-05-11 14:59:00,2024-05-11 14:59:00,0.0,1,0.037001066,1.781,0.03422580218181818,1.647,54.38,far
B-8801C,mult,2024-05-11 15:01:00,2024-05-11 16:33:00,92.0,93,0.041151036,1.98,0.019199144508737862,0.924,54.37,far
B-8801C,mult,2024-05-12 11:50:00,2024-05-12 12:47:00,57.0,58,0.027045991,1.302,0.008865715619117647,0.427,53.51,far
B-8801C,mult,2024-05-27 05:59:00,2024-05-27 07:52:00,113.0,114,0.02897737,1.395,0.016652269887903227,0.801,38.75,far
B-8801C,mult,2024-06-04 00:23:00,2024-06-04 01:08:00,45.0,46,0.025522925,1.228,0.011807953141071428,0.568,30.98,far
B-8801C,mult,2024-06-04 01:11:00,2024-06-04 01:21:00,10.0,11,0.009237007,0.445,0.007530864004761906,0.362,30.95,far
B-8801C,mult,2024-06-04 12:19:00,2024-06-04 13:55:00,96.0,97,0.03631575,1.748,0.01750426537102804,0.842,30.49,far
B-8801C,mult,2024-06-11 14:16:00,2024-06-11 15:52:00,96.0,97,0.023533534,1.133,0.014195987373831775,0.683,23.41,far
B-8801C,mult,2024-06-18 13:22:00,2024-06-18 14:44:00,82.0,83,0.027015943,1.3,0.015312943995698925,0.737,16.44,far
B-8801C,mult,2024-06-23 13:05:00,2024-06-23 14:49:00,104.0,105,0.03157193,1.519,0.017588632330434784,0.846,11.45,far
B-8801C,mult,2024-07-01 18:44:00,2024-07-01 20:33:00,109.0,110,0.031212918,1.502,0.019649712579166666,0.946,3.22,near_10d
B-8801C,mult,2024-07-03 03:49:00,2024-07-03 05:39:00,110.0,111,0.0403182,1.94,0.0233424611892562,1.123,1.84,near_48h
B-8801C,mult,2024-07-04 21:07:00,2024-07-04 21:07:00,0.0,1,0.049907267,2.402,0.04464479245454546,2.149,0.12,near_48h
B-8801C,mult,2024-07-04 21:13:00,2024-07-04 22:54:00,101.0,102,0.04988552,2.401,0.02556272221875,1.23,0.12,near_48h
B-8802B,mult,2022-05-19 16:11:00,2022-05-19 17:07:00,56.0,57,0.1283848,1.127,0.07893041134328359,0.693,47.74,far
B-8802B,mult,2022-05-28 22:48:00,2022-05-29 00:07:00,79.0,80,0.13601044,1.194,0.07398404975555556,0.65,38.47,far
B-8802B,mult,2022-06-01 19:35:00,2022-06-01 21:07:00,92.0,93,0.13261937,1.165,0.09019293474757283,0.792,34.6,far
B-8802B,mult,2022-06-14 14:58:00,2022-06-14 21:00:00,362.0,363,0.122568354,1.076,0.11791946530563002,1.036,21.79,far
B-8802B,mult,2022-06-14 21:12:00,2022-06-14 22:27:00,75.0,76,0.11522881,1.012,0.11028517103488371,0.969,21.53,far
B-8802B,mult,2022-06-16 19:53:00,2022-06-16 21:06:00,73.0,74,0.12267454,1.077,0.08053404051190476,0.707,19.59,far
B-8802B,mult,2022-06-27 15:43:00,2022-06-27 16:55:00,72.0,73,0.13457629,1.182,0.08262843487951806,0.726,8.76,near_10d
B-8802B,mult,2022-07-04 06:06:00,2022-07-04 09:21:00,195.0,196,0.3229203,2.836,0.18644934736893204,1.637,2.16,near_10d
B-8802B,mult,2022-07-04 11:05:00,2022-07-04 12:41:00,96.0,97,0.12939063,1.136,0.10305923898130842,0.905,1.95,near_48h
B-8802B,mult,2022-07-04 23:44:00,2022-07-06 12:12:00,2188.0,2189,0.7988919,7.016,0.39470058576580264,3.466,0.0,near_48h
B-8802B,mult,2022-07-19 21:49:00,2022-07-19 23:26:00,97.0,98,0.11778173,1.034,0.11211825986111112,0.985,13.49,far
B-8802B,mult,2022-07-20 00:12:00,2022-07-20 08:52:00,520.0,521,0.13598715,1.194,0.1182776556779661,1.039,13.59,far
B-8802B,mult,2022-07-20 13:46:00,2022-07-20 15:08:00,82.0,83,0.12814696,1.125,0.09364048448387097,0.822,14.16,far
B-90001A,mult,2020-12-16 18:17:00,2020-12-16 19:47:00,90.0,91,0.08613567,1.423,0.0411480965940594,0.68,254.24,far
B-90001A,mult,2020-12-17 09:11:00,2020-12-17 10:14:00,63.0,64,0.07810844,1.29,0.03597930456756757,0.594,253.62,far
B-90001A,mult,2020-12-17 13:05:00,2020-12-17 14:24:00,79.0,80,0.07188413,1.187,0.04492238894444445,0.742,253.45,far
B-90001A,mult,2020-12-18 01:54:00,2020-12-18 03:27:00,93.0,94,0.09261331,1.53,0.05008759521153846,0.827,252.92,far
B-90001A,mult,2020-12-18 03:29:00,2020-12-18 03:30:00,1.0,2,0.09261331,1.53,0.05476264958333333,0.905,252.85,far
B-90001A,mult,2020-12-18 03:32:00,2020-12-18 05:23:00,111.0,112,0.09261331,1.53,0.047600114245901645,0.786,252.85,far
B-90001A,mult,2020-12-19 11:36:00,2020-12-19 13:12:00,96.0,97,0.0720722,1.191,0.038759397593457943,0.64,251.52,far
B-90001A,mult,2020-12-19 22:12:00,2020-12-19 22:58:00,46.0,47,0.07140719,1.18,0.050375693122807014,0.832,251.07,far
B-90001A,mult,2020-12-29 11:21:00,2020-12-29 12:33:00,72.0,73,0.08407623,1.389,0.05007820244578313,0.827,241.53,far
B-90001A,mult,2020-12-31 14:16:00,2020-12-31 15:27:00,71.0,72,0.07125088,1.177,0.04717927453658537,0.779,239.41,far
B-90001A,mult,2020-12-31 18:37:00,2020-12-31 20:10:00,93.0,94,0.082081236,1.356,0.03971280650480769,0.656,239.22,far
B-90001A,mult,2021-01-06 22:48:00,2021-01-06 23:57:00,69.0,70,0.07131193,1.178,0.0395399579125,0.653,233.05,far
B-90001A,mult,2021-01-07 12:02:00,2021-01-07 13:46:00,104.0,105,0.0819643,1.354,0.039830861442608695,0.658,232.5,far
B-90001A,mult,2021-01-07 18:32:00,2021-01-07 18:46:00,14.0,15,0.07985314,1.319,0.07163657832,1.183,232.23,far
B-90001A,mult,2021-01-09 13:28:00,2021-01-09 15:11:00,103.0,104,0.088341236,1.459,0.04234580616228071,0.7,230.44,far
B-90001A,mult,2021-01-09 17:07:00,2021-01-09 18:38:00,91.0,92,0.1003692,1.658,0.04952390295098041,0.818,230.29,far
B-90001A,mult,2021-01-10 21:34:00,2021-01-10 22:52:00,78.0,79,0.06655998,1.1,0.036587309382022475,0.604,229.1,far
B-90001A,mult,2021-01-11 19:47:00,2021-01-11 20:49:00,62.0,63,0.07065328,1.167,0.04205192049315069,0.695,228.18,far
B-90001A,mult,2021-01-12 02:54:00,2021-01-12 04:42:00,108.0,109,0.09319149,1.539,0.04488296050420169,0.741,227.88,far
B-90001A,mult,2021-01-13 21:51:00,2021-01-13 22:21:00,30.0,31,0.08877259,1.466,0.06739750253658537,1.113,226.09,far
B-90001A,mult,2021-01-13 22:23:00,2021-01-13 23:22:00,59.0,60,0.08877259,1.466,0.040265846928571436,0.665,226.07,far
B-90001A,mult,2021-01-17 12:43:00,2021-01-17 13:20:00,37.0,38,0.10723592,1.771,0.06690030595833334,1.105,222.47,far
B-90001A,mult,2021-01-17 13:23:00,2021-01-17 14:29:00,66.0,67,0.10723592,1.771,0.05046158478571429,0.834,222.44,far
B-90001A,mult,2021-01-18 16:37:00,2021-01-18 18:20:00,103.0,104,0.08190383,1.353,0.046526421,0.769,221.31,far
B-90001A,mult,2021-01-20 22:38:00,2021-01-20 23:11:00,33.0,34,0.07026896,1.161,0.04940235015909091,0.816,219.06,far
B-90001A,mult,2021-01-20 23:13:00,2021-01-20 23:36:00,23.0,24,0.055767678,0.921,0.042705324294117636,0.705,219.03,far
B-90001A,mult,2021-01-21 09:49:00,2021-01-21 11:29:00,100.0,101,0.08092577,1.337,0.04122639415315315,0.681,218.59,far
B-90001A,mult,2021-01-24 17:51:00,2021-01-24 18:47:00,56.0,57,0.0673767,1.113,0.028159919388059697,0.465,215.26,far
B-90001A,mult,2021-01-29 15:43:00,2021-01-29 17:16:00,93.0,94,0.07958738,1.315,0.045162302375000005,0.746,210.35,far
B-90001A,mult,2021-01-30 08:48:00,2021-01-30 09:47:00,59.0,60,0.068755694,1.136,0.03729267545714286,0.616,209.63,far
B-90001A,mult,2021-02-09 20:40:00,2021-02-09 22:07:00,87.0,88,0.070296556,1.161,0.041832391081632656,0.691,199.14,far
B-90001A,mult,2021-02-14 14:51:00,2021-02-14 16:22:00,91.0,92,0.089837804,1.484,0.04967821947058824,0.821,194.38,far
B-90001A,mult,2021-02-18 12:59:00,2021-02-18 13:31:00,32.0,33,0.08596547,1.42,0.053145090139534897,0.878,190.46,far
B-90001A,mult,2021-02-18 13:33:00,2021-02-18 14:43:00,70.0,71,0.07707371,1.273,0.03896073414814815,0.644,190.44,far
B-90001A,mult,2021-02-25 02:02:00,2021-02-25 02:42:00,40.0,41,0.10961206,1.811,0.0669015715882353,1.105,183.92,far
B-90001A,mult,2021-02-25 02:44:00,2021-02-25 02:47:00,3.0,4,0.10961206,1.811,0.06580643685714285,1.087,183.89,far
B-90001A,mult,2021-02-25 02:49:00,2021-02-25 04:28:00,99.0,100,0.08108206,1.339,0.04487666558181817,0.741,183.88,far
B-90001A,mult,2021-02-25 12:35:00,2021-02-25 13:22:00,47.0,48,0.06600365,1.09,0.03353170046551724,0.554,183.48,far
B-90001A,mult,2021-02-25 16:08:00,2021-02-25 17:52:00,104.0,105,0.08573237,1.416,0.049385538304347824,0.816,183.33,far
B-90001A,mult,2021-02-26 15:42:00,2021-02-26 16:52:00,70.0,71,0.08663862,1.431,0.04619422303703703,0.763,182.35,far
B-90001A,mult,2021-03-01 13:10:00,2021-03-01 14:27:00,77.0,78,0.08282688,1.368,0.04749992214772727,0.785,179.45,far
B-90001A,mult,2021-03-04 14:06:00,2021-03-04 15:52:00,106.0,107,0.09676635,1.599,0.052052799940170945,0.86,176.41,far
B-90001A,mult,2021-03-05 15:42:00,2021-03-05 15:48:00,6.0,7,0.063057095,1.042,0.05513084594117647,0.911,175.35,far
B-90001A,mult,2021-03-05 15:50:00,2021-03-05 16:41:00,51.0,52,0.063950956,1.056,0.04615129496774194,0.762,175.34,far
B-90001A,mult,2021-03-12 10:10:00,2021-03-12 10:25:00,15.0,16,0.08924497,1.474,0.06896792365384616,1.139,168.58,far
B-90001A,mult,2021-03-12 10:27:00,2021-03-12 11:58:00,91.0,92,0.121441275,2.006,0.05567574064705882,0.92,168.56,far
B-90001A,mult,2021-03-13 20:23:00,2021-03-13 21:30:00,67.0,68,0.07149987,1.181,0.04397398348717949,0.726,167.15,far
B-90001A,mult,2021-03-23 06:23:00,2021-03-23 07:12:00,49.0,50,0.062294997,1.029,0.040419815149999996,0.668,157.73,far
B-90001A,mult,2021-04-01 09:29:00,2021-04-01 11:10:00,101.0,102,0.08013623,1.324,0.045996536741071424,0.76,148.6,far
B-90001A,mult,2021-04-08 08:34:00,2021-04-08 10:02:00,88.0,89,0.07671232,1.267,0.048145240111111105,0.795,141.64,far
B-90001A,mult,2021-04-09 16:18:00,2021-04-09 17:28:00,70.0,71,0.06968466,1.151,0.04315542856419753,0.713,140.32,far
B-90001A,mult,2021-04-09 17:30:00,2021-04-09 17:42:00,12.0,13,0.036650676,0.605,0.02690292616956522,0.444,140.27,far
B-90001A,mult,2021-04-10 05:34:00,2021-04-10 06:32:00,58.0,59,0.06624533,1.094,0.04238152901449275,0.7,139.77,far
B-90001A,mult,2021-04-11 02:57:00,2021-04-11 04:43:00,106.0,107,0.088214636,1.457,0.05011697158974359,0.828,138.88,far
B-90001A,mult,2021-04-11 08:23:00,2021-04-11 10:12:00,109.0,110,0.08774076,1.449,0.06047370444166667,0.999,138.65,far
B-90001A,mult,2021-04-22 11:41:00,2021-04-22 13:03:00,82.0,83,0.07868127,1.3,0.03832904663548387,0.633,127.51,far
B-90001A,mult,2021-05-02 02:55:00,2021-05-02 04:02:00,67.0,68,0.06236923,1.03,0.03184319496794872,0.526,117.88,far
B-90001A,mult,2021-05-05 13:58:00,2021-05-05 14:44:00,46.0,47,0.12579091,2.078,0.07796995340350876,1.288,114.42,far
B-90001A,mult,2021-05-05 14:47:00,2021-05-05 16:16:00,89.0,90,0.12579091,2.078,0.056154614039999995,0.928,114.38,far
B-90001A,mult,2021-05-05 16:18:00,2021-05-05 16:37:00,19.0,20,0.036217492,0.598,0.0265572123,0.439,114.32,far
B-90001A,mult,2021-05-06 22:26:00,2021-05-06 23:59:00,93.0,94,0.07754115,1.281,0.041168551125,0.68,113.07,far
B-90001A,mult,2021-05-08 13:36:00,2021-05-08 15:09:00,93.0,94,0.09976963,1.648,0.06070917260576924,1.003,111.43,far
B-90001A,mult,2021-05-08 15:16:00,2021-05-08 16:41:00,85.0,86,0.07403094,1.223,0.050838872364583336,0.84,111.36,far
B-90001A,mult,2021-05-18 14:46:00,2021-05-18 15:21:00,35.0,36,0.11784639,1.947,0.08168716782608695,1.349,101.38,far
B-90001A,mult,2021-05-18 15:23:00,2021-05-18 16:35:00,72.0,73,0.11784639,1.947,0.05155323783132531,0.852,101.36,far
B-90001A,mult,2021-05-30 12:25:00,2021-05-30 13:43:00,78.0,79,0.07800514,1.289,0.04294505597752809,0.709,89.48,far
B-90001A,mult,2021-06-03 11:57:00,2021-06-03 13:41:00,104.0,105,0.10188288,1.683,0.05427254491304347,0.897,85.5,far
B-90001A,mult,2021-06-04 06:13:00,2021-06-04 07:38:00,85.0,86,0.07673689,1.268,0.04642203281250001,0.767,84.74,far
B-90001A,mult,2021-06-07 03:40:00,2021-06-07 05:26:00,106.0,107,0.100461476,1.66,0.05710677024786326,0.943,81.85,far
B-90001A,mult,2021-06-09 17:32:00,2021-06-09 18:31:00,59.0,60,0.0907297,1.499,0.04594085692857143,0.759,79.27,far
B-90001A,mult,2021-06-15 12:49:00,2021-06-15 14:22:00,93.0,94,0.08705704,1.438,0.034367350716346154,0.568,73.47,far
B-90001A,mult,2021-06-15 22:29:00,2021-06-15 23:26:00,57.0,58,0.06688388,1.105,0.039061740308823534,0.645,73.06,far
B-90001A,mult,2021-06-24 09:14:00,2021-06-24 11:09:00,115.0,116,0.11969117,1.977,0.057657515206349215,0.952,64.62,far
B-90001A,mult,2021-06-25 16:09:00,2021-06-25 17:20:00,71.0,72,0.07127582,1.177,0.042876875829268295,0.708,63.33,far
B-90001A,mult,2021-06-25 19:14:00,2021-06-25 20:17:00,63.0,64,0.06527033,1.078,0.04193749572972973,0.693,63.2,far
B-90001A,mult,2021-06-28 18:31:00,2021-06-28 20:24:00,113.0,114,0.110314384,1.822,0.05685461925806452,0.939,60.23,far
B-90001A,mult,2021-06-29 14:44:00,2021-06-29 16:16:00,92.0,93,0.07835238,1.294,0.04752115650485437,0.785,59.39,far
B-90001A,mult,2021-06-29 18:28:00,2021-06-29 19:53:00,85.0,86,0.06794963,1.122,0.04633581901041667,0.765,59.23,far
B-90001A,mult,2021-06-30 13:53:00,2021-06-30 15:33:00,100.0,101,0.08812813,1.456,0.052614643954954944,0.869,58.42,far
B-90001A,mult,2021-07-02 23:11:00,2021-07-03 01:10:00,119.0,120,0.094286844,1.558,0.05320390950769231,0.879,56.03,far
B-90001A,mult,2021-07-03 10:16:00,2021-07-03 12:14:00,118.0,119,0.1366221,2.257,0.07332359968992248,1.211,55.57,far
B-90001A,mult,2021-07-03 19:26:00,2021-07-03 20:11:00,45.0,46,0.061358534,1.014,0.03401978985714286,0.562,55.19,far
B-90001A,mult,2021-07-03 22:07:00,2021-07-03 23:26:00,79.0,80,0.07350805,1.214,0.049275608455555564,0.814,55.08,far
B-90001A,mult,2021-07-04 09:58:00,2021-07-04 10:49:00,51.0,52,0.07249843,1.198,0.0404851309032258,0.669,54.58,far
B-90001A,mult,2021-07-04 11:02:00,2021-07-04 11:55:00,53.0,54,0.08280814,1.368,0.06851511629687501,1.132,54.54,far
B-90001A,mult,2021-07-04 11:57:00,2021-07-04 13:43:00,106.0,107,0.08232562,1.36,0.05450110822222222,0.9,54.5,far
B-90001A,mult,2021-07-05 11:50:00,2021-07-05 13:57:00,127.0,128,0.119149156,1.968,0.05494350114927537,0.908,53.51,far
B-90001A,mult,2021-07-05 16:07:00,2021-07-05 18:04:00,117.0,118,0.14184165,2.343,0.07395953163281249,1.222,53.33,far
B-90001A,mult,2021-07-06 16:01:00,2021-07-06 18:17:00,136.0,137,0.16249467,2.684,0.07707311394557823,1.273,52.33,far
B-90001A,mult,2021-07-07 22:57:00,2021-07-08 01:00:00,123.0,124,0.091394216,1.51,0.05676985106716418,0.938,51.04,far
B-90001A,mult,2021-07-08 09:40:00,2021-07-08 10:55:00,75.0,76,0.06731056,1.112,0.051807477139534895,0.856,50.6,far
B-90001A,mult,2021-07-08 17:46:00,2021-07-08 18:44:00,58.0,59,0.06758526,1.116,0.05105169598550723,0.843,50.26,far
B-90001A,mult,2021-07-10 12:30:00,2021-07-10 14:30:00,120.0,121,0.09899913,1.635,0.057922140305343504,0.957,48.48,far
B-90001A,mult,2021-07-11 09:11:00,2021-07-11 11:00:00,109.0,110,0.077843525,1.286,0.054202789758333335,0.895,47.62,far
B-90001A,mult,2021-07-11 23:29:00,2021-07-11 23:46:00,17.0,18,0.069149904,1.142,0.06014631346428572,0.994,47.02,far
B-90001A,mult,2021-07-11 23:48:00,2021-07-12 01:13:00,85.0,86,0.06977352,1.153,0.04890961420833334,0.808,47.01,far
B-90001A,mult,2021-07-13 13:57:00,2021-07-13 14:54:00,57.0,58,0.07450834,1.231,0.0477790921617647,0.789,45.42,far
B-90001A,mult,2021-07-13 14:56:00,2021-07-13 15:07:00,11.0,12,0.059301432,0.98,0.041594849,0.687,45.38,far
B-90001A,mult,2021-07-13 15:41:00,2021-07-13 16:46:00,65.0,66,0.0799644,1.321,0.04992020689473684,0.825,45.35,far
B-90001A,mult,2021-07-14 12:20:00,2021-07-14 13:30:00,70.0,71,0.09163085,1.514,0.05625490238271604,0.929,44.49,far
B-90001A,mult,2021-07-24 00:55:00,2021-07-24 02:27:00,92.0,93,0.10002897,1.652,0.058524365631067964,0.967,34.96,far
B-90001A,mult,2021-07-24 03:01:00,2021-07-24 04:48:00,107.0,108,0.06953337,1.149,0.056564556152542377,0.934,34.87,far
B-90001A,mult,2021-07-24 06:02:00,2021-07-24 06:12:00,10.0,11,0.09950986,1.644,0.062826919,1.038,34.75,far
B-90001A,mult,2021-07-24 06:14:00,2021-07-24 08:00:00,106.0,107,0.101954095,1.684,0.05484608823931624,0.906,34.74,far
B-90001A,mult,2021-07-29 23:45:00,2021-07-29 23:55:00,10.0,11,0.09862619,1.629,0.07577718971428572,1.252,29.01,far
B-90001A,mult,2021-07-29 23:57:00,2021-07-30 01:42:00,105.0,106,0.10604622,1.752,0.05939352301724138,0.981,29.0,far
B-90001A,mult,2021-07-30 21:48:00,2021-07-30 22:44:00,56.0,57,0.074951224,1.238,0.042597565671641795,0.704,28.09,far
B-90001A,mult,2021-08-07 00:56:00,2021-08-07 02:20:00,84.0,85,0.086252466,1.425,0.04775669303157894,0.789,20.96,far
B-90001A,mult,2021-08-07 13:50:00,2021-08-07 14:44:00,54.0,55,0.07426313,1.227,0.04843428487692308,0.8,20.42,far
B-90001A,mult,2021-08-09 11:30:00,2021-08-09 11:43:00,13.0,14,0.12717049,2.101,0.08752590762500001,1.446,18.52,far
B-90001A,mult,2021-08-09 11:45:00,2021-08-09 13:36:00,111.0,112,0.15220743,2.514,0.07803620474590163,1.289,18.51,far
B-90001A,mult,2021-08-09 21:38:00,2021-08-09 23:29:00,111.0,112,0.099161714,1.638,0.06135104107377049,1.013,18.1,far
B-90001A,mult,2021-08-10 22:07:00,2021-08-10 23:05:00,58.0,59,0.08343185,1.378,0.037394616043478254,0.618,17.08,far
B-90001A,mult,2021-08-10 23:20:00,2021-08-11 01:07:00,107.0,108,0.08724841,1.441,0.049845462635593224,0.823,17.03,far
B-90001A,mult,2021-08-11 06:30:00,2021-08-11 06:31:00,1.0,2,0.07785978,1.286,0.06917915250000001,1.143,16.73,far
B-90001A,mult,2021-08-11 06:33:00,2021-08-11 08:10:00,97.0,98,0.07785978,1.286,0.038849624148148146,0.642,16.73,far
B-90001A,mult,2021-08-11 09:29:00,2021-08-11 10:39:00,70.0,71,0.08102191,1.338,0.04045031702469136,0.668,16.6,far
B-90001A,mult,2021-08-12 12:36:00,2021-08-12 12:47:00,11.0,12,0.07874501,1.301,0.048286384681818166,0.798,15.47,far
B-90001A,mult,2021-08-12 14:30:00,2021-08-12 15:31:00,61.0,62,0.07620473,1.259,0.044240378854166665,0.731,15.4,far
B-90001A,mult,2021-08-20 22:19:00,2021-08-21 00:18:00,119.0,120,0.11404152,1.884,0.059178450184615386,0.978,7.07,near_10d
B-90001A,mult,2021-08-21 01:40:00,2021-08-21 03:29:00,109.0,110,0.107371256,1.774,0.053600415441666674,0.885,6.93,near_10d
B-90001A,mult,2021-08-21 10:42:00,2021-08-21 12:12:00,90.0,91,0.086435415,1.428,0.05059436234653465,0.836,6.55,near_10d
B-90001A,mult,2021-08-22 07:19:00,2021-08-22 08:39:00,80.0,81,0.10718798,1.771,0.0736526047032967,1.217,5.7,near_10d
B-90001A,mult,2021-08-22 08:41:00,2021-08-22 08:47:00,6.0,7,0.12643382,2.089,0.10002368364705883,1.652,5.64,near_10d
B-90001A,mult,2021-08-22 08:49:00,2021-08-22 10:36:00,107.0,108,0.12643382,2.089,0.06424783115254237,1.061,5.63,near_10d
