equip,mode,start,end,duration_min,n_points,peak_mae,peak_ratio,mean_mae,mean_ratio,dist_to_failure_days,category,trig_class,base_before,base_after,peak_dev,max_step_in_ep,typical_step,level_shift,frac_off_like,shutdown_after
B-0302C,uni,2024-02-02 04:56:00,2024-02-02 05:55:00,59.0,60,0.01305879,1.472,0.0045295957942857,0.511,209.79,far,sustentado_sem_causa,5.0143,5.4343,0.7122,1.9492,0.145,0.4201,0.0,False
B-0302C,uni,2024-02-08 07:59:00,2024-02-08 09:40:00,101.0,102,0.025078006,2.827,0.0056812476835714,0.64,203.67,far,mudanca_regime,5.2276,6.8325,2.0069,3.811,0.145,1.6049,0.0,False
B-0302C,uni,2024-02-08 12:08:00,2024-02-08 13:51:00,103.0,104,0.022666415,2.555,0.0055029158836842,0.62,203.49,far,precursor_parada,6.8213,5.0502,2.2534,3.0037,0.145,1.7711,0.0,True
B-0302C,uni,2024-02-08 16:57:00,2024-02-08 17:47:00,50.0,51,0.026537832,2.992,0.0088704754327868,1.0,203.29,far,precursor_parada,5.2274,2.8321,0.8596,3.486,0.145,2.3953,0.0,True
B-0302C,uni,2024-02-08 17:50:00,2024-02-08 17:51:00,1.0,2,0.00777457,0.876,0.0042684312999999,0.481,203.26,far,mudanca_regime,5.4317,2.8411,3.124,1.0478,0.145,2.5906,0.0,True
B-0302C,uni,2024-02-11 22:18:00,2024-02-11 22:20:00,2.0,3,0.013121199,1.479,0.0098843171923076,1.114,200.07,far,mudanca_regime,5.2669,2.9605,2.5868,1.2739,0.145,2.3063,0.0,True
B-0302C,uni,2024-02-11 22:22:00,2024-02-11 22:27:00,5.0,6,0.009983849,1.126,0.00943082365625,1.063,200.07,far,mudanca_regime,5.2187,2.9635,2.579,1.2739,0.145,2.2551,0.0,True
B-0302C,uni,2024-02-11 22:29:00,2024-02-11 23:29:00,60.0,61,0.010859307,1.224,0.004268494404507,0.481,200.06,far,precursor_parada,5.1752,2.9858,2.721,1.2739,0.145,2.1894,0.0,True
B-0302C,uni,2024-02-11 23:31:00,2024-02-11 23:33:00,2.0,3,0.00106686,0.12,0.0009632648076923,0.109,200.02,far,transiente_curto,3.1201,2.977,0.3301,0.7204,0.145,0.1432,0.0,True
B-0302C,uni,2024-02-16 00:27:00,2024-02-16 07:11:00,404.0,405,0.017894255,2.017,0.0096964240351807,1.093,195.98,far,sustentado_sem_causa,4.0343,4.4032,0.7581,0.7801,0.145,0.3689,0.0,False
B-0302C,uni,2024-02-16 23:13:00,2024-02-17 00:24:00,71.0,72,0.012542518,1.414,0.0069931633256097,0.788,195.03,far,mudanca_regime,3.1471,3.9533,1.3462,0.9822,0.145,0.8061,0.0,False
B-0302C,uni,2024-02-17 02:00:00,2024-02-17 02:27:00,27.0,28,0.00957188,1.079,0.0078226740815789,0.882,194.92,far,mudanca_regime,3.916,4.7531,1.2255,0.7814,0.145,0.8371,0.0,False
B-0302C,uni,2024-02-19 23:38:00,2024-02-20 00:15:00,37.0,38,0.009592281,1.081,0.00763908540625,0.861,192.02,far,sustentado_sem_causa,3.823,4.107,0.7619,0.7143,0.145,0.2841,0.0,False
B-0302C,uni,2024-02-20 00:17:00,2024-02-20 00:22:00,5.0,6,0.008772405,0.989,0.00716103610625,0.807,191.99,far,transiente_curto,4.0607,4.107,0.3899,0.7387,0.145,0.0464,0.0,False
B-0302C,uni,2024-02-20 00:24:00,2024-02-20 00:36:00,12.0,13,0.008772405,0.989,0.007070591273913,0.797,191.98,far,transiente_curto,4.0702,4.1091,0.431,0.7387,0.145,0.0389,0.0,False
B-0302C,uni,2024-02-21 11:54:00,2024-02-21 13:20:00,86.0,87,0.011312798,1.275,0.0077494963072164,0.874,190.5,far,precursor_parada,3.6919,4.1394,0.8746,0.757,0.145,0.4475,0.0,True
B-24001B,uni,2024-11-21 00:37:00,2024-11-21 02:30:00,113.0,114,0.026413169,2.355,0.0105252118475806,0.938,45.97,far,mudanca_regime,5.0772,1.3285,5.0966,6.5694,0.0001,3.7487,0.0,False
B-24001B,uni,2024-11-22 17:02:00,2024-11-22 17:32:00,30.0,31,0.021873629,1.95,0.012475270609756,1.112,44.29,far,precursor_parada,5.3098,0.2859,9.67,8.0422,0.0001,5.0238,0.0,False
B-24001B,uni,2024-11-22 17:37:00,2024-11-22 18:56:00,79.0,80,0.021873629,1.95,0.0083185421007777,0.742,44.27,far,precursor_parada,5.3098,0.252,5.0333,12.1699,0.0001,5.0577,0.0,False
B-24001B,uni,2024-11-27 12:25:00,2024-11-27 16:10:00,225.0,226,0.037123848,3.31,0.0154737283190677,1.38,39.48,far,mudanca_regime,0.0388,1.6172,12.0342,7.3634,0.0001,1.5784,0.0,False
B-24001B,uni,2024-11-27 16:16:00,2024-11-27 16:16:00,0.0,1,0.0015137732,0.135,0.0014205751999999,0.127,39.32,far,mudanca_regime,1.7768,1.6146,0.0997,0.2519,0.0001,0.1623,0.0,False
B-24001B,uni,2024-11-27 18:40:00,2024-11-28 00:08:00,328.0,329,0.035144605,3.133,0.0123076660604719,1.097,39.22,far,mudanca_regime,1.6133,1.7387,12.7269,8.6429,0.0001,0.1254,0.0,False
B-24001B,uni,2024-11-28 00:12:00,2024-11-28 00:15:00,3.0,4,0.014665458,1.308,0.0088691209428571,0.791,38.99,far,mudanca_regime,5.1354,1.7193,0.5426,3.1781,0.0001,3.416,0.0,False
B-24001B,uni,2024-11-28 01:03:00,2024-11-28 02:03:00,60.0,61,0.018393004,1.64,0.0080448992239436,0.717,38.96,far,mudanca_regime,5.1644,1.6679,3.5754,5.6198,0.0001,3.4965,0.0,False
B-24001B,uni,2024-11-28 07:58:00,2024-11-28 09:07:00,69.0,70,0.02209863,1.97,0.0143633322824999,1.281,38.67,far,glitch_sensor,1.7348,7.4479,7.005,6.143,0.0001,5.713,0.0,False
B-24001B,uni,2024-11-28 09:19:00,2024-11-28 09:50:00,31.0,32,0.009281318,0.828,0.0076250087738095,0.68,38.61,far,mudanca_regime,7.6546,2.0067,1.0852,1.5987,0.0001,5.6479,0.0,False
B-24001B,uni,2024-11-28 10:17:00,2024-11-28 12:05:00,108.0,109,0.021983342,1.96,0.0103467370067226,0.923,38.57,far,mudanca_regime,8.0745,1.8715,6.2722,5.4648,0.0001,6.2029,0.0,False
B-24001B,uni,2024-11-29 05:21:00,2024-11-29 06:09:00,48.0,49,0.030097494,2.683,0.016371297918644,1.46,37.78,far,mudanca_regime,1.8164,15.4739,14.4229,11.7435,0.0001,13.6574,0.0,False
B-24001B,uni,2024-11-29 06:14:00,2024-11-29 09:47:00,213.0,214,0.029217923,2.605,0.0118266059861607,1.054,37.74,far,precursor_parada,1.9669,1.8377,14.6793,11.7435,0.0001,0.1293,0.0,True
B-24001B,uni,2024-11-29 16:24:00,2024-11-29 18:46:00,142.0,143,0.019696323,1.756,0.0111755119261437,0.996,37.32,far,glitch_sensor,0.2487,1.9379,13.3358,7.9259,0.0001,1.6892,0.0,False
B-24001B,uni,2024-11-29 18:48:00,2024-11-29 19:07:00,19.0,20,0.0037275741,0.332,0.00291042843,0.259,37.22,far,mudanca_regime,1.7053,1.9512,0.1569,1.124,0.0001,0.2459,0.0,False
B-24001B,uni,2024-11-29 19:10:00,2024-11-29 19:10:00,0.0,1,0.0037275741,0.332,0.001818639290909,0.162,37.2,far,mudanca_regime,1.6666,1.9512,0.1357,0.155,0.0001,0.2846,0.0,False
B-24001B,uni,2024-11-29 19:12:00,2024-11-29 19:18:00,6.0,7,0.002338768,0.209,0.0014904520470588,0.133,37.2,far,mudanca_regime,1.6666,1.9512,0.0775,0.1744,0.0001,0.2846,0.0,False
B-24001B,uni,2024-11-30 17:44:00,2024-12-02 15:48:00,2764.0,2765,0.020782921,1.853,0.0118127898574774,1.053,36.26,far,precursor_parada,0.0451,0.2084,17.202,11.1815,0.0001,0.1633,0.0,True
B-24001B,uni,2024-12-02 16:11:00,2024-12-02 16:45:00,34.0,35,0.014437382,1.287,0.0075044705414444,0.669,34.33,far,glitch_sensor,13.5069,0.2038,13.2983,14.9216,0.0001,13.3032,0.0,True
B-24001B,uni,2024-12-03 11:41:00,2024-12-03 12:41:00,60.0,61,0.014549185,1.297,0.0075341795394366,0.672,33.51,far,mudanca_regime,0.2382,1.9903,2.0593,8.8172,0.0001,1.7522,0.0,False
B-24001B,uni,2024-12-03 21:48:00,2024-12-03 23:29:00,101.0,102,0.016812734,1.499,0.0073787607732142,0.658,33.09,far,precursor_parada,1.7247,1.6749,0.1938,2.9068,0.0001,0.0498,0.0,True
B-24001B,uni,2024-12-04 07:26:00,2024-12-04 08:12:00,46.0,47,0.016804459,1.498,0.0101024551385964,0.901,32.69,far,glitch_sensor,0.0485,7.6643,9.699,7.48,0.0001,7.6158,0.0,True
B-24001B,uni,2024-12-18 14:12:00,2024-12-18 15:09:00,57.0,58,0.014559772,1.298,0.0073578944661764,0.656,18.41,far,mudanca_regime,0.0581,1.8155,2.0735,6.7825,0.0001,1.7573,0.0,False
B-24001B,uni,2024-12-19 02:49:00,2024-12-19 03:49:00,60.0,61,0.016161596,1.441,0.0086116899169014,0.768,17.88,far,precursor_parada,1.7167,1.8991,0.5119,6.2076,0.0001,0.1824,0.0,True
B-24001B,uni,2024-12-19 15:53:00,2024-12-19 16:52:00,59.0,60,0.016324343,1.455,0.0083534694785714,0.745,17.34,far,glitch_sensor,0.0581,7.5771,8.7785,5.9686,0.0001,7.5189,0.0,False
B-24001B,uni,2024-12-19 18:30:00,2024-12-19 22:47:00,257.0,258,0.029013956,2.587,0.0128331133313432,1.144,17.23,far,mudanca_regime,7.7063,2.3096,5.6327,7.0538,0.0001,5.3967,0.0,False
B-24001B,uni,2024-12-20 00:47:00,2024-12-20 03:50:00,183.0,184,0.027726771,2.472,0.011884243877835,1.06,16.97,far,mudanca_regime,2.3096,3.1103,11.5655,6.6856,0.0001,0.8007,0.0,False
B-24001B,uni,2024-12-20 04:56:00,2024-12-20 05:56:00,60.0,61,0.01441805,1.286,0.0080578911633802,0.718,16.79,far,mudanca_regime,3.0909,3.0618,0.5329,5.5035,0.0001,0.0291,0.0,False
B-24001B,uni,2024-12-20 08:35:00,2024-12-20 12:49:00,254.0,255,0.024812033,2.212,0.0117162884479245,1.045,16.64,far,precursor_parada,3.1006,3.2249,11.2396,9.6603,0.0001,0.1243,0.0,True
B-24001B,uni,2024-12-20 13:49:00,2024-12-20 14:00:00,11.0,12,0.011645859,1.038,0.0073988966272727,0.66,16.42,far,mudanca_regime,3.3138,3.1054,0.2067,4.9416,0.0001,0.2083,0.0,True
B-24001B,uni,2024-12-27 12:13:00,2024-12-27 13:41:00,88.0,89,0.020425735,1.821,0.0091515318585858,0.816,9.49,near_10d,mudanca_regime,0.2325,5.3194,4.7478,7.4866,0.0001,5.0869,0.0,False
B-24001B,uni,2024-12-27 14:46:00,2024-12-27 16:40:00,114.0,115,0.024680125,2.2,0.0112292467839999,1.001,9.38,near_10d,mudanca_regime,4.4183,5.6004,5.833,6.8213,0.0001,1.1821,0.0,False
B-24001B,uni,2024-12-28 03:50:00,2024-12-28 05:50:00,120.0,121,0.016702717,1.489,0.0090396015091603,0.806,8.84,near_10d,mudanca_regime,7.393,1.8352,5.6998,4.0501,0.0001,5.5578,0.0,False
B-24001B,uni,2024-12-30 03:39:00,2024-12-30 05:28:00,109.0,110,0.020000301,1.783,0.0084049335808333,0.749,6.85,near_10d,mudanca_regime,3.4082,3.4494,8.5678,8.2941,0.0001,0.0412,0.0,False
B-24001B,uni,2024-12-30 21:25:00,2024-12-30 22:30:00,65.0,66,0.020384854,1.817,0.0090284167328947,0.805,6.11,near_10d,mudanca_regime,3.4609,2.2687,0.4536,7.7805,0.0001,1.1923,0.0,False
B-24001B,uni,2024-12-31 03:59:00,2024-12-31 10:00:00,361.0,362,0.030566161,2.725,0.012087338416129,1.078,5.83,near_10d,mudanca_regime,4.0154,2.6181,8.9102,8.4103,0.0001,1.3974,0.0,False
B-24001B,uni,2024-12-31 23:11:00,2025-01-01 01:06:00,115.0,116,0.018853512,1.681,0.0098303377833333,0.876,5.03,near_10d,precursor_parada,3.401,2.6662,8.42,7.8968,0.0001,0.7348,0.0,True
B-24001B,uni,2025-02-10 12:14:00,2025-02-10 19:24:00,430.0,431,0.021362197,1.905,0.0122412556292517,1.091,35.51,far,precursor_parada,4.9924,0.2277,11.3438,4.4959,0.0001,4.7647,0.0,False
B-24001B,uni,2025-02-10 19:38:00,2025-02-10 19:45:00,7.0,8,0.013314623,1.187,0.0109934498888888,0.98,35.82,far,glitch_sensor,13.2873,0.226,13.0564,16.065,0.0001,13.0613,0.0,False
B-24001B,uni,2025-02-10 19:51:00,2025-02-10 20:37:00,46.0,47,0.013476664,1.202,0.0053800554731578,0.48,35.83,far,glitch_sensor,13.1823,0.2218,12.9557,16.065,0.0001,12.9605,0.0,False
B-24001B,uni,2025-02-11 13:56:00,2025-02-11 15:01:00,65.0,66,0.01639895,1.462,0.0031498680117105,0.281,36.58,far,precursor_parada,0.0963,0.2382,0.1521,16.2393,0.0001,0.1419,0.0,True
B-24001B,uni,2025-02-14 10:57:00,2025-02-14 12:24:00,87.0,88,0.02061204,1.838,0.0051964532991836,0.463,39.46,far,glitch_sensor,0.2272,0.2436,0.0403,14.2436,0.0001,0.0164,0.0,False
B-24001B,uni,2025-02-17 13:56:00,2025-02-17 14:07:00,11.0,12,0.021460386,1.913,0.00833469695,0.743,42.58,far,glitch_sensor,0.2116,0.2423,0.0184,17.0145,0.0001,0.0307,0.0,True
B-24001B,uni,2025-02-17 14:22:00,2025-02-17 14:31:00,9.0,10,0.0031036998,0.277,0.0028048257649999,0.25,42.6,far,glitch_sensor,0.2132,0.2423,0.0,0.1218,0.0001,0.0291,0.0,True
B-24001B,uni,2025-02-28 13:47:00,2025-02-28 15:20:00,93.0,94,0.030334784,2.705,0.0121921649208461,1.087,53.57,far,mudanca_regime,0.201,0.2215,0.0107,22.2273,0.0001,0.0205,0.0,False
B-3403C,uni,2023-03-25 04:18:00,2023-03-25 05:15:00,57.0,58,0.0076619587,1.309,0.0067346085838235,1.15,170.82,far,sustentado_sem_causa,2.4284,2.4439,0.3939,0.6513,0.0886,0.0155,0.0,False
B-3403C,uni,2023-03-25 05:18:00,2023-03-25 05:35:00,17.0,18,0.00672207,1.148,0.0050583514535714,0.864,170.78,far,transiente_curto,2.2795,2.4873,0.3753,0.6513,0.0886,0.2078,0.0,False
B-3403C,uni,2023-03-25 05:37:00,2023-03-25 05:39:00,2.0,3,0.0054984223,0.939,0.0049838020923076,0.851,170.77,far,transiente_curto,2.2996,2.4919,0.2311,0.5396,0.0886,0.1923,0.0,False
B-3403C,uni,2023-03-25 05:41:00,2023-03-25 06:08:00,27.0,28,0.0058840453,1.005,0.0049500438105263,0.846,170.76,far,transiente_curto,2.2996,2.5416,0.3365,0.5396,0.0886,0.2419,0.0,False
B-3403C,uni,2023-03-25 06:14:00,2023-03-25 06:14:00,0.0,1,0.005885907,1.005,0.0050903846454545,0.87,170.74,far,transiente_curto,2.3338,2.5431,0.0946,0.4962,0.0886,0.2093,0.0,False
B-3403C,uni,2023-03-25 06:45:00,2023-03-25 07:15:00,30.0,31,0.0064463485,1.101,0.0047626636634146,0.814,170.72,far,sustentado_sem_causa,2.3756,2.5958,0.3722,0.5396,0.0886,0.2202,0.0,False
B-3403C,uni,2023-03-25 07:17:00,2023-03-25 07:23:00,6.0,7,0.004346669,0.743,0.0039912771294117,0.682,170.7,far,transiente_curto,2.4532,2.5989,0.4187,0.5396,0.0886,0.1458,0.0,False
B-3403C,uni,2023-03-25 07:26:00,2023-03-25 07:39:00,13.0,14,0.004346669,0.743,0.0035535518625,0.607,170.69,far,transiente_curto,2.4764,2.6041,0.4264,0.5396,0.0886,0.1277,0.0,False
B-3403C,uni,2023-04-06 13:32:00,2023-04-06 13:36:00,4.0,5,0.006807508,1.163,0.00624852104,1.067,158.44,far,transiente_curto,1.6905,1.7197,0.2385,0.3722,0.0886,0.0292,0.0,False
B-3403C,uni,2023-04-06 13:38:00,2023-04-06 13:38:00,0.0,1,0.0068987664,1.179,0.0063618059272727,1.087,158.43,far,transiente_curto,1.6822,1.7271,0.0829,0.3722,0.0886,0.0449,0.0,False
B-3403C,uni,2023-04-06 13:41:00,2023-04-06 13:50:00,9.0,10,0.007063082,1.207,0.006583934645,1.125,158.43,far,transiente_curto,1.6809,1.7247,0.3225,0.3722,0.0886,0.0438,0.0,False
B-3403C,uni,2023-04-06 13:53:00,2023-04-06 13:58:00,5.0,6,0.007487729,1.279,0.0067314986249999,1.15,158.42,far,transiente_curto,1.6804,1.7282,0.2176,0.397,0.0886,0.0478,0.0,False
B-3403C,uni,2023-04-06 14:01:00,2023-04-06 14:24:00,23.0,24,0.00804272,1.374,0.0071871900735294,1.228,158.42,far,transiente_curto,1.6804,1.7305,0.2611,0.397,0.0886,0.0502,0.0,False
B-3403C,uni,2023-04-06 14:26:00,2023-04-06 14:39:00,13.0,14,0.007654428,1.308,0.0071176141708333,1.216,158.4,far,transiente_curto,1.6983,1.7404,0.2928,0.4218,0.0886,0.0421,0.0,False
B-3403C,uni,2023-04-06 14:42:00,2023-04-06 14:54:00,12.0,13,0.007596607,1.298,0.0067572033347826,1.154,158.39,far,transiente_curto,1.715,1.7414,0.245,0.4218,0.0886,0.0264,0.0,False
B-3403C,uni,2023-04-06 14:56:00,2023-04-06 16:08:00,72.0,73,0.007168913,1.225,0.0058217277626506,0.995,158.38,far,sustentado_sem_causa,1.715,1.7603,0.245,0.4218,0.0886,0.0453,0.0,False
B-3403C,uni,2023-04-06 16:10:00,2023-04-06 16:10:00,0.0,1,0.0072350213,1.236,0.0065475507818181,1.119,158.33,far,transiente_curto,1.7209,1.7616,0.1578,0.3411,0.0886,0.0407,0.0,False
B-3403C,uni,2023-04-06 16:12:00,2023-04-06 17:05:00,53.0,54,0.007354454,1.256,0.006430958625,1.099,158.32,far,sustentado_sem_causa,1.7209,1.7461,0.264,0.4218,0.0886,0.0252,0.0,False
B-3403C,uni,2023-04-06 17:08:00,2023-04-06 17:11:00,3.0,4,0.006845519,1.169,0.0060160959857142,1.028,158.29,far,transiente_curto,1.7414,1.7492,0.1287,0.4218,0.0886,0.0078,0.0,False
B-3403C,uni,2023-04-06 17:14:00,2023-04-06 17:22:00,8.0,9,0.006291513,1.075,0.0057098607789473,0.975,158.28,far,transiente_curto,1.7352,1.743,0.2,0.3908,0.0886,0.0078,0.0,False
B-3403C,uni,2023-04-06 17:24:00,2023-04-06 17:27:00,3.0,4,0.0059408746,1.015,0.0056444368499999,0.964,158.28,far,transiente_curto,1.7399,1.7461,0.083,0.3908,0.0886,0.0062,0.0,False
B-3403C,uni,2023-04-06 17:32:00,2023-04-06 17:33:00,1.0,2,0.0063294265,1.081,0.0058246877166666,0.995,158.27,far,transiente_curto,1.7445,1.743,0.1318,0.3908,0.0886,0.0016,0.0,False
B-3403C,uni,2023-04-06 17:35:00,2023-04-06 17:41:00,6.0,7,0.0063294265,1.081,0.0056372190529411,0.963,158.27,far,transiente_curto,1.7476,1.743,0.1535,0.3908,0.0886,0.0047,0.0,False
B-3403C,uni,2023-04-06 17:44:00,2023-04-06 17:45:00,1.0,2,0.006016574,1.028,0.0051828125416666,0.885,158.26,far,transiente_curto,1.7502,1.7368,0.0817,0.3908,0.0886,0.0134,0.0,False
B-3403C,uni,2023-04-06 17:48:00,2023-04-06 18:18:00,30.0,31,0.005686439,0.971,0.0047617839,0.813,158.26,far,sustentado_sem_causa,1.7517,1.7088,0.3138,0.3908,0.0886,0.0429,0.0,False
B-3403C,uni,2023-04-06 18:29:00,2023-04-06 18:32:00,3.0,4,0.0059519717,1.017,0.00528421355,0.903,158.23,far,transiente_curto,1.7603,1.6876,0.0794,0.3225,0.0886,0.0727,0.0,False
B-3403C,uni,2023-04-06 18:49:00,2023-04-06 19:24:00,35.0,36,0.0063050794,1.077,0.0054888005434782,0.938,158.22,far,sustentado_sem_causa,1.7461,1.6749,0.2388,0.3225,0.0886,0.0712,0.0,False
B-3403C,uni,2023-04-06 19:26:00,2023-04-06 19:32:00,6.0,7,0.0062256726,1.064,0.0053863736941176,0.92,158.19,far,transiente_curto,1.7461,1.6715,0.183,0.2998,0.0886,0.0745,0.0,False
B-3403C,uni,2023-04-06 19:35:00,2023-04-06 19:58:00,23.0,24,0.006463396,1.104,0.0058591156470588,1.001,158.18,far,transiente_curto,1.743,1.6606,0.2419,0.3474,0.0886,0.0824,0.0,False
B-3403C,uni,2023-04-06 20:01:00,2023-04-06 20:06:00,5.0,6,0.006343618,1.084,0.00591885891875,1.011,158.17,far,transiente_curto,1.7316,1.6587,0.1623,0.3474,0.0886,0.0729,0.0,False
B-3403C,uni,2023-04-06 20:10:00,2023-04-06 20:11:00,1.0,2,0.006028717,1.03,0.0057171195166666,0.977,158.16,far,transiente_curto,1.7249,1.6593,0.1049,0.3474,0.0886,0.0656,0.0,False
B-3403C,uni,2023-04-06 20:13:00,2023-04-06 20:30:00,17.0,18,0.0061792387,1.056,0.0057548182428571,0.983,158.16,far,transiente_curto,1.715,1.656,0.1892,0.3474,0.0886,0.0591,0.0,False
B-3403C,uni,2023-04-06 20:33:00,2023-04-06 20:34:00,1.0,2,0.0061792387,1.056,0.0056899609166666,0.972,158.14,far,transiente_curto,1.6876,1.656,0.04,0.4156,0.0886,0.0317,0.0,False
B-3403C,uni,2023-04-06 20:36:00,2023-04-06 20:43:00,7.0,8,0.0061792387,1.056,0.0050181008,0.857,158.14,far,transiente_curto,1.6867,1.6522,0.0322,0.4156,0.0886,0.0345,0.0,False
B-3403C,uni,2023-04-06 20:45:00,2023-04-06 20:49:00,4.0,5,0.0048415717,0.827,0.0041014526933333,0.701,158.14,far,transiente_curto,1.6825,1.6454,0.0075,0.4156,0.0886,0.037,0.0,False
B-3403C,uni,2023-04-06 20:51:00,2023-04-06 20:52:00,1.0,2,0.0041871155,0.715,0.0037157986166666,0.635,158.13,far,transiente_curto,1.6795,1.6444,0.0114,0.4156,0.0886,0.0351,0.0,False
B-3403C,uni,2023-04-06 20:57:00,2023-04-06 21:17:00,20.0,21,0.0037775657,0.645,0.003132478832258,0.535,158.13,far,transiente_curto,1.6814,1.6522,0.0801,0.4156,0.0886,0.0291,0.0,False
B-3403C,uni,2023-04-06 21:20:00,2023-04-06 21:20:00,0.0,1,0.0033659856,0.575,0.0028508578090909,0.487,158.11,far,transiente_curto,1.6789,1.656,0.0774,0.4156,0.0886,0.0229,0.0,False
B-3403C,uni,2023-04-19 16:51:00,2023-04-19 16:55:00,4.0,5,0.006521096,1.114,0.0059037827333333,1.009,145.3,far,transiente_curto,2.1439,2.1585,0.3371,0.5706,0.0886,0.0146,0.0,True
B-3403C,uni,2023-04-19 16:58:00,2023-04-19 17:01:00,3.0,4,0.006521096,1.114,0.0058712217928571,1.003,145.29,far,transiente_curto,2.1466,2.1503,0.2745,0.5706,0.0886,0.0036,0.0,True
B-3403C,uni,2023-04-19 17:04:00,2023-04-19 17:07:00,3.0,4,0.0062318584,1.065,0.0056572893642857,0.966,145.29,far,transiente_curto,2.1508,2.1415,0.1628,0.5706,0.0886,0.0093,0.0,True
B-3403C,uni,2023-04-19 17:10:00,2023-04-19 17:45:00,35.0,36,0.0073419767,1.254,0.0057438665826086,0.981,145.28,far,precursor_parada,2.1585,2.1973,0.2915,0.5706,0.0886,0.0388,0.0,True
B-3403C,uni,2023-04-19 17:48:00,2023-04-19 17:54:00,6.0,7,0.0073419767,1.254,0.0060687306588235,1.037,145.26,far,transiente_curto,2.1482,2.2082,0.275,0.4962,0.0886,0.06,0.0,True
B-3403C,uni,2023-04-19 17:57:00,2023-04-19 18:26:00,29.0,30,0.00723607,1.236,0.0063148577525,1.079,145.25,far,transiente_curto,2.1423,2.2144,0.2939,0.5582,0.0886,0.0721,0.0,True
B-3403C,uni,2023-04-19 18:31:00,2023-04-19 18:48:00,17.0,18,0.0066325516,1.133,0.0050363253892857,0.86,145.23,far,transiente_curto,2.1415,2.1937,0.2528,0.5582,0.0886,0.0522,0.0,True
B-3403C,uni,2023-04-19 18:51:00,2023-04-19 19:23:00,32.0,33,0.0059577078,1.018,0.0043981254790697,0.751,145.21,far,precursor_parada,2.1585,2.0554,0.3908,0.5582,0.0886,0.1031,0.0,True
B-3403C,uni,2023-04-20 10:00:00,2023-04-20 10:13:00,13.0,14,0.0067503513,1.153,0.0060777687291666,1.038,144.58,far,transiente_curto,1.822,1.928,0.4109,0.6451,0.0886,0.106,0.0,False
B-3403C,uni,2023-04-20 10:16:00,2023-04-20 10:18:00,2.0,3,0.006908416,1.18,0.0062230845076923,1.063,144.57,far,transiente_curto,1.8608,1.9301,0.1132,0.3424,0.0886,0.0693,0.0,False
B-3403C,uni,2023-04-20 10:20:00,2023-04-20 10:20:00,0.0,1,0.006908416,1.18,0.0061951693454545,1.058,144.57,far,transiente_curto,1.8701,1.9301,0.2161,0.3424,0.0886,0.06,0.0,False
B-3403C,uni,2023-04-20 10:22:00,2023-04-20 10:22:00,0.0,1,0.006908416,1.18,0.0062082923636363,1.061,144.57,far,transiente_curto,1.8794,1.928,0.1675,0.3424,0.0886,0.0486,0.0,False
B-3403C,uni,2023-04-20 10:24:00,2023-04-20 10:27:00,3.0,4,0.006908416,1.18,0.0062630405285714,1.07,144.57,far,transiente_curto,1.8927,1.9236,0.2845,0.3424,0.0886,0.0309,0.0,False
B-3403C,uni,2023-04-20 10:29:00,2023-04-20 10:30:00,1.0,2,0.0070869043,1.211,0.00631110905,1.078,144.56,far,transiente_curto,1.9084,1.927,0.1096,0.3424,0.0886,0.0186,0.0,False
B-3403C,uni,2023-04-20 10:32:00,2023-04-20 10:45:00,13.0,14,0.007544726,1.289,0.006525077,1.115,144.56,far,transiente_curto,1.9084,1.927,0.3246,0.3722,0.0886,0.0186,0.0,False
B-3403C,uni,2023-04-20 10:47:00,2023-04-20 10:49:00,2.0,3,0.007544726,1.289,0.0067684688,1.156,144.55,far,transiente_curto,1.9275,1.927,0.1938,0.3722,0.0886,0.0005,0.0,False
B-3403C,uni,2023-04-20 10:52:00,2023-04-20 11:04:00,12.0,13,0.0077499226,1.324,0.0069822597086956,1.193,144.55,far,transiente_curto,1.9414,1.9197,0.2667,0.3722,0.0886,0.0217,0.0,False
B-3403C,uni,2023-04-20 11:07:00,2023-04-20 11:18:00,11.0,12,0.0074358312,1.27,0.0070639886499999,1.207,144.54,far,transiente_curto,1.9569,1.9067,0.2822,0.3722,0.0886,0.0502,0.0,False
B-3403C,uni,2023-04-20 11:22:00,2023-04-20 11:22:00,0.0,1,0.0072532203,1.239,0.0068122626818181,1.164,144.53,far,transiente_curto,1.928,1.9042,0.0713,0.3722,0.0886,0.0238,0.0,False
B-3403C,uni,2023-04-20 11:24:00,2023-04-20 11:40:00,16.0,17,0.0072272853,1.235,0.0063096319777777,1.078,144.53,far,transiente_curto,1.9265,1.8794,0.1546,0.3722,0.0886,0.047,0.0,False
B-3403C,uni,2023-04-20 11:43:00,2023-04-20 11:46:00,3.0,4,0.0062001813,1.059,0.0055785852642857,0.953,144.51,far,transiente_curto,1.898,1.8674,0.1582,0.3598,0.0886,0.0306,0.0,False
B-3403C,uni,2023-04-20 11:48:00,2023-04-20 12:01:00,13.0,14,0.0062784823,1.073,0.0054002258374999,0.923,144.51,far,transiente_curto,1.9058,1.8227,0.4574,0.4954,0.0886,0.0831,0.0,False
B-3403C,uni,2023-04-20 12:03:00,2023-04-20 12:07:00,4.0,5,0.0062784823,1.073,0.0053771772733333,0.919,144.5,far,transiente_curto,1.9236,1.8112,0.2163,0.4954,0.0886,0.1124,0.0,False
B-3403C,uni,2023-04-20 12:10:00,2023-04-20 12:49:00,39.0,40,0.005960808,1.018,0.0053575751439999,0.915,144.49,far,sustentado_sem_causa,1.9257,1.8019,0.2515,0.4954,0.0886,0.1238,0.0,False
B-3403C,uni,2023-04-20 12:57:00,2023-04-20 13:15:00,18.0,19,0.006091432,1.041,0.005374830475862,0.918,144.46,far,transiente_curto,1.9257,1.8372,0.3874,0.4954,0.0886,0.0884,0.0,False
B-3403C,uni,2023-04-20 13:17:00,2023-04-20 13:17:00,0.0,1,0.0055898204,0.955,0.0051987454363636,0.888,144.45,far,transiente_curto,1.9098,1.8393,0.2165,0.3225,0.0886,0.0705,0.0,False
B-3403C,uni,2023-04-20 13:20:00,2023-04-20 13:25:00,5.0,6,0.005598428,0.956,0.0050540737625,0.863,144.44,far,transiente_curto,1.9067,1.8518,0.2899,0.3225,0.0886,0.0549,0.0,False
B-3403C,uni,2023-04-20 13:47:00,2023-04-20 13:49:00,2.0,3,0.00617587,1.055,0.0056479774538461,0.965,144.43,far,transiente_curto,1.8674,1.8494,0.2423,0.3225,0.0886,0.018,0.0,False
B-3403C,uni,2023-04-20 13:52:00,2023-04-20 13:58:00,6.0,7,0.00617587,1.055,0.0052538465705882,0.898,144.42,far,transiente_curto,1.8664,1.8599,0.2351,0.3225,0.0886,0.0065,0.0,False
B-3403C,uni,2023-04-20 14:34:00,2023-04-20 14:38:00,4.0,5,0.0064656395,1.105,0.0053373187066666,0.912,144.39,far,transiente_curto,1.8068,1.8505,0.2319,0.3287,0.0886,0.0437,0.0,False
B-3403C,uni,2023-04-20 14:41:00,2023-04-20 14:41:00,0.0,1,0.0055612647,0.95,0.0052430900818181,0.896,144.39,far,transiente_curto,1.8099,1.8463,0.0882,0.3287,0.0886,0.0365,0.0,False
B-3403C,uni,2023-04-20 14:44:00,2023-04-20 14:45:00,1.0,2,0.0055750427,0.952,0.0052359925083333,0.894,144.39,far,transiente_curto,1.8143,1.8505,0.1334,0.3287,0.0886,0.0362,0.0,False
B-3403C,uni,2023-04-20 15:00:00,2023-04-20 15:02:00,2.0,3,0.0062091234,1.061,0.0059103412538461,1.01,144.38,far,transiente_curto,1.8068,1.8463,0.313,0.3287,0.0886,0.0396,0.0,False
B-3403C,uni,2023-04-20 15:04:00,2023-04-20 15:04:00,0.0,1,0.0065695625,1.122,0.0060337076090909,1.031,144.37,far,transiente_curto,1.818,1.8432,0.1389,0.3287,0.0886,0.0252,0.0,False
B-3403C,uni,2023-04-20 15:06:00,2023-04-20 15:24:00,18.0,19,0.007939586,1.356,0.006578917637931,1.124,144.37,far,transiente_curto,1.8198,1.8406,0.2705,0.3691,0.0886,0.0209,0.0,False
B-3403C,uni,2023-04-20 15:27:00,2023-04-20 15:29:00,2.0,3,0.007992992,1.365,0.0073585968461538,1.257,144.36,far,transiente_curto,1.8538,1.8406,0.1522,0.3691,0.0886,0.0132,0.0,False
B-3403C,uni,2023-04-20 15:32:00,2023-04-20 15:33:00,1.0,2,0.007992992,1.365,0.007214968075,1.233,144.35,far,transiente_curto,1.8518,1.8422,0.0633,0.3691,0.0886,0.0096,0.0,False
B-3403C,uni,2023-04-20 15:35:00,2023-04-20 15:35:00,0.0,1,0.007992992,1.365,0.007141449090909,1.22,144.35,far,transiente_curto,1.8494,1.8422,0.061,0.3691,0.0886,0.0072,0.0,False
B-3403C,uni,2023-04-20 15:39:00,2023-04-20 15:44:00,5.0,6,0.0074172895,1.267,0.0068212423,1.165,144.35,far,transiente_curto,1.8463,1.8432,0.0951,0.3691,0.0886,0.0031,0.0,False
B-3403C,uni,2023-04-20 15:46:00,2023-04-20 15:48:00,2.0,3,0.0072147967,1.233,0.0065394611153846,1.117,144.34,far,transiente_curto,1.8463,1.8484,0.1726,0.3691,0.0886,0.0021,0.0,False
B-3403C,uni,2023-04-20 15:50:00,2023-04-20 15:52:00,2.0,3,0.0068217264,1.165,0.0063579525230769,1.086,144.34,far,transiente_curto,1.8494,1.8422,0.1618,0.3691,0.0886,0.0072,0.0,False
B-3403C,uni,2023-04-20 15:54:00,2023-04-20 15:57:00,3.0,4,0.0065865596,1.125,0.00613459475,1.048,144.34,far,transiente_curto,1.8538,1.8484,0.1357,0.3691,0.0886,0.0054,0.0,False
B-3403C,uni,2023-04-20 16:00:00,2023-04-20 16:02:00,2.0,3,0.0064588813,1.103,0.0057901995692307,0.989,144.33,far,transiente_curto,1.8624,1.8536,0.0946,0.3691,0.0886,0.0088,0.0,False
B-3403C,uni,2023-04-20 16:05:00,2023-04-20 16:05:00,0.0,1,0.006108287,1.043,0.0056596822090909,0.967,144.33,far,transiente_curto,1.8599,1.8608,0.1542,0.3691,0.0886,0.0009,0.0,False
B-3403C,uni,2023-04-20 16:08:00,2023-04-20 16:09:00,1.0,2,0.0060529145,1.034,0.0055324729583333,0.945,144.33,far,transiente_curto,1.8589,1.8618,0.0881,0.3691,0.0886,0.0029,0.0,False
B-3403C,uni,2023-04-20 16:12:00,2023-04-20 16:15:00,3.0,4,0.0060529145,1.034,0.0055035206357142,0.94,144.32,far,transiente_curto,1.8538,1.8608,0.1481,0.3691,0.0886,0.007,0.0,False
B-3403C,uni,2023-04-20 16:17:00,2023-04-20 16:32:00,15.0,16,0.0063047977,1.077,0.0056055026,0.958,144.32,far,transiente_curto,1.8538,1.8624,0.2923,0.3008,0.0886,0.0085,0.0,False
B-3403C,uni,2023-04-20 16:36:00,2023-04-20 16:38:00,2.0,3,0.006952259,1.188,0.0058416413,0.998,144.31,far,transiente_curto,1.8505,1.8608,0.1158,0.3008,0.0886,0.0103,0.0,False
B-3403C,uni,2023-04-20 16:41:00,2023-04-20 16:45:00,4.0,5,0.007210307,1.232,0.0063485017133333,1.085,144.3,far,transiente_curto,1.8505,1.8562,0.2895,0.4094,0.0886,0.0057,0.0,False
B-3403C,uni,2023-04-20 16:47:00,2023-04-20 16:52:00,5.0,6,0.007957415,1.359,0.00681303286875,1.164,144.3,far,transiente_curto,1.8505,1.8639,0.2192,0.4094,0.0886,0.0134,0.0,False
B-3403C,uni,2023-04-20 16:54:00,2023-04-20 16:56:00,2.0,3,0.008016992,1.37,0.0072189137846153,1.233,144.3,far,transiente_curto,1.8525,1.8708,0.1468,0.4094,0.0886,0.0183,0.0,False
B-3403C,uni,2023-04-20 16:59:00,2023-04-20 17:26:00,27.0,28,0.009116545,1.557,0.0079903544473684,1.365,144.29,far,transiente_curto,1.8525,1.9285,0.2564,0.4962,0.0886,0.076,0.0,False
B-3403C,uni,2023-04-20 17:28:00,2023-04-20 17:28:00,0.0,1,0.008780727,1.5,0.0078871339999999,1.347,144.27,far,transiente_curto,1.8344,1.9285,0.2559,0.4962,0.0886,0.0941,0.0,False
B-3403C,uni,2023-04-20 17:30:00,2023-04-20 17:41:00,11.0,12,0.008511532,1.454,0.0077773364636363,1.329,144.27,far,transiente_curto,1.8406,1.9425,0.3303,0.4962,0.0886,0.1018,0.0,False
B-3403C,uni,2023-04-20 17:43:00,2023-04-20 17:43:00,0.0,1,0.008511532,1.454,0.0077815078727272,1.329,144.26,far,transiente_curto,1.8432,1.9394,0.3091,0.4962,0.0886,0.0961,0.0,False
B-3403C,uni,2023-04-20 17:45:00,2023-04-20 17:53:00,8.0,9,0.008723279,1.49,0.0078359439421052,1.339,144.26,far,transiente_curto,1.8432,1.9394,0.3494,0.4962,0.0886,0.0961,0.0,False
B-3403C,uni,2023-04-20 17:56:00,2023-04-20 17:58:00,2.0,3,0.008723279,1.49,0.0073969345153846,1.264,144.25,far,transiente_curto,1.8422,1.9352,0.2977,0.4962,0.0886,0.093,0.0,False
B-3403C,uni,2023-04-20 18:00:00,2023-04-20 18:00:00,0.0,1,0.008122222,1.388,0.0070671041181818,1.207,144.25,far,transiente_curto,1.8484,1.9401,0.0124,0.4919,0.0886,0.0917,0.0,False
B-3403C,uni,2023-04-20 18:02:00,2023-04-20 18:16:00,14.0,15,0.008122222,1.388,0.00629713352,1.076,144.25,far,transiente_curto,1.8484,1.9422,0.3391,0.4919,0.0886,0.0938,0.0,True
B-3403C,uni,2023-04-20 18:18:00,2023-04-20 18:46:00,28.0,29,0.008150974,1.392,0.0062664893948717,1.071,144.24,far,transiente_curto,1.8608,1.9507,0.2481,0.4919,0.0886,0.0899,0.0,True
B-3403C,uni,2023-04-20 18:49:00,2023-04-20 18:53:00,4.0,5,0.008150974,1.392,0.0065061341533333,1.111,144.22,far,transiente_curto,1.8608,1.9432,0.2481,0.4919,0.0886,0.0824,0.0,True
B-3403C,uni,2023-04-20 18:56:00,2023-04-20 19:09:00,13.0,14,0.006666911,1.139,0.0061466305749999,1.05,144.21,far,transiente_curto,1.8677,1.9422,0.3652,0.4342,0.0886,0.0745,0.0,True
B-3403C,uni,2023-04-20 19:12:00,2023-04-20 19:55:00,43.0,44,0.007848024,1.341,0.0063721436629629,1.089,144.2,far,precursor_parada,1.9003,1.914,0.4319,0.4342,0.0886,0.0137,0.0,True
B-3403C,uni,2023-04-20 19:57:00,2023-04-20 20:26:00,29.0,30,0.00846094,1.445,0.0072808435299999,1.244,144.17,far,transiente_curto,1.9352,1.8908,0.2481,0.4156,0.0886,0.0445,0.0,True
B-3403C,uni,2023-04-20 20:28:00,2023-04-20 20:40:00,12.0,13,0.008179998,1.397,0.0072528728347826,1.239,144.15,far,transiente_curto,1.9352,1.8908,0.2171,0.4156,0.0886,0.0445,0.0,True
B-3403C,uni,2023-04-20 20:44:00,2023-04-20 20:58:00,14.0,15,0.008208843,1.402,0.007389445668,1.262,144.14,far,transiente_curto,1.9492,1.8794,0.1835,0.4156,0.0886,0.0698,0.0,True
B-3403C,uni,2023-04-20 21:00:00,2023-04-20 21:01:00,1.0,2,0.008208843,1.402,0.0072293658916666,1.235,144.12,far,transiente_curto,1.9432,1.8794,0.1011,0.4156,0.0886,0.0638,0.0,True
B-3403C,uni,2023-04-20 21:03:00,2023-04-20 21:05:00,2.0,3,0.008208843,1.402,0.0068984835692307,1.178,144.12,far,transiente_curto,1.9456,1.8758,0.0703,0.4156,0.0886,0.0698,0.0,True
B-3403C,uni,2023-04-20 21:09:00,2023-04-20 21:09:00,0.0,1,0.007476262,1.277,0.0065716120090909,1.123,144.12,far,transiente_curto,1.9422,1.8753,0.1496,0.4156,0.0886,0.0669,0.0,True
B-3403C,uni,2023-04-20 21:12:00,2023-04-20 21:13:00,1.0,2,0.007476262,1.277,0.0065345657,1.116,144.12,far,transiente_curto,1.9414,1.8758,0.3039,0.4156,0.0886,0.0656,0.0,True
B-3403C,uni,2023-04-20 21:16:00,2023-04-20 21:34:00,18.0,19,0.007476262,1.277,0.006099815837931,1.042,144.11,far,transiente_curto,1.9414,1.8654,0.1654,0.4156,0.0886,0.0761,0.0,True
B-3403C,uni,2023-04-20 21:37:00,2023-04-20 21:39:00,2.0,3,0.0063751903,1.089,0.0052697675384615,0.9,144.1,far,transiente_curto,1.9342,1.8664,0.1602,0.4156,0.0886,0.0678,0.0,True
B-3403C,uni,2023-04-20 21:41:00,2023-04-20 21:45:00,4.0,5,0.006610551,1.129,0.00545977824,0.933,144.1,far,transiente_curto,1.929,1.8722,0.2357,0.3784,0.0886,0.0569,0.0,True
B-3403C,uni,2023-04-20 21:47:00,2023-04-20 21:53:00,6.0,7,0.006610551,1.129,0.0059503561823529,1.017,144.09,far,transiente_curto,1.9259,1.8825,0.2202,0.3784,0.0886,0.0434,0.0,True
B-3403C,uni,2023-04-20 21:56:00,2023-04-20 22:05:00,9.0,10,0.0063946894,1.092,0.006036141575,1.031,144.09,far,transiente_curto,1.914,1.8903,0.2083,0.3784,0.0886,0.0238,0.0,True
B-3403C,uni,2023-04-20 22:08:00,2023-04-20 22:37:00,29.0,30,0.0064160284,1.096,0.005493656055,0.938,144.08,far,transiente_curto,1.8892,1.8288,0.1959,0.3784,0.0886,0.0605,0.0,True
B-3403C,uni,2023-04-20 22:39:00,2023-04-20 22:39:00,0.0,1,0.005283259,0.903,0.0048952064363636,0.836,144.06,far,transiente_curto,1.8908,1.8112,0.0548,0.2828,0.0886,0.0796,0.0,True
B-3403C,uni,2023-04-20 22:41:00,2023-04-20 22:46:00,5.0,6,0.006042677,1.032,0.0050951433,0.87,144.05,far,transiente_curto,1.8908,1.7988,0.2677,0.3536,0.0886,0.092,0.0,True
B-3403C,uni,2023-04-20 22:51:00,2023-04-20 23:00:00,9.0,10,0.0064237784,1.097,0.0057336584199999,0.979,144.05,far,mudanca_regime,1.8794,1.0607,0.2171,0.428,0.0886,0.8188,0.0,True
B-3403C,uni,2023-04-22 08:24:00,2023-04-22 08:25:00,1.0,2,0.008744584,1.494,0.0076499398166666,1.307,142.65,far,glitch_sensor,1.8555,2.2266,0.3874,1.7212,0.0886,0.3711,0.0,False
B-3403C,uni,2023-04-22 08:27:00,2023-04-22 08:27:00,0.0,1,0.007899629,1.349,0.0073717155818181,1.259,142.65,far,glitch_sensor,1.8688,2.2293,0.2463,1.7212,0.0886,0.3605,0.0,False
B-3403C,uni,2023-04-22 08:29:00,2023-04-22 08:36:00,7.0,8,0.0074699502,1.276,0.0071635155222222,1.224,142.65,far,glitch_sensor,1.8856,2.2429,0.405,1.7212,0.0886,0.3573,0.0,False
B-3403C,uni,2023-04-22 08:38:00,2023-04-22 08:42:00,4.0,5,0.0072970646,1.247,0.0069353161666666,1.185,142.64,far,glitch_sensor,1.9291,2.2547,0.3411,1.7212,0.0886,0.3256,0.0,False
B-3403C,uni,2023-04-22 08:44:00,2023-04-22 08:45:00,1.0,2,0.0075699985,1.293,0.0068695412916666,1.174,142.64,far,glitch_sensor,1.9482,2.2588,0.4631,1.7212,0.0886,0.3106,0.0,False
B-3403C,uni,2023-04-22 08:47:00,2023-04-22 09:00:00,13.0,14,0.0077010333,1.316,0.0062260661041666,1.064,142.63,far,glitch_sensor,1.9665,2.2588,0.5518,1.7212,0.0886,0.2923,0.0,False
B-3403C,uni,2023-04-22 09:02:00,2023-04-22 09:04:00,2.0,3,0.0060553937,1.034,0.0053559829923076,0.915,142.62,far,glitch_sensor,2.0488,2.2689,0.1714,1.7212,0.0886,0.22,0.0,False
B-3403C,uni,2023-04-22 09:08:00,2023-04-22 09:20:00,12.0,13,0.0067477017,1.153,0.0029386570065217,0.502,142.62,far,glitch_sensor,2.0981,2.3516,0.2013,1.7212,0.0886,0.2535,0.0,False
B-3403C,uni,2023-04-22 09:23:00,2023-04-22 09:32:00,9.0,10,0.0011220846,0.192,0.0009686084344999,0.165,142.61,far,transiente_curto,2.1513,2.3516,0.0941,0.1447,0.0886,0.2003,0.0,False
B-3403C,uni,2023-04-22 09:35:00,2023-04-22 09:41:00,6.0,7,0.0011220846,0.192,0.0009642614294117,0.165,142.6,far,transiente_curto,2.1757,2.3668,0.1379,0.1296,0.0886,0.1911,0.0,False
B-3403C,uni,2023-04-22 09:46:00,2023-04-22 09:47:00,1.0,2,0.0012225215,0.209,0.0009940121333333,0.17,142.59,far,transiente_curto,2.191,2.3731,0.1536,0.2088,0.0886,0.1822,0.0,False
B-3403C,uni,2023-04-22 09:50:00,2023-04-22 09:51:00,1.0,2,0.0013481,0.23,0.0011009775041666,0.188,142.59,far,transiente_curto,2.1925,2.3777,0.1146,0.2088,0.0886,0.1852,0.0,False
B-3403C,uni,2023-04-28 14:13:00,2023-04-28 14:13:00,0.0,1,0.0075300387,1.286,0.0037106448654545,0.634,136.41,far,glitch_sensor,3.9487,3.0631,0.8391,2.0221,0.0886,0.8856,0.0,False
B-3403C,uni,2023-04-28 14:16:00,2023-04-28 14:17:00,1.0,2,0.0075300387,1.286,0.0023066463291666,0.394,136.41,far,mudanca_regime,3.8426,3.0631,0.7784,0.4776,0.0886,0.7795,0.0,False
B-3403C,uni,2023-05-31 03:03:00,2023-05-31 03:37:00,34.0,35,0.010262456,1.753,0.0082378290555555,1.407,103.87,far,sustentado_sem_causa,2.741,2.7454,0.1048,3.3019,0.0886,0.0045,0.0,False
B-3403C,uni,2023-05-31 03:40:00,2023-05-31 03:43:00,3.0,4,0.008268425,1.412,0.0079470333714285,1.358,103.85,far,glitch_sensor,2.7323,2.7454,0.0416,3.3019,0.0886,0.0131,0.0,False
B-3403C,uni,2023-05-31 03:46:00,2023-05-31 04:02:00,16.0,17,0.015651008,2.674,0.0042178338555555,0.721,103.84,far,glitch_sensor,2.7323,2.7432,0.0465,3.3019,0.0886,0.0109,0.0,False
B-3403C,uni,2023-05-31 04:05:00,2023-05-31 04:31:00,26.0,27,0.0003910194,0.067,0.0003163830127027,0.054,103.83,far,transiente_curto,2.7357,2.7285,0.0871,0.1281,0.0886,0.0072,0.0,False
B-3403C,uni,2023-05-31 04:34:00,2023-05-31 04:48:00,14.0,15,0.00037333916,0.064,0.0003005536631999,0.051,103.81,far,transiente_curto,2.7364,2.7275,0.0975,0.1281,0.0886,0.0089,0.0,False
B-402E,uni,2017-07-13 09:28:00,2017-07-13 09:37:00,9.0,10,0.00280268,1.632,0.001775186065,1.034,839.07,far,glitch_sensor,359.0277,386.5452,10.0694,32.9861,1.2153,27.5174,0.0,True
B-402E,uni,2017-07-13 09:39:00,2017-07-13 09:40:00,1.0,2,0.00280268,1.632,0.0019663602,1.145,839.06,far,glitch_sensor,361.8923,385.6771,27.8647,36.9792,1.2153,23.7848,0.0,True
B-402E,uni,2017-07-13 09:42:00,2017-07-13 09:43:00,1.0,2,0.00280268,1.632,0.002101381125,1.224,839.06,far,glitch_sensor,366.4062,385.6771,18.3159,36.9792,1.2153,19.2708,0.0,True
B-402E,uni,2017-07-13 09:45:00,2017-07-13 09:46:00,1.0,2,0.00280268,1.632,0.0019481008416666,1.135,839.06,far,glitch_sensor,367.6215,385.6771,10.5035,36.9792,1.2153,18.0556,0.0,True
B-402E,uni,2017-07-13 09:52:00,2017-07-13 09:52:00,0.0,1,0.002360036,1.374,0.0017089589181818,0.995,839.05,far,glitch_sensor,367.6215,386.5452,2.1701,36.9792,1.2153,18.9236,0.0,True
B-402E,uni,2017-07-13 09:55:00,2017-07-13 10:18:00,23.0,24,0.002100867,1.224,0.0012409241264705,0.723,839.05,far,glitch_sensor,368.2292,387.3264,4.3403,36.9792,1.2153,19.0972,0.0,True
B-402E,uni,2017-07-13 10:20:00,2017-07-13 10:22:00,2.0,3,0.0013279438,0.773,0.0011467444615384,0.668,839.03,far,glitch_sensor,371.441,387.3264,7.8993,36.9792,1.2153,15.8854,0.0,True
B-402E,uni,2017-07-13 10:24:00,2017-07-13 10:28:00,4.0,5,0.0016665101,0.971,0.0011984123066666,0.698,839.03,far,glitch_sensor,371.7014,386.5452,18.2291,36.9792,1.2153,14.8438,0.0,True
B-402E,uni,2017-07-13 10:30:00,2017-07-13 10:30:00,0.0,1,0.0020327568,1.184,0.0013589441636363,0.791,839.02,far,glitch_sensor,374.7396,386.2847,17.6215,36.9792,1.2153,11.5451,0.0,True
B-402E,uni,2017-07-13 10:32:00,2017-07-13 10:41:00,9.0,10,0.0020327568,1.184,0.001132895733,0.66,839.02,far,glitch_sensor,374.7396,372.309,26.6493,36.9792,1.2153,2.4306,0.0,True
B-402E,uni,2017-08-16 02:05:00,2017-08-16 02:14:00,9.0,10,0.0017660022,1.028,0.0008884496445,0.517,805.38,far,mudanca_regime,326.0417,392.0139,72.2222,54.8611,1.2153,65.9723,0.0,False
B-402E,uni,2017-08-30 08:30:00,2017-08-30 08:37:00,7.0,8,0.0029218732,1.702,0.0010860389966666,0.632,791.11,far,mudanca_regime,379.8611,385.7639,4.6875,70.3125,1.2153,5.9028,0.0,False
B-402E,uni,2017-08-30 08:39:00,2017-08-30 08:41:00,2.0,3,0.001501127,0.874,0.0004301829176923,0.251,791.1,far,mudanca_regime,378.6458,385.7639,2.6042,6.9445,1.2153,7.1181,0.0,False
B-402E,uni,2017-09-16 09:30:00,2017-09-16 09:41:00,11.0,12,0.002114598,1.232,0.0009568828386363,0.557,774.07,far,mudanca_regime,306.684,401.2153,98.8715,36.2847,1.2153,94.5313,0.0,False
B-402E,uni,2017-11-20 10:06:00,2017-11-20 10:45:00,39.0,40,0.002794548,1.627,0.002116748826,1.233,709.04,far,mudanca_regime,393.5764,313.368,100.3472,66.6667,1.2153,80.2084,0.0,False
B-402E,uni,2017-11-20 10:47:00,2017-11-20 11:50:00,63.0,64,0.0027777692,1.618,0.0007318878163513,0.426,709.01,far,mudanca_regime,392.1875,311.6319,82.9861,66.6667,1.2153,80.5556,0.0,False
B-402E,uni,2017-12-03 23:25:00,2017-12-04 01:09:00,104.0,105,0.0031193,1.817,0.000908330751826,0.529,695.49,far,precursor_parada,369.7917,347.9167,22.7431,71.7014,1.2153,21.875,0.0,True
B-402E,uni,2017-12-09 07:12:00,2017-12-09 07:19:00,7.0,8,0.0018185934,1.059,0.0007889132799999,0.459,690.16,far,mudanca_regime,353.125,390.9722,38.7153,36.1111,1.2153,37.8472,0.0,True
B-402E,uni,2017-12-18 20:49:00,2017-12-18 20:55:00,6.0,7,0.0023410837,1.363,0.0008598973794117,0.501,680.6,far,mudanca_regime,393.6632,324.1319,69.184,66.1458,1.2153,69.5313,0.0,False
B-402E,uni,2017-12-19 14:18:00,2017-12-19 14:27:00,9.0,10,0.0028820236,1.678,0.00180889683,1.053,679.87,far,glitch_sensor,315.191,319.4444,6.8576,38.1945,1.2153,4.2534,0.0,False
B-402E,uni,2017-12-19 14:30:00,2017-12-19 14:56:00,26.0,27,0.0023615172,1.375,0.0013043539513513,0.76,679.86,far,transiente_curto,315.4514,318.9236,6.5972,38.1945,1.2153,3.4722,0.0,False
B-402E,uni,2017-12-19 14:58:00,2017-12-19 15:05:00,7.0,8,0.002167682,1.262,0.0012823996333333,0.747,679.84,far,transiente_curto,316.493,318.9236,5.7292,38.1945,1.2153,2.4306,0.0,False
B-402E,uni,2017-12-19 15:07:00,2017-12-19 15:08:00,1.0,2,0.002167682,1.262,0.0011072711175,0.645,679.83,far,transiente_curto,316.493,318.9236,6.25,38.1945,1.2153,2.4306,0.0,False
B-402E,uni,2017-12-19 15:10:00,2017-12-19 15:17:00,7.0,8,0.002167682,1.262,0.0006802392938888,0.396,679.83,far,transiente_curto,316.7535,319.0972,4.427,38.1945,1.2153,2.3437,0.0,False
B-402E,uni,2017-12-19 17:10:00,2017-12-19 17:24:00,14.0,15,0.0020479918,1.193,0.00153872094,0.896,679.75,far,mudanca_regime,318.9236,387.3264,75.0,50.5208,1.2153,68.4028,0.0,False
B-402E,uni,2017-12-19 17:26:00,2017-12-19 18:08:00,42.0,43,0.0019509573,1.136,0.0011601975547169,0.676,679.74,far,mudanca_regime,319.2708,387.3264,72.0486,50.5208,1.2153,68.0556,0.0,False
B-402E,uni,2018-01-18 06:43:00,2018-01-18 07:38:00,55.0,56,0.0022017816,1.282,0.0004925531269696,0.287,650.18,far,glitch_sensor,298.0035,300.1736,3.0382,50.868,1.2153,2.1701,0.0,True
B-402E,uni,2018-01-19 02:52:00,2018-01-19 03:00:00,8.0,9,0.0022425195,1.306,0.0009481621389473,0.552,649.34,far,mudanca_regime,300.6076,385.5903,88.6285,60.7639,1.2153,84.9827,0.0,False
B-402E,uni,2018-01-28 01:22:00,2018-01-28 02:18:00,56.0,57,0.002866435,1.669,0.0012889161838805,0.751,640.41,far,mudanca_regime,351.5625,366.4062,19.0972,40.625,1.2153,14.8437,0.0,False
B-402E,uni,2018-02-09 04:16:00,2018-02-09 05:10:00,54.0,55,0.0029289504,1.706,0.0010478588253846,0.61,628.28,far,glitch_sensor,298.0903,370.7465,113.1944,72.9167,1.2153,72.6562,0.0,True
B-402E,uni,2018-02-09 05:14:00,2018-02-09 05:14:00,0.0,1,0.0012461225,0.726,0.0006743093363636,0.393,628.24,far,mudanca_regime,403.6458,370.6597,25.1736,17.1875,1.2153,32.9861,0.0,True
B-402E,uni,2018-02-09 05:18:00,2018-02-09 05:32:00,14.0,15,0.0012461225,0.726,0.0006565192572,0.382,628.24,far,mudanca_regime,403.6458,370.5729,38.368,17.1875,1.2153,33.0729,0.0,True
B-402E,uni,2018-10-25 16:01:00,2018-10-25 16:13:00,12.0,13,0.0018866579,1.099,0.001002006177826,0.584,369.8,far,mudanca_regime,308.3333,364.5833,58.3334,48.0903,1.2153,56.25,0.0,False
B-402E,uni,2018-10-29 03:25:00,2018-10-29 04:25:00,60.0,61,0.0025021494,1.457,0.0012578462715492,0.733,366.32,far,mudanca_regime,375.868,396.3542,24.6528,51.3889,1.2153,20.4862,0.0,False
B-402E,uni,2019-02-10 14:35:00,2019-02-10 15:03:00,28.0,29,0.002334873,1.36,0.0014028071820512,0.817,261.85,far,mudanca_regime,335.4167,115.3646,27.9514,61.2847,1.2153,220.0521,0.0,True
B-402E,uni,2019-02-28 21:46:00,2019-02-28 21:51:00,5.0,6,0.0020285486,1.181,0.001130934155625,0.659,243.56,far,mudanca_regime,306.7708,358.8542,54.3403,50.1736,1.2153,52.0834,0.0,False
B-402E,uni,2019-05-11 14:53:00,2019-05-11 15:08:00,15.0,16,0.0040025054,2.331,0.0031898004615384,1.858,171.84,far,glitch_sensor,324.4792,355.7292,33.507,67.3611,1.2153,31.25,0.0,False
B-402E,uni,2019-05-11 15:10:00,2019-05-11 15:40:00,30.0,31,0.0033016026,1.923,0.0026051326892682,1.517,171.83,far,glitch_sensor,341.3194,355.9028,17.5348,67.3611,1.2153,14.5834,0.0,True
B-402E,uni,2019-05-11 15:42:00,2019-05-11 16:30:00,48.0,49,0.002935765,1.71,0.0006134342991525,0.357,171.81,far,precursor_parada,351.9097,355.7292,6.9445,67.3611,1.2153,3.8195,0.0,True
B-402E,uni,2019-05-11 16:32:00,2019-05-11 16:34:00,2.0,3,0.00047513843,0.277,0.0003882910953846,0.226,171.77,far,transiente_curto,355.2083,355.7292,2.4305,7.2916,1.2153,0.5209,0.0,True
B-402E,uni,2019-05-11 16:36:00,2019-05-11 16:36:00,0.0,1,0.00047513843,0.277,0.0003905619636363,0.227,171.77,far,transiente_curto,355.3819,355.7292,1.5625,7.2916,1.2153,0.3473,0.0,True
B-4064A,uni,2024-05-10 16:50:00,2024-05-10 18:02:00,72.0,73,0.019274743,1.542,0.0128661346602409,1.029,111.63,far,mudanca_regime,1.0516,1.2751,0.4267,0.8534,0.0406,0.2235,0.0,False
B-4064A,uni,2024-05-10 18:04:00,2024-05-10 18:30:00,26.0,27,0.008674916,0.694,0.0077314101837837,0.618,111.58,far,transiente_curto,1.2852,1.2751,0.1219,0.2438,0.0406,0.0102,0.0,False
B-4064A,uni,2024-08-06 06:30:00,2024-08-06 07:28:00,58.0,59,0.014817545,1.185,0.0065384192420289,0.523,24.06,far,sustentado_sem_causa,1.712,1.7018,0.1118,0.2642,0.0406,0.0102,0.0,False
B-4064A,uni,2024-08-23 14:11:00,2024-08-23 15:06:00,55.0,56,0.01726291,1.381,0.0094249284681818,0.754,6.74,near_10d,mudanca_regime,1.1735,1.7983,0.7315,0.5385,0.0406,0.6248,0.0,False
B-4064A,uni,2024-08-26 12:45:00,2024-08-26 13:41:00,56.0,57,0.014602115,1.168,0.0103359537746268,0.827,3.8,near_10d,precursor_parada,1.2649,1.3564,0.4267,0.2235,0.0406,0.0914,0.0,True
B-4064A,uni,2024-08-26 21:18:00,2024-08-26 22:48:00,90.0,91,0.014068361,1.125,0.00935118010099,0.748,3.44,near_10d,sustentado_sem_causa,1.4021,1.3564,0.1981,0.447,0.0406,0.0457,0.0,False
B-4703.24001B,uni,2022-03-08 13:59:00,2022-03-08 14:52:00,53.0,54,0.007488813,1.281,0.0037988022585937,0.65,236.42,far,precursor_parada,27.4208,25.6283,1.9863,5.0385,0.3876,1.7925,0.0,True
B-4703.24001B,uni,2022-03-10 11:17:00,2022-03-10 11:42:00,25.0,26,0.011989573,2.05,0.0075580845805555,1.293,234.53,far,transiente_curto,20.8321,22.1886,8.9626,5.9105,0.3876,1.3565,0.0,True
B-4703.24001B,uni,2022-03-10 11:44:00,2022-03-10 13:50:00,126.0,127,0.01295262,2.215,0.007969630049635,1.363,234.51,far,precursor_parada,19.4756,22.237,8.9142,9.544,0.3876,2.7615,0.0,True
B-4703.24001B,uni,2022-03-10 13:52:00,2022-03-10 15:16:00,84.0,85,0.007990672,1.367,0.0035766164463157,0.612,234.42,far,precursor_parada,22.3097,19.0638,4.3844,9.544,0.3876,3.2459,0.0,True
B-4703.24001B,uni,2022-03-11 10:20:00,2022-03-11 12:17:00,117.0,118,0.018877251,3.228,0.0113422436742187,1.94,233.57,far,precursor_parada,24.4656,24.9016,13.3228,8.9142,0.3876,0.436,0.0,True
B-4703.24001B,uni,2022-03-11 12:19:00,2022-03-11 13:08:00,49.0,50,0.024025563,4.109,0.015818103875,2.705,233.49,far,precursor_parada,19.7905,24.9258,9.0838,15.3576,0.3876,5.1353,0.0,True
B-4703.24001B,uni,2022-03-11 13:10:00,2022-03-11 13:10:00,0.0,1,0.01901306,3.252,0.0158467134545454,2.71,233.45,far,mudanca_regime,21.5103,24.9016,3.682,15.3576,0.3876,3.3913,0.0,True
B-4703.24001B,uni,2022-03-11 13:12:00,2022-03-11 13:25:00,13.0,14,0.01901306,3.252,0.0140963425,2.411,233.45,far,mudanca_regime,21.6072,24.95,4.5055,15.3576,0.3876,3.3428,0.0,True
B-4703.24001B,uni,2022-03-11 13:27:00,2022-03-11 14:02:00,35.0,36,0.01453573,2.486,0.0063721090306521,1.09,233.44,far,precursor_parada,24.1507,25.2892,1.7199,15.3576,0.3876,1.1385,0.0,True
B-4703.24001B,uni,2022-03-11 14:04:00,2022-03-11 14:28:00,24.0,25,0.0012549002,0.215,0.0008783983045714,0.15,233.41,far,transiente_curto,24.8774,25.5799,1.623,1.5503,0.3876,0.7025,0.0,True
B-4703.24001B,uni,2022-03-11 14:30:00,2022-03-11 14:40:00,10.0,11,0.0011163593,0.191,0.0008544718547619,0.146,233.4,far,transiente_curto,24.8774,25.7494,1.1869,1.5503,0.3876,0.872,0.0,True
B-4703.24001B,uni,2022-03-17 09:21:00,2022-03-17 09:26:00,5.0,6,0.010760323,1.84,0.00784213193125,1.341,227.61,far,glitch_sensor,8.9626,26.1854,14.9216,7.5577,0.3876,17.2228,0.0,False
B-4703.24001B,uni,2022-03-17 09:28:00,2022-03-17 10:46:00,78.0,79,0.008840718,1.512,0.0041001493622471,0.701,227.61,far,glitch_sensor,11.1185,26.0159,17.9979,7.5577,0.3876,14.8974,0.0,True
B-4703.24001B,uni,2022-03-17 10:48:00,2022-03-17 10:57:00,9.0,10,0.0018312375,0.313,0.001282511947,0.219,227.55,far,transiente_curto,25.5799,26.0159,1.0658,2.1801,0.3876,0.436,0.0,True
B-4703.24001B,uni,2022-03-17 14:12:00,2022-03-17 15:07:00,55.0,56,0.01325814,2.267,0.0084860557090909,1.451,227.41,far,precursor_parada,25.6767,13.3955,15.2122,8.3328,0.3876,12.2812,0.0,True
B-4703.24001B,uni,2022-03-23 13:29:00,2022-03-23 13:38:00,9.0,10,0.012326341,2.108,0.008019268635,1.371,221.44,far,glitch_sensor,16.3992,27.0332,10.6825,9.2049,0.3876,10.634,0.0,True
B-4703.24001B,uni,2022-03-23 13:41:00,2022-03-23 15:13:00,92.0,93,0.009400862,1.608,0.0039320755707766,0.672,221.43,far,glitch_sensor,24.4898,12.2812,4.1422,9.2049,0.3876,12.2086,0.0,True
B-4703.24001B,uni,2022-03-24 14:08:00,2022-03-24 14:58:00,50.0,51,0.011244458,1.923,0.0052700342311475,0.901,220.41,far,glitch_sensor,24.8289,22.9395,3.8031,10.9005,0.3876,1.8894,0.0,True
B-4703.24001B,uni,2022-03-24 15:00:00,2022-03-24 15:10:00,10.0,11,0.009029061,1.544,0.0036729006714285,0.628,220.38,far,mudanca_regime,24.9743,22.9153,4.1906,7.0732,0.3876,2.059,0.0,True
B-4703.24001B,uni,2022-03-28 11:48:00,2022-03-28 12:05:00,17.0,18,0.0109249,1.868,0.0057934731642857,0.991,216.51,far,mudanca_regime,28.9469,26.3066,3.1733,10.3191,0.3876,2.6403,0.0,True
B-4703.24001B,uni,2022-03-28 12:07:00,2022-03-28 12:55:00,48.0,49,0.009260139,1.584,0.0041706965830508,0.713,216.5,far,precursor_parada,28.3898,12.6204,4.0211,10.3191,0.3876,15.7694,0.0,True
B-4703.24001B,uni,2022-03-29 15:43:00,2022-03-29 16:07:00,24.0,25,0.01237416,2.116,0.0064954068628571,1.111,215.35,far,transiente_curto,25.919,26.4034,2.1317,8.3813,0.3876,0.4845,0.0,False
B-4703.24001B,uni,2022-03-29 16:09:00,2022-03-29 16:12:00,3.0,4,0.0064334976,1.1,0.0061078035714285,1.045,215.33,far,transiente_curto,25.8463,26.4519,0.654,8.3813,0.3876,0.6056,0.0,False
B-4703.24001B,uni,2022-03-29 16:14:00,2022-03-29 16:14:00,0.0,1,0.006374183,1.09,0.0061651829727272,1.054,215.32,far,transiente_curto,25.8705,26.5003,0.2422,8.3813,0.3876,0.6298,0.0,False
B-4703.24001B,uni,2022-03-29 16:16:00,2022-03-29 16:26:00,10.0,11,0.006946201,1.188,0.0063174516285714,1.08,215.32,far,transiente_curto,25.8463,26.6215,1.7683,8.3813,0.3876,0.7751,0.0,False
B-4703.24001B,uni,2022-03-29 16:28:00,2022-03-29 16:59:00,31.0,32,0.008000193,1.368,0.003002543797619,0.513,215.31,far,sustentado_sem_causa,25.8463,27.1786,2.8341,8.3813,0.3876,1.3323,0.0,False
B-4703.24001B,uni,2022-03-29 17:02:00,2022-03-29 17:29:00,27.0,28,0.00225631,0.386,0.0014031593273684,0.24,215.29,far,transiente_curto,25.6283,27.1544,2.9068,1.9863,0.3876,1.5261,0.0,False
B-4703.24001B,uni,2022-03-29 21:05:00,2022-03-29 21:23:00,18.0,19,0.0109391445,1.871,0.0063693370896551,1.089,215.12,far,mudanca_regime,26.0159,28.2202,3.4397,8.8657,0.3876,2.2043,0.0,True
B-4703.24001B,uni,2022-03-29 21:25:00,2022-03-29 21:38:00,13.0,14,0.0061059725,1.044,0.0054768611708333,0.937,215.11,far,transiente_curto,26.5972,28.0022,3.1006,8.8657,0.3876,1.405,0.0,True
B-4703.24001B,uni,2022-03-29 21:40:00,2022-03-29 21:40:00,0.0,1,0.0063681575,1.089,0.0057748808545454,0.988,215.1,far,transiente_curto,27.1786,28.0022,0.2907,8.8657,0.3876,0.8236,0.0,True
B-4703.24001B,uni,2022-03-29 21:42:00,2022-03-29 21:43:00,1.0,2,0.0063681575,1.089,0.0058182995083333,0.995,215.1,far,transiente_curto,27.1786,28.0022,1.6956,8.8657,0.3876,0.8236,0.0,True
B-4703.24001B,uni,2022-03-29 21:46:00,2022-03-29 21:46:00,0.0,1,0.0067510735,1.155,0.0059893924636363,1.024,215.09,far,transiente_curto,27.2755,27.9053,1.1627,8.8657,0.3876,0.6298,0.0,True
B-4703.24001B,uni,2022-03-29 21:48:00,2022-03-29 22:11:00,23.0,24,0.009822455,1.68,0.004213892267647,0.721,215.09,far,transiente_curto,27.4208,27.5904,2.1317,8.8657,0.3876,0.1696,0.0,True
B-4703.24001B,uni,2022-03-29 22:13:00,2022-03-29 22:26:00,13.0,14,0.0019578019,0.335,0.001326279825,0.227,215.07,far,transiente_curto,27.9053,27.227,2.4223,1.7441,0.3876,0.6783,0.0,True
B-4703.24001B,uni,2022-03-29 22:29:00,2022-03-29 22:54:00,25.0,26,0.0016340653,0.279,0.0012581558188888,0.215,215.06,far,transiente_curto,27.9537,26.7426,2.0348,1.6956,0.3876,1.2112,0.0,True
B-4703.24001B,uni,2022-03-30 12:05:00,2022-03-30 12:07:00,2.0,3,0.011122106,1.902,0.008124632776923,1.389,214.5,far,glitch_sensor,23.5209,28.4867,4.8204,6.7825,0.3876,4.9658,0.0,True
B-4703.24001B,uni,2022-03-30 12:11:00,2022-03-30 12:28:00,17.0,18,0.009964128,1.704,0.0065811795285714,1.126,214.49,far,mudanca_regime,23.8358,28.3898,7.7515,6.7825,0.3876,4.554,0.0,True
B-4703.24001B,uni,2022-03-30 12:30:00,2022-03-30 12:32:00,2.0,3,0.006381581,1.091,0.0060153700153846,1.029,214.48,far,mudanca_regime,23.8358,28.3413,4.8447,6.7825,0.3876,4.5055,0.0,True
B-4703.24001B,uni,2022-03-30 12:34:00,2022-03-30 12:34:00,0.0,1,0.0061522084,1.052,0.0059408282272727,1.016,214.48,far,mudanca_regime,23.8358,28.3413,3.3913,6.7825,0.3876,4.5055,0.0,True
B-4703.24001B,uni,2022-03-30 12:36:00,2022-03-30 12:59:00,23.0,24,0.008770444,1.5,0.0054868820588235,0.938,214.47,far,mudanca_regime,23.8358,28.0991,6.2012,6.7825,0.3876,4.2633,0.0,True
B-4703.24001B,uni,2022-03-30 13:01:00,2022-03-30 13:09:00,8.0,9,0.008770444,1.5,0.0026426286263157,0.452,214.46,far,mudanca_regime,24.3445,27.7599,4.7236,5.9105,0.3876,3.4155,0.0,True
B-4703.24001B,uni,2022-03-30 13:13:00,2022-03-30 13:17:00,4.0,5,0.0020674109,0.354,0.0012827703666666,0.219,214.45,far,mudanca_regime,27.3239,14.1949,3.7304,1.5019,0.3876,13.1291,0.0,True
B-4703.24001B,uni,2022-03-31 12:34:00,2022-03-31 12:52:00,18.0,19,0.006834835,1.169,0.0044571951137931,0.762,213.48,far,transiente_curto,23.8115,24.9016,2.059,6.4434,0.3876,1.09,0.0,False
B-4703.24001B,uni,2022-03-31 12:54:00,2022-03-31 13:03:00,9.0,10,0.005268074,0.901,0.003205510725,0.548,213.46,far,mudanca_regime,23.6662,25.5799,1.5261,6.4434,0.3876,1.9136,0.0,False
B-4703.24001B,uni,2022-03-31 14:05:00,2022-03-31 15:09:00,64.0,65,0.01213461,2.075,0.0050203750939999,0.859,213.41,far,mudanca_regime,23.8842,26.6699,3.9242,13.0322,0.3876,2.7857,0.0,False
B-4703.24001B,uni,2022-03-31 15:12:00,2022-03-31 15:53:00,41.0,42,0.0013216297,0.226,0.0010174123863461,0.174,213.37,far,sustentado_sem_causa,25.7979,26.5003,1.6714,1.5503,0.3876,0.7025,0.0,False
B-4703.24001B,uni,2022-03-31 19:00:00,2022-03-31 19:56:00,56.0,57,0.00796414,1.362,0.0045348293686567,0.776,213.21,far,mudanca_regime,25.2165,23.4482,2.3012,7.1217,0.3876,1.7683,0.0,False
B-4703.24001B,uni,2022-04-01 00:21:00,2022-04-01 01:18:00,57.0,58,0.00841768,1.44,0.004668933667647,0.798,212.99,far,sustentado_sem_causa,22.4793,22.5762,2.2285,5.7652,0.3876,0.0969,0.0,False
B-4703.24001B,uni,2022-04-01 03:01:00,2022-04-01 04:06:00,65.0,66,0.008879663,1.519,0.0049456887218421,0.846,212.87,far,sustentado_sem_causa,22.4308,21.3408,3.8757,5.9589,0.3876,1.0901,0.0,False
B-4703.24001B,uni,2022-04-01 04:08:00,2022-04-01 04:36:00,28.0,29,0.0017638564,0.302,0.0011525560635897,0.197,212.83,far,transiente_curto,22.455,21.5103,3.4155,2.4223,0.3876,0.9447,0.0,True
B-4703.24001B,uni,2022-04-01 06:22:00,2022-04-01 07:21:00,59.0,60,0.010591635,1.811,0.0044182199277142,0.756,212.73,far,precursor_parada,21.4134,22.4308,4.0695,7.6061,0.3876,1.0174,0.0,True
B-4703.24001B,uni,2022-04-05 14:30:00,2022-04-05 15:02:00,32.0,33,0.0111179175,1.901,0.006919981016279,1.183,208.4,far,precursor_parada,23.0848,17.6104,9.0353,10.5129,0.3876,5.4745,0.0,True
B-4703.24001B,uni,2022-04-05 15:04:00,2022-04-05 15:31:00,27.0,28,0.013534935,2.315,0.0093543754315789,1.6,208.37,far,mudanca_regime,20.9532,17.0532,11.2154,10.5129,0.3876,3.9,0.0,True
B-4703.24001B,uni,2022-04-05 15:33:00,2022-04-05 15:40:00,7.0,8,0.009804619,1.677,0.0092501350833333,1.582,208.35,far,mudanca_regime,18.6277,16.157,2.3012,5.4745,0.3876,2.4708,0.0,True
B-4703.24001B,uni,2022-04-05 15:42:00,2022-04-05 15:49:00,7.0,8,0.009526218,1.629,0.0090636704444444,1.55,208.35,far,mudanca_regime,18.0948,10.6098,0.9932,5.4745,0.3876,7.485,0.0,True
B-4703.24001B,uni,2022-05-15 19:49:00,2022-05-15 20:16:00,27.0,28,0.006812332,1.165,0.0051349482947368,0.878,168.17,far,transiente_curto,29.4556,29.5525,3.4882,4.0695,0.3876,0.0969,0.0,False
B-4703.24001B,uni,2022-05-15 20:18:00,2022-05-15 20:46:00,28.0,29,0.0057759145,0.988,0.0040589311923076,0.694,168.15,far,transiente_curto,29.4556,29.3345,3.0037,4.0695,0.3876,0.1211,0.0,False
B-4703.24001B,uni,2022-09-28 15:38:00,2022-09-28 15:48:00,10.0,11,0.0070906323,1.213,0.003535561795238,0.605,32.35,far,transiente_curto,24.0053,24.0296,1.1385,6.1527,0.3876,0.0242,0.0,False
B-5501B,uni,2022-01-23 17:55:00,2022-01-23 18:45:00,50.0,11,0.031593274,2.225,0.0103771172923076,0.731,280.25,far,glitch_sensor,30.85,65.8,33.95,11.65,1.0,34.95,0.0,True
B-5501B,uni,2022-01-25 08:25:00,2022-01-25 09:15:00,50.0,11,0.02327943,1.64,0.0093901589230769,0.661,278.65,far,glitch_sensor,22.8,63.15,40.35,12.45,1.0,40.35,0.0,True
B-5501B,uni,2022-02-01 10:35:00,2022-02-01 11:25:00,50.0,11,0.019160537,1.349,0.0103591681615384,0.73,271.56,far,glitch_sensor,24.475,63.65,38.15,12.725,1.0,39.175,0.0,True
B-5501B,uni,2022-02-05 03:15:00,2022-02-05 04:00:00,45.0,10,0.02012614,1.417,0.0088090451166666,0.62,267.86,far,glitch_sensor,27.425,64.5,36.075,10.475,1.0,37.075,0.0,True
B-5501B,uni,2022-02-07 22:05:00,2022-02-07 22:55:00,50.0,11,0.018377526,1.294,0.0101443245153846,0.714,265.08,far,glitch_sensor,23.45,63.05,38.6,12.35,1.0,39.6,0.0,True
B-5501B,uni,2022-03-05 08:25:00,2022-03-05 09:15:00,50.0,11,0.02881863,2.03,0.011299888276923,0.796,239.65,far,glitch_sensor,20.875,64.225,42.325,10.0,1.0,43.35,0.0,False
B-5501B,uni,2022-03-15 00:15:00,2022-03-15 01:10:00,55.0,12,0.024956694,1.758,0.0118389776571428,0.834,229.99,far,glitch_sensor,23.925,62.75,38.825,15.225,1.0,38.825,0.0,True
B-5501B,uni,2022-03-15 13:45:00,2022-03-15 14:30:00,45.0,10,0.02297815,1.618,0.0092886477833333,0.654,229.43,far,glitch_sensor,27.8,65.8,37.0,10.575,1.0,38.0,0.0,True
B-5501B,uni,2022-03-16 09:00:00,2022-03-16 09:50:00,50.0,11,0.022755915,1.603,0.0099814173538461,0.703,228.62,far,glitch_sensor,23.45,64.1,39.575,15.425,1.0,40.65,0.0,True
B-5501B,uni,2022-03-17 06:10:00,2022-03-17 06:10:00,0.0,1,0.017007425,1.198,0.0160845193333333,1.133,227.74,far,glitch_sensor,24.65,62.3,34.575,13.0,1.0,37.65,0.0,True
B-5501B,uni,2022-03-17 06:20:00,2022-03-17 07:00:00,40.0,9,0.0156035,1.099,0.0076144224545454,0.536,227.74,far,glitch_sensor,24.65,63.3,37.65,13.0,1.0,38.65,0.0,True
B-5501B,uni,2022-03-17 12:50:00,2022-03-17 13:45:00,55.0,12,0.036245365,2.553,0.0125007249857142,0.88,227.47,far,glitch_sensor,36.925,65.9,28.975,11.075,1.0,28.975,0.0,True
B-5501B,uni,2022-03-19 05:30:00,2022-03-19 06:15:00,45.0,10,0.014861788,1.047,0.0099363954,0.7,225.77,far,glitch_sensor,25.55,63.0,37.45,12.325,1.0,37.45,0.0,True
B-5501B,uni,2022-03-21 13:30:00,2022-03-21 14:00:00,30.0,7,0.016456736,1.159,0.0100177528555555,0.706,223.44,far,glitch_sensor,25.025,66.9,39.875,13.0,1.0,41.875,0.0,True
B-5501B,uni,2022-03-21 14:15:00,2022-03-21 14:15:00,0.0,1,0.007856131,0.553,0.0067097016666666,0.473,223.41,far,mudanca_regime,58.7125,66.9,7.1875,1.075,1.0,8.1875,0.0,True
B-5501B,uni,2022-03-23 08:55:00,2022-03-23 09:15:00,20.0,5,0.022649534,1.595,0.0105921481714285,0.746,221.63,far,glitch_sensor,21.75,62.9,40.15,10.375,1.0,41.15,0.0,False
B-5501B,uni,2022-03-23 09:25:00,2022-03-23 09:40:00,15.0,4,0.008942704,0.63,0.0075542728999999,0.532,221.61,far,mudanca_regime,53.4,63.9,9.5,2.225,1.0,10.5,0.0,False
B-5501B,uni,2022-03-28 00:00:00,2022-03-28 00:10:00,10.0,3,0.01870765,1.318,0.0150240958,1.058,217.0,far,glitch_sensor,25.8,63.0,35.2,13.175,1.0,37.2,0.0,True
B-5501B,uni,2022-03-28 00:20:00,2022-03-28 00:55:00,35.0,8,0.00993977,0.7,0.00770683992,0.543,216.99,far,precursor_parada,31.8875,64.0,31.1125,6.825,1.0,32.1125,0.0,True
B-5501B,uni,2022-03-31 04:40:00,2022-03-31 05:30:00,50.0,11,0.017293015,1.218,0.0083969257846153,0.591,213.81,far,glitch_sensor,25.875,63.8,36.925,12.375,1.0,37.925,0.0,True
B-5501B,uni,2022-04-01 13:50:00,2022-04-01 14:30:00,40.0,9,0.01831078,1.29,0.0097425283636363,0.686,212.42,far,glitch_sensor,22.5,67.05,43.55,12.025,1.0,44.55,0.0,True
B-5501B,uni,2022-04-01 21:55:00,2022-04-01 22:40:00,45.0,10,0.028173348,1.984,0.0104293931916666,0.735,212.09,far,glitch_sensor,33.025,64.4,31.375,9.6,1.0,31.375,0.0,False
B-5501B,uni,2022-04-11 14:10:00,2022-04-11 15:00:00,50.0,11,0.019527761,1.375,0.009880724376923,0.696,202.41,far,glitch_sensor,26.8,67.8,40.0,12.125,1.0,41.0,0.0,True
B-5501B,uni,2022-04-12 21:50:00,2022-04-12 22:40:00,50.0,11,0.020575086,1.449,0.0109882515384615,0.774,201.09,far,glitch_sensor,24.9,63.65,37.75,12.9,1.0,38.75,0.0,False
B-5501B,uni,2022-04-19 13:30:00,2022-04-19 14:15:00,45.0,10,0.016690657,1.175,0.0098155528833333,0.691,194.44,far,glitch_sensor,26.05,66.3,39.25,11.45,1.0,40.25,0.0,True
B-5501B,uni,2022-04-20 23:10:00,2022-04-20 23:50:00,40.0,9,0.016499102,1.162,0.0085672309090909,0.603,193.03,far,glitch_sensor,27.3,64.3,35.975,10.6,1.0,37.0,0.0,True
B-5501B,uni,2022-04-23 12:45:00,2022-04-23 13:40:00,55.0,12,0.021255389,1.497,0.0112412105714285,0.792,190.47,far,glitch_sensor,24.95,66.85,40.9,14.0,1.0,41.9,0.0,False
B-5501B,uni,2022-04-26 21:55:00,2022-04-26 22:30:00,35.0,8,0.02487663,1.752,0.0100415693999999,0.707,187.09,far,glitch_sensor,27.3,64.9,37.525,12.05,1.0,37.6,0.0,False
B-5501B,uni,2022-04-26 22:40:00,2022-04-26 22:40:00,0.0,1,0.004813691,0.339,0.0045902065666666,0.323,187.06,far,mudanca_regime,58.375,64.9,6.45,1.1,1.0,6.525,0.0,False
B-5501B,uni,2022-04-29 07:05:00,2022-04-29 07:35:00,30.0,7,0.029490545,2.077,0.0163440974555555,1.151,184.7,far,glitch_sensor,29.8,63.85,32.0,13.475,1.0,34.05,0.0,False
B-5501B,uni,2022-04-29 07:45:00,2022-04-29 08:00:00,15.0,4,0.007906179,0.557,0.0052221153166666,0.368,184.68,far,mudanca_regime,54.475,63.85,8.325,2.1,1.0,9.375,0.0,False
B-5501B,uni,2022-05-02 01:25:00,2022-05-02 02:15:00,50.0,11,0.020301955,1.43,0.0102616097846153,0.723,181.94,far,glitch_sensor,25.925,63.225,37.3,11.7,1.0,37.3,0.0,False
B-5501B,uni,2022-05-03 06:15:00,2022-05-03 06:50:00,35.0,8,0.014396322,1.014,0.00809687506,0.57,180.74,far,glitch_sensor,24.1,62.9,38.05,10.7,1.0,38.8,0.0,False
B-5501B,uni,2022-05-03 22:05:00,2022-05-03 22:55:00,50.0,11,0.025336927,1.784,0.0100021007461538,0.704,180.08,far,glitch_sensor,31.8,64.75,31.95,10.95,1.0,32.95,0.0,False
B-5501B,uni,2022-05-04 22:45:00,2022-05-04 23:30:00,45.0,10,0.018433861,1.298,0.0092136050749999,0.649,179.05,far,glitch_sensor,23.775,62.6,37.775,13.475,1.0,38.825,0.0,False
B-5501B,uni,2022-05-07 06:35:00,2022-05-07 07:25:00,50.0,11,0.03194629,2.25,0.0115190330923076,0.811,176.73,far,glitch_sensor,19.825,63.0,41.025,11.2,1.0,43.175,0.0,False
B-5501B,uni,2022-05-08 13:00:00,2022-05-08 13:40:00,40.0,9,0.015673105,1.104,0.0088804135363636,0.625,175.46,far,glitch_sensor,23.325,65.6,41.275,10.125,1.0,42.275,0.0,True
B-5501B,uni,2022-05-10 04:55:00,2022-05-10 05:05:00,10.0,3,0.019094909,1.345,0.0157213164,1.107,173.8,far,glitch_sensor,24.475,62.6,35.625,14.225,1.0,38.125,0.0,True
B-5501B,uni,2022-05-10 05:15:00,2022-05-10 05:50:00,35.0,8,0.008631279,0.608,0.00708343788,0.499,173.78,far,precursor_parada,31.0875,63.1,31.0125,6.525,1.0,32.0125,0.0,True
B-5501B,uni,2022-05-16 22:50:00,2022-05-16 23:25:00,35.0,8,0.02571059,1.811,0.01265451087,0.891,167.05,far,glitch_sensor,22.6,61.45,38.85,12.6,1.0,38.85,0.0,True
B-5501B,uni,2022-05-16 23:35:00,2022-05-16 23:40:00,5.0,2,0.008689642,0.612,0.0080263864,0.565,167.02,far,mudanca_regime,54.8,61.45,6.65,2.075,1.0,6.65,0.0,True
B-5501B,uni,2022-05-17 13:30:00,2022-05-17 14:20:00,50.0,11,0.031734288,2.235,0.012722089876923,0.896,166.44,far,glitch_sensor,19.2,61.9,42.7,13.125,1.0,42.7,0.0,True
B-5501B,uni,2022-05-20 07:45:00,2022-05-20 08:05:00,20.0,5,0.061884176,4.358,0.0338910654857142,2.387,163.68,far,glitch_sensor,11.15,58.55,46.4,15.3,1.0,47.4,0.0,False
B-5501B,uni,2022-05-20 08:20:00,2022-05-20 08:30:00,10.0,3,0.00740548,0.522,0.0061170836999999,0.431,163.65,far,mudanca_regime,45.4875,59.6,13.0625,2.1,1.0,14.1125,0.0,False
B-5501B,uni,2022-05-20 08:40:00,2022-05-20 08:40:00,0.0,1,0.00740548,0.522,0.0048396952333333,0.341,163.64,far,mudanca_regime,53.4875,59.6,5.0625,1.05,1.0,6.1125,0.0,False
B-5501B,uni,2022-05-22 16:30:00,2022-05-22 17:05:00,35.0,8,0.020735815,1.46,0.01285923006,0.906,161.31,far,glitch_sensor,22.85,63.7,40.85,14.05,1.0,40.85,0.0,True
B-5501B,uni,2022-05-22 17:15:00,2022-05-22 17:25:00,10.0,3,0.008497219,0.598,0.00728838454,0.513,161.28,far,mudanca_regime,55.5625,63.7,8.1375,2.0,1.0,8.1375,0.0,True
B-5501B,uni,2022-05-24 00:05:00,2022-05-24 00:25:00,20.0,5,0.022033526,1.552,0.0098160792857142,0.691,160.0,far,glitch_sensor,22.95,46.7125,38.3,14.275,1.0,23.7625,0.0,True
B-5501B,uni,2022-05-24 04:45:00,2022-05-24 05:30:00,45.0,10,0.02397745,1.689,0.0105909055833333,0.746,159.8,far,glitch_sensor,31.85,60.35,28.5,8.4,1.0,28.5,0.0,False
B-5501B,uni,2022-05-24 10:30:00,2022-05-24 11:55:00,85.0,18,0.032004535,2.254,0.0150443433949999,1.06,159.56,far,precursor_parada,61.35,58.0,6.05,18.95,1.0,3.35,0.0,True
B-5501B,uni,2022-05-24 22:00:00,2022-05-24 22:50:00,50.0,11,0.020616284,1.452,0.0107783410153846,0.759,159.08,far,mudanca_regime,30.95,57.475,26.5,7.075,1.0,26.525,0.0,False
B-5501B,uni,2022-05-26 21:55:00,2022-05-26 22:40:00,45.0,10,0.019326575,1.361,0.0112206921666666,0.79,157.09,far,glitch_sensor,24.775,56.85,32.075,9.0,1.0,32.075,0.0,True
B-5501B,uni,2022-05-27 05:05:00,2022-05-27 05:40:00,35.0,8,0.024801247,1.747,0.0107735768599999,0.759,156.79,far,mudanca_regime,42.7,55.55,11.85,4.4,1.0,12.85,0.0,False
B-5501B,uni,2022-05-27 05:50:00,2022-05-27 05:55:00,5.0,2,0.006960233,0.49,0.00533005095,0.375,156.76,far,mudanca_regime,50.4125,55.55,5.1375,1.075,1.0,5.1375,0.0,False
B-5501B,uni,2022-06-01 01:15:00,2022-06-01 02:05:00,50.0,11,0.030570716,2.153,0.0101837590076923,0.717,151.95,far,precursor_parada,44.025,56.425,14.425,6.35,1.0,12.4,0.0,True
B-5501B,uni,2022-06-04 08:10:00,2022-06-04 09:05:00,55.0,12,0.041041087,2.89,0.0157644901071428,1.11,148.66,far,glitch_sensor,19.45,59.2,37.725,9.75,1.0,39.75,0.0,False
B-5501B,uni,2022-06-05 10:40:00,2022-06-05 11:30:00,50.0,11,0.028129516,1.981,0.0088015043923076,0.62,147.56,far,glitch_sensor,21.325,60.65,37.325,8.9,1.0,39.325,0.0,False
B-5501B,uni,2022-06-12 13:30:00,2022-06-12 14:05:00,35.0,8,0.04698543,3.309,0.01295286882,0.912,140.44,far,glitch_sensor,15.7,58.35,40.65,9.05,1.0,42.65,0.0,False
B-5501B,uni,2022-06-13 02:55:00,2022-06-13 03:50:00,55.0,12,0.035798863,2.521,0.0122271652571428,0.861,139.88,far,glitch_sensor,23.5,53.75,30.25,8.925,1.0,30.25,0.0,True
B-5501B,uni,2022-06-16 20:25:00,2022-06-16 21:05:00,40.0,9,0.016452877,1.159,0.0075071467545454,0.529,136.15,far,glitch_sensor,25.925,58.75,32.825,8.5,1.0,32.825,0.0,False
B-5501B,uni,2022-06-18 01:30:00,2022-06-18 02:00:00,30.0,7,0.022124534,1.558,0.0083706631555555,0.59,134.94,far,glitch_sensor,24.05,56.425,32.375,9.15,1.0,32.375,0.0,True
B-5501B,uni,2022-06-18 02:10:00,2022-06-18 02:10:00,0.0,1,0.005291899,0.373,0.0046137571,0.325,134.91,far,mudanca_regime,51.3375,56.425,5.0875,1.025,1.0,5.0875,0.0,True
B-5501B,uni,2022-06-18 19:05:00,2022-06-18 20:00:00,55.0,12,0.03491493,2.459,0.0127248349999999,0.896,134.2,far,glitch_sensor,20.55,56.9,36.35,10.1,1.0,36.35,0.0,False
B-5501B,uni,2022-06-21 06:35:00,2022-06-21 06:40:00,5.0,2,0.0319173,2.248,0.02642496775,1.861,131.73,far,glitch_sensor,20.925,55.4,31.425,8.75,1.0,34.475,0.0,False
B-5501B,uni,2022-06-21 06:50:00,2022-06-21 07:25:00,35.0,8,0.025906032,1.824,0.01147612351,0.808,131.72,far,glitch_sensor,21.9875,55.4,32.4125,8.75,1.0,33.4125,0.0,False
B-5501B,uni,2022-06-28 23:10:00,2022-06-28 23:55:00,45.0,10,0.029483967,2.076,0.0100121401916666,0.705,124.03,far,glitch_sensor,21.925,56.45,34.525,8.775,1.0,34.525,0.0,False
B-5501B,uni,2022-07-05 03:20:00,2022-07-05 04:00:00,40.0,9,0.028145062,1.982,0.0110887079090909,0.781,117.86,far,glitch_sensor,20.9,55.0,33.1,8.15,1.0,34.1,0.0,True
B-5501B,uni,2022-07-05 11:15:00,2022-07-05 11:50:00,35.0,8,0.020463876,1.441,0.01079527136,0.76,117.53,far,mudanca_regime,23.1,58.95,34.85,7.625,1.0,35.85,0.0,False
B-5501B,uni,2022-07-13 12:45:00,2022-07-13 13:20:00,35.0,8,0.027194416,1.915,0.0118236460999999,0.833,109.47,far,glitch_sensor,22.1,61.35,37.25,8.2,1.0,39.25,0.0,True
B-5501B,uni,2022-07-13 13:30:00,2022-07-13 13:40:00,10.0,3,0.006604155,0.465,0.00476629926,0.336,109.44,far,mudanca_regime,51.9875,61.85,8.3625,1.1,1.0,9.8625,0.0,True
B-5501B,uni,2022-07-20 07:35:00,2022-07-20 08:20:00,45.0,10,0.02178591,1.534,0.0095863664583333,0.675,102.68,far,glitch_sensor,23.45,56.9,31.375,9.675,1.0,33.45,0.0,False
B-5501B,uni,2022-07-21 09:00:00,2022-07-21 09:55:00,55.0,12,0.032432433,2.284,0.0138513556071428,0.976,101.62,far,glitch_sensor,19.85,57.725,37.0,10.25,1.0,37.875,0.0,False
B-5501B,uni,2022-07-24 03:55:00,2022-07-24 04:20:00,25.0,6,0.024398161,1.718,0.0107261546625,0.755,98.84,far,glitch_sensor,22.425,56.2,32.775,8.975,1.0,33.775,0.0,True
B-5501B,uni,2022-07-24 04:30:00,2022-07-24 04:30:00,0.0,1,0.0076390207,0.538,0.0061128572333333,0.431,98.81,far,mudanca_regime,47.925,56.2,7.275,1.2,1.0,8.275,0.0,True
B-5501B,uni,2022-07-29 00:25:00,2022-07-29 01:15:00,50.0,11,0.019601598,1.38,0.0086683290307692,0.61,93.98,far,glitch_sensor,23.725,57.8,33.075,9.325,1.0,34.075,0.0,True
B-5501B,uni,2022-08-01 10:30:00,2022-08-01 10:35:00,5.0,2,0.038035072,2.679,0.02423790725,1.707,90.56,far,glitch_sensor,19.8,59.55,36.625,9.85,1.0,39.75,0.0,True
B-5501B,uni,2022-08-01 10:45:00,2022-08-01 11:20:00,35.0,8,0.012765725,0.899,0.00622482198,0.438,90.55,far,precursor_parada,24.725,59.55,34.825,7.65,1.0,34.825,0.0,True
B-5501B,uni,2022-08-01 14:20:00,2022-08-01 15:00:00,40.0,9,0.019321272,1.361,0.0089128134818181,0.628,90.4,far,mudanca_regime,55.8125,62.325,6.5125,4.375,1.0,6.5125,0.0,False
B-5501B,uni,2022-08-02 14:45:00,2022-08-02 15:35:00,50.0,11,0.027775541,1.956,0.0121276251230769,0.854,89.39,far,precursor_parada,33.75,62.325,28.575,7.125,1.0,28.575,0.0,True
B-5501B,uni,2022-08-03 01:45:00,2022-08-03 02:35:00,50.0,11,0.017868014,1.258,0.0103027792846153,0.726,88.93,far,mudanca_regime,29.25,57.725,28.475,7.95,1.0,28.475,0.0,False
B-5501B,uni,2022-08-08 16:15:00,2022-08-08 17:05:00,50.0,11,0.022764755,1.603,0.0120219235461538,0.847,83.32,far,mudanca_regime,23.425,59.8,35.375,7.975,1.0,36.375,0.0,False
B-5501B,uni,2022-08-13 02:55:00,2022-08-13 03:00:00,5.0,2,0.03335093,2.349,0.020322398625,1.431,78.88,far,glitch_sensor,20.325,55.15,32.825,8.15,1.0,34.825,0.0,True
B-5501B,uni,2022-08-13 03:10:00,2022-08-13 03:40:00,30.0,7,0.010592957,0.746,0.0077808851444444,0.548,78.87,far,precursor_parada,29.325,55.15,25.825,4.45,1.0,25.825,0.0,True
B-5501B,uni,2022-08-14 09:30:00,2022-08-14 09:50:00,20.0,5,0.031283025,2.203,0.015554229,1.095,77.6,far,glitch_sensor,20.6,57.725,35.05,8.3,1.0,37.125,0.0,False
B-5501B,uni,2022-08-14 10:05:00,2022-08-14 10:25:00,20.0,5,0.008003344,0.564,0.0063537785571428,0.447,77.58,far,mudanca_regime,43.9625,58.75,13.7625,2.2,1.0,14.7875,0.0,False
B-5501B,uni,2022-08-22 08:00:00,2022-08-22 08:55:00,55.0,12,0.03703657,2.608,0.0119851166285714,0.844,69.67,far,precursor_parada,20.25,56.9,35.65,7.35,1.0,36.65,0.0,True
B-5501B,uni,2022-08-24 13:20:00,2022-08-24 13:30:00,10.0,3,0.016827805,1.185,0.01145342228,0.807,67.44,far,glitch_sensor,23.8,61.55,34.725,8.975,1.0,37.75,0.0,True
B-5501B,uni,2022-08-24 13:45:00,2022-08-24 14:05:00,20.0,5,0.007993023,0.563,0.0060606896571428,0.427,67.43,far,mudanca_regime,41.3625,62.6,19.1625,3.6,1.0,21.2375,0.0,True
B-5501B,uni,2022-08-28 10:25:00,2022-08-28 11:00:00,35.0,8,0.024574533,1.731,0.01011789934,0.713,63.57,far,glitch_sensor,22.9,62.0,36.0,9.4,1.0,39.1,0.0,False
B-5501B,uni,2022-08-31 05:10:00,2022-08-31 05:50:00,40.0,9,0.027298547,1.923,0.0103171935999999,0.727,60.78,far,mudanca_regime,22.25,54.6,32.35,7.85,1.0,32.35,0.0,False
B-5501B,uni,2022-09-03 12:30:00,2022-09-03 13:05:00,35.0,8,0.015453432,1.088,0.00900332105,0.634,57.48,far,precursor_parada,23.975,63.65,37.625,7.725,1.0,39.675,0.0,True
B-5501B,uni,2022-09-07 10:20:00,2022-09-07 11:15:00,55.0,12,0.034053948,2.398,0.0134832428571428,0.95,53.57,far,glitch_sensor,20.025,60.25,38.2,10.775,1.0,40.225,0.0,False
B-5501B,uni,2022-09-08 12:50:00,2022-09-08 13:20:00,30.0,7,0.014843464,1.045,0.0091653311,0.645,52.47,far,precursor_parada,32.3,61.9,28.1,5.55,1.0,29.6,0.0,True
B-5501B,uni,2022-11-04 12:15:00,2022-11-04 13:10:00,55.0,12,0.025504462,1.796,0.0112591596714285,0.793,4.51,near_10d,glitch_sensor,22.9,60.4,36.5,8.95,1.0,37.5,0.0,False
B-5501B,uni,2022-11-08 12:30:00,2022-11-08 13:20:00,50.0,11,0.025385953,1.788,0.0105538304846153,0.743,8.52,near_10d,precursor_parada,35.8875,60.05,23.1625,7.525,1.0,24.1625,0.0,True
B-5501B,uni,2022-11-20 06:50:00,2022-11-20 07:45:00,55.0,12,0.03921961,2.762,0.0132488022928571,0.933,20.28,far,glitch_sensor,19.675,56.65,36.225,10.55,1.0,36.975,0.0,False
B-5501B,uni,2022-11-26 14:50:00,2022-11-26 15:35:00,45.0,10,0.014548197,1.025,0.007495691725,0.528,26.62,far,glitch_sensor,25.75,62.3,34.55,8.65,1.0,36.55,0.0,False
B-5501B,uni,2022-11-27 22:05:00,2022-11-27 22:45:00,40.0,9,0.024839252,1.749,0.0093327680181818,0.657,27.92,far,mudanca_regime,30.275,57.35,27.075,6.95,1.0,27.075,0.0,False
B-5501B,uni,2023-02-15 21:55:00,2023-02-15 22:45:00,50.0,11,0.019880181,1.4,0.0091070955153846,0.641,107.91,far,mudanca_regime,32.925,59.15,26.225,7.05,1.0,26.225,0.0,False
B-5501B,uni,2023-03-04 22:15:00,2023-03-04 23:00:00,45.0,10,0.01623811,1.144,0.00868784875,0.612,124.93,far,mudanca_regime,28.025,59.55,30.525,6.925,1.0,31.525,0.0,False
B-5501B,uni,2023-03-09 08:45:00,2023-03-09 09:35:00,50.0,11,0.032583132,2.295,0.0112478812384615,0.792,129.36,far,mudanca_regime,20.9,58.2,35.275,7.975,1.0,37.3,0.0,False
B-5501B,uni,2023-03-12 09:35:00,2023-03-12 10:15:00,40.0,9,0.031456474,2.215,0.0110992378818181,0.782,132.4,far,mudanca_regime,21.8,60.0,36.2,7.45,1.0,38.2,0.0,False
B-5501B,uni,2023-03-14 09:15:00,2023-03-14 10:05:00,50.0,11,0.029580876,2.083,0.0112803973615384,0.794,134.39,far,mudanca_regime,21.8,60.05,37.25,7.7,1.0,38.25,0.0,False
B-5501B,uni,2023-03-14 21:50:00,2023-03-14 22:40:00,50.0,11,0.019167086,1.35,0.0094319946692307,0.664,134.91,far,glitch_sensor,30.2,58.35,27.125,8.9,1.0,28.15,0.0,True
B-5501B,uni,2023-03-15 05:55:00,2023-03-15 06:35:00,40.0,9,0.014201283,1.0,0.0090486236727272,0.637,135.25,far,mudanca_regime,45.5,57.7,12.2,5.3,1.0,12.2,0.0,False
B-5501B,uni,2023-04-02 15:30:00,2023-04-02 16:20:00,50.0,11,0.022480443,1.583,0.0092282531615384,0.65,153.65,far,precursor_parada,38.3625,63.15,24.7875,5.65,1.0,24.7875,0.0,True
B-5501B,uni,2023-04-05 03:00:00,2023-04-05 03:55:00,55.0,12,0.029254356,2.06,0.0120838832142857,0.851,156.12,far,glitch_sensor,22.4,56.525,33.1,8.35,1.0,34.125,0.0,False
B-5501B,uni,2023-04-19 22:10:00,2023-04-19 22:55:00,45.0,10,0.02502689,1.763,0.0107695481416666,0.758,170.92,far,mudanca_regime,22.725,56.725,33.0,7.7,1.0,34.0,0.0,False
B-5501B,uni,2023-05-13 16:00:00,2023-05-13 16:45:00,45.0,10,0.022331173,1.573,0.01013788155,0.714,170.33,far,glitch_sensor,22.95,60.25,37.3,8.45,1.0,37.3,0.0,False
B-5501B,uni,2023-05-16 20:45:00,2023-05-16 21:25:00,40.0,9,0.018475281,1.301,0.0094572237545454,0.666,167.14,far,precursor_parada,24.8,56.45,31.65,7.45,1.0,31.65,0.0,True
B-5501B,uni,2023-06-01 23:50:00,2023-06-02 00:45:00,55.0,12,0.038949076,2.743,0.0116385308142857,0.82,151.01,far,mudanca_regime,21.025,54.65,32.625,7.95,1.0,33.625,0.0,False
B-5501B,uni,2023-06-04 09:15:00,2023-06-04 10:10:00,55.0,12,0.035970684,2.533,0.0119668955,0.843,148.61,far,glitch_sensor,21.075,58.2,35.65,8.55,1.0,37.125,0.0,False
B-5501B,uni,2023-06-07 11:50:00,2023-06-07 12:45:00,55.0,12,0.033324245,2.347,0.0125965626714285,0.887,145.51,far,glitch_sensor,19.4,60.25,39.35,9.45,1.0,40.85,0.0,False
B-5501B,uni,2023-06-08 09:10:00,2023-06-08 09:15:00,5.0,2,0.037434857,2.636,0.02290916625,1.613,144.62,far,mudanca_regime,19.2,56.825,33.55,7.725,1.0,37.625,0.0,False
B-5501B,uni,2023-06-08 09:30:00,2023-06-08 10:00:00,30.0,7,0.011650155,0.82,0.0095402157666666,0.672,144.6,far,mudanca_regime,30.775,57.825,25.0,4.525,1.0,27.05,0.0,False
B-5501B,uni,2023-06-10 02:20:00,2023-06-10 03:00:00,40.0,9,0.017223753,1.213,0.0094024196454545,0.662,142.9,far,glitch_sensor,23.95,56.275,32.325,9.2,1.0,32.325,0.0,False
B-5501B,uni,2023-06-16 20:45:00,2023-06-16 21:35:00,50.0,11,0.026297232,1.852,0.0086842233384615,0.612,136.14,far,mudanca_regime,23.275,54.875,30.6,6.95,1.0,31.6,0.0,False
B-5501B,uni,2023-06-17 20:15:00,2023-06-17 20:20:00,5.0,2,0.03372312,2.375,0.02100180575,1.479,135.16,far,mudanca_regime,20.8,53.85,31.05,7.8,1.0,33.05,0.0,True
B-5501B,uni,2023-06-17 20:30:00,2023-06-17 21:05:00,35.0,8,0.00974356,0.686,0.0071460606499999,0.503,135.15,far,precursor_parada,24.7,53.85,29.15,6.7,1.0,29.15,0.0,True
B-5501B,uni,2023-11-08 19:10:00,2023-11-08 20:00:00,50.0,11,0.024532206,1.728,0.0119001191307692,0.838,8.8,near_10d,glitch_sensor,32.25,63.925,31.675,8.2,1.0,31.675,0.0,False
B-5501B,uni,2023-11-10 01:20:00,2023-11-10 02:05:00,45.0,10,0.025306026,1.782,0.0104199467416666,0.734,10.06,far,mudanca_regime,32.925,63.3,30.375,7.8,1.0,30.375,0.0,False
B-5501B,uni,2023-11-11 17:55:00,2023-11-11 18:45:00,50.0,11,0.02604528,1.834,0.0129864920230769,0.915,11.75,far,glitch_sensor,33.65,65.725,31.075,8.65,1.0,32.075,0.0,True
B-5501B,uni,2023-11-12 08:40:00,2023-11-12 09:30:00,50.0,11,0.02587609,1.822,0.0120392168076923,0.848,12.36,far,glitch_sensor,29.05,64.05,34.0,11.075,1.0,35.0,0.0,False
B-5501B,uni,2023-11-13 07:25:00,2023-11-13 08:15:00,50.0,11,0.023941338,1.686,0.0097200129384615,0.685,13.31,far,glitch_sensor,29.95,63.95,31.95,9.1,1.0,34.0,0.0,False
B-5501B,uni,2023-11-14 03:15:00,2023-11-14 03:55:00,40.0,9,0.03078413,2.168,0.0133393055454545,0.939,14.14,far,glitch_sensor,36.575,60.0,23.425,8.95,1.0,23.425,0.0,False
B-5501B,uni,2023-11-14 04:05:00,2023-11-14 04:05:00,0.0,1,0.0060146847,0.424,0.0054212477666666,0.382,14.17,far,transiente_curto,57.3875,60.0,2.6125,1.05,1.0,2.6125,0.0,False
B-5501B,uni,2023-11-15 14:45:00,2023-11-15 15:35:00,50.0,11,0.027927024,1.967,0.0120954750384615,0.852,15.61,far,glitch_sensor,33.35,61.075,31.75,8.0,1.0,27.725,0.0,False
B-5501B,uni,2023-11-17 09:35:00,2023-11-17 10:20:00,45.0,10,0.023363197,1.645,0.0101872051166666,0.717,17.4,far,glitch_sensor,28.4,65.625,35.15,9.725,1.0,37.225,0.0,False
B-5501B,uni,2023-11-18 08:45:00,2023-11-18 09:25:00,40.0,9,0.023710435,1.67,0.0104929033636363,0.739,18.36,far,glitch_sensor,27.2,63.3,35.05,10.775,1.0,36.1,0.0,False
B-5501B,uni,2023-11-19 20:15:00,2023-11-19 21:10:00,55.0,12,0.028152987,1.983,0.0116082219785714,0.818,19.84,far,glitch_sensor,33.5,59.825,26.325,9.3,1.0,26.325,0.0,False
B-5501B,uni,2023-11-25 08:05:00,2023-11-25 08:20:00,15.0,4,0.017506558,1.233,0.0134463525,0.947,25.34,far,glitch_sensor,25.05,62.65,34.5,11.35,1.0,37.6,0.0,False
B-5501B,uni,2023-11-25 08:30:00,2023-11-25 09:00:00,30.0,7,0.010616313,0.748,0.0082819187222222,0.583,25.35,far,precursor_parada,41.525,63.7,20.125,3.375,1.0,22.175,0.0,True
B-5501B,uni,2023-11-26 01:40:00,2023-11-26 02:25:00,45.0,10,0.01703004,1.199,0.0088256525916666,0.622,26.07,far,glitch_sensor,26.175,60.425,33.25,8.375,1.0,34.25,0.0,False
B-5501B,uni,2023-11-28 09:55:00,2023-11-28 09:55:00,0.0,1,0.022137916,1.559,0.0141935683333333,1.0,28.41,far,mudanca_regime,39.9125,52.05,21.5375,6.625,1.0,12.1375,0.0,True
B-5501B,uni,2023-11-28 12:35:00,2023-11-28 13:20:00,45.0,10,0.022193754,1.563,0.0099355801083333,0.7,28.52,far,mudanca_regime,52.05,64.8,12.75,6.05,1.0,12.75,0.0,False
B-5501B,uni,2023-11-29 19:20:00,2023-11-29 20:05:00,45.0,10,0.018172957,1.28,0.0090870945666666,0.64,29.81,far,precursor_parada,42.65,58.625,16.55,6.875,1.0,15.975,0.0,True
B-5501B,uni,2023-12-01 21:45:00,2023-12-01 22:05:00,20.0,5,0.023227384,1.636,0.0129545357142857,0.912,31.91,far,glitch_sensor,29.925,61.85,29.925,10.175,1.0,31.925,0.0,False
B-5501B,uni,2023-12-01 22:15:00,2023-12-01 22:35:00,20.0,5,0.007144978,0.503,0.0048085281714285,0.339,31.93,far,mudanca_regime,48.325,62.3625,12.525,2.1,1.0,14.0375,0.0,False
B-5501B,uni,2023-12-04 23:55:00,2023-12-05 00:45:00,50.0,11,0.019951446,1.405,0.009648944576923,0.68,35.0,far,glitch_sensor,25.425,59.75,33.325,12.775,1.0,34.325,0.0,False
B-5501B,uni,2023-12-07 07:30:00,2023-12-07 08:30:00,60.0,13,0.025526235,1.798,0.0122532439333333,0.863,37.31,far,glitch_sensor,32.1,64.05,30.95,10.2,1.0,31.95,0.0,False
B-5501B,uni,2023-12-11 02:15:00,2023-12-11 03:00:00,45.0,10,0.021107227,1.487,0.00989993345,0.697,41.09,far,precursor_parada,31.15,59.5,28.35,7.1,1.0,28.35,0.0,True
B-5501B,uni,2023-12-11 22:35:00,2023-12-11 23:35:00,60.0,13,0.02763542,1.946,0.0106358063533333,0.749,41.94,far,glitch_sensor,27.45,60.15,32.7,11.975,1.0,32.7,0.0,False
B-5501B,uni,2023-12-15 01:50:00,2023-12-15 02:10:00,20.0,5,0.031246655,2.201,0.0165647397428571,1.167,45.08,far,glitch_sensor,31.3,49.3125,28.6,10.45,1.0,18.0125,0.0,True
B-5501B,uni,2023-12-15 09:45:00,2023-12-15 09:45:00,0.0,1,0.026414583,1.86,0.019900195,1.402,45.41,far,glitch_sensor,30.15,62.95,29.775,8.9,1.0,32.8,0.0,False
B-5501B,uni,2023-12-15 09:55:00,2023-12-15 10:30:00,35.0,8,0.012241031,0.862,0.0077253139,0.544,45.41,far,glitch_sensor,30.15,64.05,32.8,8.9,1.0,33.9,0.0,False
B-5501B,uni,2023-12-16 09:55:00,2023-12-16 10:00:00,5.0,2,0.021432316,1.509,0.01905320725,1.342,45.59,far,glitch_sensor,28.2,63.875,32.65,12.0,1.0,35.675,0.0,False
B-5501B,uni,2023-12-16 10:10:00,2023-12-16 10:15:00,5.0,2,0.015558567,1.096,0.008632275325,0.608,45.58,far,glitch_sensor,28.7375,64.9,33.1125,12.0,1.0,36.1625,0.0,False
B-5501B,uni,2023-12-16 10:25:00,2023-12-16 10:45:00,20.0,5,0.0071916482,0.506,0.0049083417428571,0.346,45.57,far,mudanca_regime,48.4625,64.9,14.3875,3.275,1.0,16.4375,0.0,True
B-5501B,uni,2023-12-17 14:00:00,2023-12-17 14:50:00,50.0,11,0.03443077,2.425,0.0121119721076923,0.853,44.42,far,glitch_sensor,30.85,67.75,35.875,9.6,1.0,36.9,0.0,False
B-5501B,uni,2023-12-18 13:15:00,2023-12-18 14:00:00,45.0,10,0.02743344,1.932,0.009953934975,0.701,43.45,far,precursor_parada,32.6,62.3,31.925,7.325,1.0,29.7,0.0,True
B-5501B,uni,2023-12-18 23:00:00,2023-12-18 23:50:00,50.0,11,0.026985412,1.901,0.0107311604615384,0.756,43.04,far,mudanca_regime,47.15,61.6,15.45,7.8,1.0,14.45,0.0,False
B-5501B,uni,2023-12-22 13:50:00,2023-12-22 14:45:00,55.0,12,0.022611594,1.592,0.0103929931857142,0.732,39.42,far,glitch_sensor,25.775,61.825,35.05,13.0,1.0,36.05,0.0,False
B-5501B,uni,2023-12-23 23:15:00,2023-12-24 00:00:00,45.0,10,0.017759243,1.251,0.0096009127249999,0.676,38.03,far,glitch_sensor,25.75,60.15,33.4,12.825,1.0,34.4,0.0,True
B-5501B,uni,2023-12-24 00:10:00,2023-12-24 00:10:00,0.0,1,0.007876158,0.555,0.0066456332333333,0.468,37.99,far,mudanca_regime,54.6,60.15,5.55,1.025,1.0,5.55,0.0,True
B-5501B,uni,2023-12-24 14:30:00,2023-12-24 15:25:00,55.0,12,0.020495588,1.443,0.0109876399642857,0.774,37.4,far,glitch_sensor,26.45,64.625,37.175,12.025,1.0,38.175,0.0,False
B-5501B,uni,2023-12-30 21:30:00,2023-12-30 22:00:00,30.0,7,0.025140004,1.771,0.0141138980777777,0.994,31.1,far,glitch_sensor,29.5,61.4,30.9,11.5,1.0,31.9,0.0,False
B-5501B,uni,2023-12-30 22:10:00,2023-12-30 22:25:00,15.0,4,0.009733816,0.686,0.0071296524666666,0.502,31.08,far,mudanca_regime,53.3375,61.4,8.0625,1.0,1.0,8.0625,0.0,False
B-5501B,uni,2024-03-29 11:10:00,2024-03-29 11:35:00,25.0,6,0.024741217,1.742,0.01188092705,0.837,58.47,far,glitch_sensor,22.05,62.275,38.175,12.8,1.0,40.225,0.0,False
B-5501B,uni,2024-03-29 11:45:00,2024-03-29 12:00:00,15.0,4,0.0072769127,0.512,0.0059984377,0.422,58.49,far,mudanca_regime,50.05,63.3,11.225,2.075,1.0,13.25,0.0,False
B-6511502A,uni,2022-07-13 01:15:00,2022-07-13 06:35:00,320.0,65,0.010847674,1.267,0.0033183204552238,0.387,305.95,far,sustentado_sem_causa,51.0183,51.1153,1.6512,2.6212,0.4847,0.097,0.0,False
B-6511502A,uni,2022-07-16 12:00:00,2022-07-16 16:45:00,285.0,58,0.011582585,1.352,0.0040576738266666,0.474,302.5,far,precursor_parada,54.84,53.3565,8.0855,3.4859,0.4847,1.4835,0.0,True
B-6511502A,uni,2022-08-20 06:15:00,2022-08-20 15:10:00,535.0,108,0.014105348,1.647,0.0112008876545454,1.308,267.74,far,precursor_parada,20.959,1.5644,17.558,0.1469,0.4847,19.3946,0.0,True
B-6511502A,uni,2022-08-26 04:45:00,2022-08-26 09:20:00,275.0,56,0.021650119,2.528,0.0025974077793103,0.303,261.8,far,precursor_parada,52.0485,51.5055,1.5941,1.9136,0.4847,0.5429,0.0,True
B-6511502A,uni,2022-09-08 13:40:00,2022-09-08 21:30:00,470.0,95,0.015797665,1.845,0.0056456530323711,0.659,248.43,far,mudanca_regime,48.9748,51.0107,2.8909,3.548,0.4847,2.036,0.0,False
B-6511502A,uni,2022-11-06 20:50:00,2022-11-07 02:40:00,350.0,71,0.01761026,2.056,0.0056954366287671,0.665,189.13,far,mudanca_regime,47.9691,49.9606,4.0142,2.5354,0.4847,1.9915,0.0,False
B-6511502A,uni,2022-11-22 10:30:00,2022-11-23 02:30:00,960.0,193,0.016454075,1.921,0.0115455249851282,1.348,173.56,far,mudanca_regime,5.7257,30.7333,23.5671,0.1152,0.4847,25.0076,0.0,False
B-6511502A,uni,2022-11-25 01:35:00,2022-11-25 07:20:00,345.0,70,0.01063646,1.242,0.0037719864694444,0.44,170.93,far,sustentado_sem_causa,50.0225,50.2132,2.6393,2.1801,0.4847,0.1907,0.0,False
B-6511502A,uni,2023-02-02 12:45:00,2023-02-02 13:10:00,25.0,6,0.0129051395,1.507,0.0075000038874999,0.876,101.47,far,transiente_curto,52.8755,51.0818,1.8612,2.277,0.4847,1.7937,0.0,False
B-6511502A,uni,2023-02-02 13:25:00,2023-02-02 17:15:00,230.0,47,0.0064305863,0.751,0.0019509916408163,0.228,101.44,far,sustentado_sem_causa,52.5162,51.7744,2.2501,2.615,0.4847,0.7418,0.0,False
B-6511502A,uni,2023-02-25 19:05:00,2023-02-25 22:05:00,180.0,37,0.017569635,2.052,0.0115038910384615,1.343,78.2,far,mudanca_regime,49.8162,53.0197,2.3609,2.1689,0.4847,3.2036,0.0,False
B-6511502A,uni,2023-02-25 22:15:00,2023-02-26 02:45:00,270.0,55,0.013831445,1.615,0.0025983133385964,0.303,78.07,far,mudanca_regime,51.0282,53.0141,3.7408,2.9263,0.4847,1.9859,0.0,False
B-6511502A,uni,2023-03-09 13:10:00,2023-03-09 13:10:00,0.0,1,0.009645377,1.126,0.0091579051666666,1.069,66.45,far,transiente_curto,49.8391,48.6382,0.1449,1.4065,0.4847,1.2009,0.0,False
B-6511502A,uni,2023-03-09 13:30:00,2023-03-09 13:40:00,10.0,3,0.013624679,1.591,0.0125393161,1.464,66.44,far,glitch_sensor,49.9788,48.5705,1.6418,5.12,0.4847,1.4083,0.0,False
B-6511502A,uni,2023-03-09 13:50:00,2023-03-09 20:05:00,375.0,76,0.013624679,1.591,0.0047349025538461,0.553,66.42,far,sustentado_sem_causa,49.9788,49.5886,2.1983,5.12,0.4847,0.3902,0.0,False
B-6511502A,uni,2023-03-10 08:10:00,2023-03-10 11:55:00,225.0,46,0.010918181,1.275,0.0025240441708333,0.295,65.66,far,mudanca_regime,50.8411,53.2507,1.7526,1.543,0.4847,2.4096,0.0,False
B-6511502A,uni,2023-03-10 12:05:00,2023-03-10 12:55:00,50.0,11,0.0022205233,0.259,0.0015469913384615,0.181,65.5,far,sustentado_sem_causa,51.6896,52.8512,2.8129,1.4073,0.4847,1.1616,0.0,False
B-6511502A,uni,2023-03-23 16:30:00,2023-03-23 22:50:00,380.0,77,0.011047176,1.29,0.0050194696,0.586,52.31,far,mudanca_regime,45.4545,47.9811,4.198,3.4203,0.4847,2.5267,0.0,False
B-6511502A,uni,2023-04-13 14:10:00,2023-04-13 14:40:00,30.0,7,0.013264195,1.549,0.0126915734444444,1.482,31.41,far,precursor_parada,46.6218,31.6621,1.7442,1.7662,0.4847,14.9596,0.0,True
B-6511502A,uni,2023-05-13 03:50:00,2023-05-13 04:45:00,55.0,12,0.023917835,2.793,0.0197973782857142,2.312,1.84,near_48h,mudanca_regime,27.2126,39.8731,27.9391,12.4427,0.4847,12.6605,0.0,False
B-6511502A,uni,2023-05-13 05:00:00,2023-05-13 06:45:00,105.0,22,0.021443458,2.504,0.0191184592083333,2.232,1.79,near_48h,sustentado_sem_causa,42.9278,41.1202,4.4723,6.6391,0.4847,1.8076,0.0,False
B-6511502A,uni,2023-05-13 06:55:00,2023-05-13 13:05:00,370.0,75,0.01866771,2.18,0.0071830389025974,0.839,1.71,near_48h,precursor_parada,39.8731,48.6419,17.7784,7.1701,0.4847,8.7688,0.0,True
B-8801C,uni,2022-06-10 09:59:00,2022-06-10 11:50:00,111.0,112,0.004833325,2.188,0.0013713512013114,0.621,755.58,far,precursor_parada,4.5364,4.2723,0.3861,1.016,0.1016,0.2642,0.0,True
B-8801C,uni,2024-03-17 05:10:00,2024-03-17 07:01:00,111.0,112,0.011031985,4.993,0.0023899656454918,1.082,109.78,far,sustentado_sem_causa,3.5103,3.7236,0.4064,2.4486,0.1016,0.2134,0.0,False
B-8801C,uni,2024-05-12 15:14:00,2024-05-12 15:22:00,8.0,9,0.0028428913,1.287,0.001293435848421,0.585,53.37,far,transiente_curto,3.1547,3.3274,0.0203,0.7823,0.1016,0.1727,0.0,True
B-8802B,uni,2022-05-15 05:04:00,2022-05-15 07:29:00,145.0,146,0.023003498,2.047,0.0071231927448717,0.634,52.21,far,sustentado_sem_causa,0.7976,0.6858,0.7925,0.823,0.1321,0.1118,0.0,False
B-8802B,uni,2022-05-15 17:20:00,2022-05-15 22:59:00,339.0,340,0.026529642,2.361,0.0160498165208571,1.428,51.69,far,mudanca_regime,0.6858,2.3368,2.1234,1.3005,0.1321,1.651,0.0,False
B-8802B,uni,2022-05-15 23:21:00,2022-05-16 09:47:00,626.0,627,0.014859888,1.322,0.0106558303697017,0.948,51.44,far,sustentado_sem_causa,2.159,2.1793,0.7417,0.8128,0.1321,0.0203,0.0,False
B-8802B,uni,2022-05-16 11:29:00,2022-05-16 13:17:00,108.0,109,0.02395906,2.132,0.007826410787731,0.696,50.94,far,sustentado_sem_causa,2.2606,2.4943,2.225,2.1438,0.1321,0.2337,0.0,False
B-8802B,uni,2022-05-18 12:54:00,2022-05-18 14:43:00,109.0,110,0.03716002,3.307,0.0065518810841666,0.583,48.88,far,sustentado_sem_causa,2.3317,2.3825,0.315,3.7084,0.1321,0.0508,0.0,False
B-8802B,uni,2022-05-19 11:33:00,2022-05-19 12:31:00,58.0,59,0.025732517,2.29,0.0048523470826086,0.432,47.94,far,mudanca_regime,2.1996,0.6655,1.4326,3.1902,0.1321,1.5342,0.0,False
B-8802B,uni,2022-05-19 16:05:00,2022-05-19 17:04:00,59.0,60,0.019648869,1.748,0.0063407167942857,0.564,47.75,far,mudanca_regime,0.6655,2.3012,1.9812,2.8042,0.1321,1.6358,0.0,False
B-8802B,uni,2022-05-19 17:18:00,2022-05-19 19:10:00,112.0,113,0.02884629,2.567,0.00710667040813,0.632,47.7,far,sustentado_sem_causa,2.3216,2.3876,0.3353,3.6474,0.1321,0.066,0.0,False
B-8802B,uni,2022-05-23 01:18:00,2022-05-23 02:16:00,58.0,59,0.026012147,2.315,0.0020811540942028,0.185,44.36,far,precursor_parada,2.4181,0.3404,1.9761,3.7592,0.1321,2.0777,0.0,False
B-8802B,uni,2022-05-29 20:10:00,2022-05-29 21:07:00,57.0,58,0.012637974,1.125,0.0082383261558823,0.733,37.58,far,precursor_parada,2.3825,0.3099,2.1539,2.4079,0.1321,2.0726,0.0,False
B-8802B,uni,2022-05-30 14:34:00,2022-05-30 16:29:00,115.0,116,0.021770248,1.937,0.0078552347698412,0.699,36.81,far,mudanca_regime,-0.0152,2.5044,2.8042,3.0785,0.1321,2.5197,0.0,False
B-8802B,uni,2022-06-01 17:17:00,2022-06-01 19:10:00,113.0,114,0.03589714,3.194,0.0117925799306451,1.049,34.7,far,mudanca_regime,0.0457,2.2708,0.5182,4.1148,0.1321,2.225,0.0,False
B-8802B,uni,2022-06-01 19:45:00,2022-06-01 20:55:00,70.0,71,0.0153636355,1.367,0.0079435959345679,0.707,34.59,far,mudanca_regime,0.4216,2.4181,2.1742,1.6256,0.1321,1.9964,0.0,False
B-8802B,uni,2022-06-06 16:35:00,2022-06-06 17:13:00,38.0,39,0.011245029,1.001,0.0049818603448979,0.443,29.73,far,mudanca_regime,0.4318,2.606,2.4079,1.4732,0.1321,2.1742,0.0,False
B-8802B,uni,2022-06-08 11:12:00,2022-06-08 13:25:00,133.0,134,0.030435625,2.708,0.0086013122527777,0.765,27.95,far,mudanca_regime,0.32,2.1285,2.0726,2.987,0.1321,1.8085,0.0,False
B-8802B,uni,2022-06-10 23:50:00,2022-06-11 00:48:00,58.0,59,0.018348996,1.633,0.0079672061695652,0.709,25.42,far,sustentado_sem_causa,2.3724,2.352,0.2946,2.5908,0.1321,0.0203,0.0,False
B-8802B,uni,2022-06-15 17:20:00,2022-06-15 17:21:00,1.0,2,0.012816938,1.14,0.0079180565583333,0.705,20.69,far,transiente_curto,2.4232,2.3622,0.1727,2.3978,0.1321,0.061,0.0,False
B-8802B,uni,2022-06-16 19:45:00,2022-06-16 21:37:00,112.0,113,0.055509083,4.939,0.0182569060878048,1.625,19.59,far,sustentado_sem_causa,2.4841,2.1488,0.5182,8.6766,0.1321,0.3353,0.0,False
B-8802B,uni,2022-06-19 21:57:00,2022-06-19 23:25:00,88.0,89,0.023824839,2.12,0.0067103744717171,0.597,16.5,far,mudanca_regime,0.2591,2.5248,2.4384,2.9261,0.1321,2.2657,0.0,False
B-8802B,uni,2022-06-27 15:21:00,2022-06-27 16:57:00,96.0,97,0.022489645,2.001,0.0085465180336448,0.76,8.78,near_10d,mudanca_regime,-0.0152,2.6162,3.0582,1.8288,0.1321,2.6314,0.0,False
B-8802B,uni,2022-07-04 05:59:00,2022-07-04 07:50:00,111.0,112,0.029182594,2.597,0.0110722068770491,0.985,2.17,near_10d,mudanca_regime,2.7889,3.6424,2.225,1.3106,0.1321,0.8534,0.0,False
B-8802B,uni,2022-07-05 20:54:00,2022-07-06 00:09:00,195.0,196,0.011817431,1.052,0.0106999969805825,0.952,0.55,near_48h,sustentado_sem_causa,6.3297,6.538,0.5131,0.2845,0.1321,0.2083,0.0,False
B-8802B,uni,2022-07-06 00:24:00,2022-07-06 00:53:00,29.0,30,0.011471105,1.021,0.0107463272,0.956,0.4,near_48h,transiente_curto,6.4668,6.5684,0.315,0.2235,0.1321,0.1016,0.0,False
B-8802B,uni,2022-07-06 00:56:00,2022-07-06 12:12:00,676.0,677,0.061864797,5.505,0.0136544738338573,1.215,0.0,near_48h,precursor_parada,6.4618,0.4623,5.9995,6.5024,0.1321,5.9995,0.0,False
B-8802B,uni,2022-07-07 16:47:00,2022-07-07 17:06:00,19.0,20,0.012144433,1.081,0.0068350256633333,0.608,1.28,near_48h,mudanca_regime,0.0457,2.6365,2.6924,2.0726,0.1321,2.5908,0.0,False
B-8802B,uni,2022-07-13 14:55:00,2022-07-13 15:53:00,58.0,59,0.013270377,1.181,0.0090145061321739,0.802,7.2,near_10d,precursor_parada,2.5197,0.2896,2.2301,2.286,0.1321,2.2301,0.0,False
B-8802B,uni,2022-07-13 18:56:00,2022-07-13 19:57:00,61.0,62,0.022507196,2.003,0.0054088721999999,0.481,7.37,near_10d,mudanca_regime,0.4115,2.7381,2.6416,3.0277,0.1321,2.3266,0.0,False
B-8802B,uni,2022-07-18 15:22:00,2022-07-18 15:23:00,1.0,2,0.013880292,1.235,0.0056372950249999,0.502,12.22,far,mudanca_regime,0.1321,2.6822,2.5959,2.4892,0.1321,2.5502,0.0,False
B-90001A,uni,2020-12-16 18:02:00,2020-12-16 18:20:00,18.0,19,0.007074855,1.404,0.0039183006241379,0.778,254.25,far,mudanca_regime,1.1597,31.7316,29.5038,42.2453,0.2899,30.5719,0.0,False
B-90001A,uni,2020-12-16 18:22:00,2020-12-16 18:22:00,0.0,1,0.0031909773,0.633,0.0030910995727272,0.614,254.23,far,mudanca_regime,1.1597,31.7316,29.7937,42.2453,0.2899,30.5719,0.0,False
B-90001A,uni,2020-12-16 18:26:00,2020-12-16 18:59:00,33.0,34,0.008996607,1.786,0.0029172140561363,0.579,254.23,far,mudanca_regime,1.1597,31.8041,31.3959,42.2453,0.2899,30.6444,0.0,False
B-90001A,uni,2020-12-17 08:31:00,2020-12-17 08:37:00,6.0,7,0.0112999715,2.243,0.0058461149058823,1.16,253.65,far,mudanca_regime,0.969,30.6177,0.145,37.0571,0.2899,29.6487,0.0,False
B-90001A,uni,2020-12-17 08:39:00,2020-12-17 08:39:00,0.0,1,0.006958475,1.381,0.005519968290909,1.096,253.64,far,mudanca_regime,0.969,30.6902,0.1907,37.0571,0.2899,29.7212,0.0,False
B-90001A,uni,2020-12-17 08:42:00,2020-12-17 08:43:00,1.0,2,0.0075931293,1.507,0.0060159696833333,1.194,253.64,far,mudanca_regime,0.969,30.8618,26.162,37.0571,0.2899,29.8929,0.0,False
B-90001A,uni,2020-12-17 08:45:00,2020-12-17 10:16:00,91.0,92,0.0078094453,1.55,0.0030078088239215,0.597,253.64,far,mudanca_regime,0.969,31.9224,31.2433,37.0571,0.2899,30.9534,0.0,False
B-90001A,uni,2020-12-17 12:36:00,2020-12-17 12:54:00,18.0,19,0.009216794,1.829,0.0055447155448275,1.101,253.47,far,mudanca_regime,31.8308,33.2804,30.7703,13.9546,0.2899,1.4496,0.0,False
B-90001A,uni,2020-12-17 12:57:00,2020-12-17 13:04:00,7.0,8,0.007925061,1.573,0.0056998645333333,1.131,253.46,far,mudanca_regime,1.7167,33.4254,29.6716,23.1101,0.2899,31.7087,0.0,False
B-90001A,uni,2020-12-17 13:06:00,2020-12-17 14:28:00,82.0,83,0.014850789,2.948,0.0032526503969892,0.646,253.45,far,mudanca_regime,1.7167,33.9137,32.5327,23.1101,0.2899,32.197,0.0,False
B-90001A,uni,2020-12-18 02:00:00,2020-12-18 03:24:00,84.0,85,0.0067240507,1.335,0.0036255341563157,0.72,252.92,far,precursor_parada,26.8868,0.969,26.0704,20.2032,0.2899,25.9178,0.0,False
B-90001A,uni,2020-12-18 03:26:00,2020-12-18 03:27:00,1.0,2,0.010337876,2.052,0.0032885268575,0.653,252.86,far,transiente_curto,0.9156,0.969,0.0458,0.0992,0.2899,0.0534,0.0,False
B-90001A,uni,2020-12-18 03:29:00,2020-12-18 03:29:00,0.0,1,0.013220579,2.624,0.0056411625545454,1.12,252.85,far,transiente_curto,0.9156,0.969,40.6964,40.6964,0.2899,0.0534,0.0,False
B-90001A,uni,2020-12-18 04:22:00,2020-12-18 05:22:00,60.0,61,0.009424154,1.871,0.0018530129830985,0.368,252.82,far,sustentado_sem_causa,0.9156,1.0147,0.0992,40.6964,0.2899,0.0992,0.0,False
B-90001A,uni,2020-12-19 12:25:00,2020-12-19 13:24:00,59.0,60,0.008406719,1.669,0.0022225536257142,0.441,251.48,far,precursor_parada,41.9782,1.2055,40.8643,27.665,0.2899,40.7727,0.0,False
B-90001A,uni,2020-12-19 15:33:00,2020-12-19 15:37:00,4.0,5,0.0068814764,1.366,0.0023824367653333,0.473,251.35,far,mudanca_regime,1.2055,42.2452,41.6654,37.6446,0.2899,41.0398,0.0,False
B-90001A,uni,2020-12-29 11:23:00,2020-12-29 11:23:00,0.0,1,0.011883104,2.359,0.0076478208545454,1.518,241.53,far,glitch_sensor,0.969,35.0734,28.5348,42.5886,0.2899,34.1044,0.0,False
B-90001A,uni,2020-12-29 11:25:00,2020-12-29 13:06:00,101.0,102,0.009534194,1.892,0.0026727966719642,0.531,241.52,far,mudanca_regime,0.969,35.6532,35.2641,42.5886,0.2899,34.6843,0.0,False
B-90001A,uni,2020-12-31 02:12:00,2020-12-31 02:13:00,1.0,2,0.0069582877,1.381,0.0052228445333333,1.037,239.91,far,glitch_sensor,29.7441,31.1975,2.7123,28.634,0.2899,1.4534,0.0,False
B-90001A,uni,2020-12-31 02:15:00,2020-12-31 03:09:00,54.0,55,0.0069582877,1.381,0.0022737811836923,0.451,239.91,far,mudanca_regime,29.7441,31.5332,2.5216,28.634,0.2899,1.7891,0.0,False
B-90001A,uni,2020-12-31 14:08:00,2020-12-31 14:55:00,47.0,48,0.010729354,2.13,0.0047666588448275,0.946,239.41,far,precursor_parada,25.0214,0.9156,24.0524,26.4519,0.2899,24.1058,0.0,False
B-90001A,uni,2020-12-31 14:57:00,2020-12-31 16:02:00,65.0,66,0.010729354,2.13,0.0035968288192105,0.714,239.38,far,sustentado_sem_causa,1.0147,0.9156,20.5924,26.4519,0.2899,0.0992,0.0,False
B-90001A,uni,2020-12-31 16:04:00,2020-12-31 16:50:00,46.0,47,0.002924762,0.581,0.0008121352708771,0.161,239.33,far,sustentado_sem_causa,0.969,0.9156,0.0992,0.0992,0.2899,0.0534,0.0,False
B-90001A,uni,2020-12-31 18:21:00,2020-12-31 18:30:00,9.0,10,0.008158024,1.619,0.004803674345,0.953,239.24,far,transiente_curto,0.9156,0.969,0.0992,18.5553,0.2899,0.0534,0.0,True
B-90001A,uni,2020-12-31 18:32:00,2020-12-31 20:26:00,114.0,115,0.012009682,2.384,0.00321050242344,0.637,239.23,far,precursor_parada,0.9156,0.969,37.2555,36.6756,0.2899,0.0534,0.0,True
B-90001A,uni,2021-01-02 13:25:00,2021-01-02 13:57:00,32.0,33,0.0071754633,1.424,0.0021182801276744,0.42,237.44,far,mudanca_regime,0.969,34.0587,0.0916,26.5511,0.2899,33.0897,0.0,False
B-90001A,uni,2021-01-02 13:59:00,2021-01-02 13:59:00,0.0,1,0.0044038086,0.874,0.0020098871045454,0.399,237.42,far,mudanca_regime,1.0147,34.1044,0.3891,0.2441,0.2899,33.0897,0.0,False
B-90001A,uni,2021-01-02 14:01:00,2021-01-02 14:01:00,0.0,1,0.0044038086,0.874,0.0024396207045454,0.484,237.42,far,mudanca_regime,1.0147,34.1044,32.5099,32.1741,0.2899,33.0897,0.0,False
B-90001A,uni,2021-01-02 14:03:00,2021-01-02 14:23:00,20.0,21,0.0047860495,0.95,0.0028356765951612,0.563,237.41,far,mudanca_regime,1.0147,34.3219,34.1578,32.1741,0.2899,33.3071,0.0,False
B-90001A,uni,2021-01-05 11:54:00,2021-01-05 12:55:00,61.0,62,0.0063050482,1.252,0.0016634523595833,0.33,234.5,far,precursor_parada,37.1105,1.0147,36.1415,33.6238,0.2899,36.0958,0.0,False
B-90001A,uni,2021-01-06 11:06:00,2021-01-06 11:13:00,7.0,8,0.011373131,2.257,0.0030803736261111,0.611,233.54,far,transiente_curto,0.969,1.0605,0.145,14.4887,0.2899,0.0916,0.0,False
B-90001A,uni,2021-01-06 22:09:00,2021-01-06 22:34:00,25.0,26,0.010250014,2.035,0.0041420365583333,0.822,233.08,far,glitch_sensor,0.969,29.3779,0.0916,26.6961,0.2899,28.4089,0.0,False
B-90001A,uni,2021-01-06 22:36:00,2021-01-06 22:38:00,2.0,3,0.0069278786,1.375,0.004531896876923,0.9,233.06,far,glitch_sensor,0.969,29.5495,0.2365,26.6961,0.2899,28.5806,0.0,False
B-90001A,uni,2021-01-06 22:40:00,2021-01-06 22:41:00,1.0,2,0.0073039597,1.45,0.0053023030499999,1.052,233.06,far,glitch_sensor,0.969,29.622,23.835,26.6961,0.2899,28.6531,0.0,False
B-90001A,uni,2021-01-06 22:43:00,2021-01-06 22:43:00,0.0,1,0.0073039597,1.45,0.0060642320272727,1.204,233.05,far,glitch_sensor,0.969,29.9387,21.7978,26.6961,0.2899,28.9697,0.0,False
B-90001A,uni,2021-01-06 22:45:00,2021-01-07 00:01:00,76.0,77,0.008753058,1.737,0.0033708553090804,0.669,233.05,far,mudanca_regime,0.9919,31.0984,29.9615,26.6961,0.2899,30.1065,0.0,False
B-90001A,uni,2021-01-07 10:36:00,2021-01-07 10:37:00,1.0,2,0.0066258665,1.315,0.0039454390666666,0.783,232.56,far,glitch_sensor,31.56,29.1147,2.8344,29.6945,0.2899,2.4453,0.0,False
B-90001A,uni,2021-01-07 10:39:00,2021-01-07 10:45:00,6.0,7,0.0053250664,1.057,0.0026699672529411,0.53,232.56,far,mudanca_regime,30.7131,29.0918,2.7581,29.6945,0.2899,1.6213,0.0,False
B-90001A,uni,2021-01-07 10:47:00,2021-01-07 11:29:00,42.0,43,0.0041123955,0.816,0.0018663904118867,0.37,232.55,far,precursor_parada,28.7523,1.0147,3.8491,29.6945,0.2899,27.7375,0.0,False
B-90001A,uni,2021-01-07 12:03:00,2021-01-07 13:52:00,109.0,110,0.013152983,2.611,0.0033223202396666,0.659,232.5,far,precursor_parada,29.5,1.0147,28.531,45.053,0.2899,28.4852,0.0,True
B-90001A,uni,2021-01-08 15:59:00,2021-01-08 16:58:00,59.0,60,0.006566344,1.303,0.0027831219912857,0.552,231.33,far,precursor_parada,34.3486,0.9156,4.6007,26.841,0.2899,33.433,0.0,False
B-90001A,uni,2021-01-09 12:52:00,2021-01-09 13:17:00,25.0,26,0.013565167,2.693,0.0045615772194444,0.905,230.46,far,mudanca_regime,36.6718,1.0147,35.6571,24.7047,0.2899,35.6571,0.0,False
B-90001A,uni,2021-01-09 13:21:00,2021-01-09 13:21:00,0.0,1,0.013565167,2.693,0.0082280777545454,1.633,230.44,far,transiente_curto,1.1139,1.0147,41.0855,42.9701,0.2899,0.0992,0.0,False
B-90001A,uni,2021-01-09 13:23:00,2021-01-09 15:15:00,112.0,113,0.013565167,2.693,0.0039244139447154,0.779,230.44,far,sustentado_sem_causa,1.1139,1.0147,12.3524,42.9701,0.2899,0.0992,0.0,False
B-90001A,uni,2021-01-09 16:49:00,2021-01-09 17:03:00,14.0,15,0.009912985,1.968,0.006151146368,1.221,230.3,far,mudanca_regime,1.0147,31.7316,0.3891,38.4686,0.2899,30.7169,0.0,False
B-90001A,uni,2021-01-09 17:05:00,2021-01-09 17:05:00,0.0,1,0.008780253,1.743,0.0061839746090909,1.227,230.29,far,mudanca_regime,1.0147,31.7316,32.8989,38.4686,0.2899,30.7169,0.0,False
B-90001A,uni,2021-01-09 17:07:00,2021-01-09 17:10:00,3.0,4,0.008780253,1.743,0.0066513123857142,1.32,230.29,far,mudanca_regime,1.0147,31.7316,31.106,38.4686,0.2899,30.7169,0.0,False
B-90001A,uni,2021-01-09 17:12:00,2021-01-09 18:33:00,81.0,82,0.010713837,2.127,0.0035484202386956,0.704,230.28,far,mudanca_regime,1.0147,31.1251,32.6548,38.4686,0.2899,30.1103,0.0,False
B-90001A,uni,2021-01-09 18:35:00,2021-01-09 18:38:00,3.0,4,0.0006913692,0.137,0.0005398377049999,0.107,230.23,far,transiente_curto,31.7545,31.0984,0.6562,1.7396,0.2899,0.6562,0.0,False
B-90001A,uni,2021-01-10 21:22:00,2021-01-10 22:58:00,96.0,97,0.011155016,2.214,0.0027696620958878,0.55,229.11,far,mudanca_regime,29.9844,38.5373,8.6749,35.0734,0.2899,8.5528,0.0,False
B-90001A,uni,2021-01-11 19:42:00,2021-01-11 19:42:00,0.0,1,0.007446672,1.478,0.0054820191727272,1.088,228.18,far,mudanca_regime,34.0052,36.8206,1.4496,44.3281,0.2899,2.8153,0.0,False
B-90001A,uni,2021-01-11 19:44:00,2021-01-11 19:46:00,2.0,3,0.007446672,1.478,0.0055126426692307,1.094,228.18,far,glitch_sensor,33.9824,36.9656,0.412,44.3281,0.2899,2.9832,0.0,False
B-90001A,uni,2021-01-11 19:49:00,2021-01-11 19:50:00,1.0,2,0.0064002625,1.27,0.005495750075,1.091,228.17,far,glitch_sensor,33.9137,37.0571,0.5799,44.3281,0.2899,3.1434,0.0,False
B-90001A,uni,2021-01-11 19:52:00,2021-01-11 20:54:00,62.0,63,0.0064002625,1.27,0.0026862692675342,0.533,228.17,far,mudanca_regime,33.9137,37.347,3.8224,44.3281,0.2899,3.4333,0.0,False
B-90001A,uni,2021-01-12 03:00:00,2021-01-12 03:59:00,59.0,60,0.010677219,2.119,0.0037797499952857,0.75,227.88,far,mudanca_regime,38.995,34.5393,7.4084,24.1783,0.2899,4.4557,0.0,False
B-90001A,uni,2021-01-17 12:40:00,2021-01-17 13:20:00,40.0,41,0.015193208,3.016,0.0063755999882352,1.266,222.47,far,sustentado_sem_causa,0.9156,0.9156,0.0534,39.2926,0.2899,0.0,0.0,False
B-90001A,uni,2021-01-17 13:23:00,2021-01-17 15:13:00,110.0,111,0.015869128,3.15,0.0047311454088429,0.939,222.44,far,mudanca_regime,0.9156,35.1726,11.5284,41.9019,0.2899,34.257,0.0,False
B-90001A,uni,2021-01-17 15:15:00,2021-01-17 15:15:00,0.0,1,0.0032687455,0.649,0.0013109637918181,0.26,222.36,far,mudanca_regime,0.9156,35.1726,0.0,0.0992,0.2899,34.257,0.0,False
B-90001A,uni,2021-01-18 16:39:00,2021-01-18 16:40:00,1.0,2,0.010906165,2.165,0.007195592025,1.428,221.31,far,glitch_sensor,0.969,30.0111,32.7998,39.1018,0.2899,29.0422,0.0,False
B-90001A,uni,2021-01-18 16:42:00,2021-01-18 17:58:00,76.0,77,0.010949724,2.173,0.004164150665977,0.827,221.3,far,sustentado_sem_causa,0.969,0.9156,33.8145,39.1018,0.2899,0.0534,0.0,False
B-90001A,uni,2021-01-18 18:06:00,2021-01-18 18:24:00,18.0,19,0.0031496997,0.625,0.0019352501862068,0.384,221.25,far,mudanca_regime,31.7812,0.9156,30.9114,14.2903,0.2899,30.8657,0.0,False
B-90001A,uni,2021-01-19 12:27:00,2021-01-19 12:32:00,5.0,6,0.009425607,1.871,0.006323519875,1.255,220.48,far,transiente_curto,34.7377,34.566,2.9603,40.8414,0.2899,0.1717,0.0,False
B-90001A,uni,2021-01-19 12:34:00,2021-01-19 12:34:00,0.0,1,0.0077283797,1.534,0.0051621714727272,1.025,220.48,far,transiente_curto,33.8374,34.6156,2.1516,40.8414,0.2899,0.7782,0.0,False
B-90001A,uni,2021-01-19 12:36:00,2021-01-19 13:29:00,53.0,54,0.0068359054,1.357,0.00303836423,0.603,220.47,far,mudanca_regime,32.5022,35.2641,2.5254,40.8414,0.2899,2.7619,0.0,False
B-90001A,uni,2021-01-20 23:20:00,2021-01-21 00:15:00,55.0,56,0.0058556045,1.162,0.0023589724836363,0.468,219.03,far,precursor_parada,27.0775,0.9156,4.8448,24.659,0.2899,26.162,0.0,False
B-90001A,uni,2021-01-21 09:43:00,2021-01-21 11:33:00,110.0,111,0.011691502,2.321,0.004003784638595,0.795,218.6,far,mudanca_regime,0.9156,31.9491,31.4417,22.8202,0.2899,31.0335,0.0,False
B-90001A,uni,2021-01-24 17:09:00,2021-01-24 17:11:00,2.0,3,0.006571242,1.304,0.0043216830076923,0.858,215.29,far,mudanca_regime,0.9156,35.9432,30.1828,47.8683,0.2899,35.0276,0.0,False
B-90001A,uni,2021-01-24 17:55:00,2021-01-24 18:05:00,10.0,11,0.005654527,1.122,0.0028296078790476,0.562,215.25,far,mudanca_regime,0.9156,35.6075,35.6151,47.8683,0.2899,34.6919,0.0,False
B-90001A,uni,2021-01-26 12:50:00,2021-01-26 13:08:00,18.0,19,0.010593565,2.103,0.0035147806344827,0.698,213.47,far,glitch_sensor,33.7191,36.0881,1.545,32.5633,0.2899,2.369,0.0,False
B-90001A,uni,2021-01-26 13:10:00,2021-01-26 13:44:00,34.0,35,0.004970045,0.987,0.0021922422562222,0.435,213.45,far,mudanca_regime,33.3796,36.1873,3.151,32.5633,0.2899,2.8077,0.0,False
B-90001A,uni,2021-01-29 15:49:00,2021-01-29 15:51:00,2.0,3,0.00712102,1.413,0.0052073129846153,1.034,210.34,far,glitch_sensor,40.0632,40.2615,3.6317,37.3089,0.2899,0.1984,0.0,False
B-90001A,uni,2021-01-29 15:53:00,2021-01-29 15:57:00,4.0,5,0.0051742312,1.027,0.0049090615133333,0.974,210.34,far,glitch_sensor,40.0632,40.2844,4.5015,37.3089,0.2899,0.2213,0.0,False
B-90001A,uni,2021-01-29 15:59:00,2021-01-29 17:14:00,75.0,76,0.008562652,1.7,0.0026522939798837,0.526,210.33,far,sustentado_sem_causa,40.0632,39.3384,2.5635,37.3089,0.2899,0.7248,0.0,False
B-90001A,uni,2021-02-09 20:38:00,2021-02-09 22:18:00,100.0,101,0.009025943,1.792,0.0029515726545945,0.586,199.14,far,mudanca_regime,36.8893,34.9742,4.2344,34.9284,0.2899,1.915,0.0,False
B-90001A,uni,2021-02-10 03:01:00,2021-02-10 04:03:00,62.0,63,0.008468329,1.681,0.0032688264172602,0.649,198.87,far,mudanca_regime,34.6118,28.1228,8.9839,42.5886,0.2899,6.489,0.0,False
B-90001A,uni,2021-02-14 15:18:00,2021-02-14 15:18:00,0.0,1,0.0069385394,1.377,0.0053062485363636,1.053,194.36,far,mudanca_regime,39.7008,38.2244,0.4616,36.2865,0.2899,1.4763,0.0,False
B-90001A,uni,2021-02-14 15:20:00,2021-02-14 16:21:00,61.0,62,0.0069385394,1.377,0.0020889521212499,0.415,194.36,far,mudanca_regime,39.6741,38.0795,2.8077,36.2865,0.2899,1.5946,0.0,False
B-90001A,uni,2021-02-18 12:58:00,2021-02-18 13:28:00,30.0,31,0.011172336,2.218,0.0042904494487804,0.852,190.46,far,sustentado_sem_causa,36.7214,36.0653,35.8058,33.4254,0.2899,0.6561,0.0,False
B-90001A,uni,2021-02-18 13:30:00,2021-02-18 13:31:00,1.0,2,0.0066511948,1.32,0.0041873333083333,0.831,190.44,far,mudanca_regime,0.9156,36.0653,0.2441,33.4254,0.2899,35.1497,0.0,False
B-90001A,uni,2021-02-18 13:33:00,2021-02-18 13:33:00,0.0,1,0.0066511948,1.32,0.0048025754454545,0.953,190.44,far,mudanca_regime,0.9156,36.0653,31.93,33.4254,0.2899,35.1497,0.0,False
B-90001A,uni,2021-02-18 13:35:00,2021-02-18 13:37:00,2.0,3,0.0066511948,1.32,0.0054054965230769,1.073,190.43,far,mudanca_regime,0.9156,36.0653,31.0068,33.4254,0.2899,35.1497,0.0,False
B-90001A,uni,2021-02-18 13:39:00,2021-02-18 14:44:00,65.0,66,0.01003328,1.992,0.0028657310555263,0.569,190.43,far,mudanca_regime,0.9156,35.4625,36.5307,33.4254,0.2899,34.547,0.0,False
B-90001A,uni,2021-02-19 21:05:00,2021-02-19 22:08:00,63.0,64,0.010345806,2.054,0.004508568019054,0.895,189.12,far,mudanca_regime,0.9156,27.6116,0.0458,33.578,0.2899,26.6961,0.0,False
B-90001A,uni,2021-02-19 22:12:00,2021-02-19 22:23:00,11.0,12,0.003064859,0.608,0.0008061905768181,0.16,189.07,far,mudanca_regime,0.9156,27.9778,0.0458,0.0458,0.2899,27.0623,0.0,False
B-90001A,uni,2021-02-19 22:25:00,2021-02-19 22:26:00,1.0,2,0.0032124913,0.638,0.0015025926191666,0.298,189.07,far,mudanca_regime,0.9156,28.0465,0.0,0.0458,0.2899,27.131,0.0,False
B-90001A,uni,2021-02-19 22:30:00,2021-02-19 22:30:00,0.0,1,0.0032124913,0.638,0.0023222314272727,0.461,189.06,far,mudanca_regime,0.9156,28.0999,23.2093,23.1101,0.2899,27.1844,0.0,False
B-90001A,uni,2021-02-19 22:32:00,2021-02-19 22:36:00,4.0,5,0.0032124913,0.638,0.0024276286866666,0.482,189.06,far,mudanca_regime,0.9156,28.1457,23.4993,23.1101,0.2899,27.2301,0.0,False
B-90001A,uni,2021-02-19 22:38:00,2021-02-19 22:49:00,11.0,12,0.002860257,0.568,0.0021291073045454,0.423,189.06,far,mudanca_regime,0.9156,28.3364,25.2464,23.1101,0.2899,27.4209,0.0,False
B-90001A,uni,2021-02-19 22:51:00,2021-02-19 22:52:00,1.0,2,0.0021633804,0.429,0.0020397934083333,0.405,189.05,far,glitch_sensor,0.9156,28.3898,25.3914,23.1101,0.2899,27.4743,0.0,False
B-90001A,uni,2021-02-22 06:35:00,2021-02-22 07:31:00,56.0,57,0.0068796617,1.366,0.0020367200058208,0.404,186.73,far,mudanca_regime,27.1043,33.1355,5.1614,28.8247,0.2899,6.0312,0.0,False
B-90001A,uni,2021-02-25 01:52:00,2021-02-25 01:56:00,4.0,5,0.009790384,1.943,0.005998817,1.191,183.92,far,mudanca_regime,30.7169,33.063,2.5254,45.3963,0.2899,2.3461,0.0,False
B-90001A,uni,2021-02-25 02:00:00,2021-02-25 02:09:00,9.0,10,0.0055384487,1.099,0.004881143685,0.969,183.92,far,glitch_sensor,30.6406,33.4025,3.029,45.3963,0.2899,2.7619,0.0,False
B-90001A,uni,2021-02-25 02:11:00,2021-02-25 02:41:00,30.0,31,0.008920161,1.771,0.0052410583463414,1.04,183.91,far,mudanca_regime,30.7169,34.0052,1.0147,45.3963,0.2899,3.2884,0.0,False
B-90001A,uni,2021-02-25 02:49:00,2021-02-25 02:50:00,1.0,2,0.008124172,1.613,0.0060347188,1.198,183.88,far,glitch_sensor,30.6635,34.0587,4.6541,32.4107,0.2899,3.3952,0.0,False
B-90001A,uni,2021-02-25 02:52:00,2021-02-25 02:56:00,4.0,5,0.008124172,1.613,0.00586742778,1.165,183.88,far,glitch_sensor,30.6635,34.1044,4.0742,32.4107,0.2899,3.441,0.0,False
B-90001A,uni,2021-02-25 02:59:00,2021-02-25 04:38:00,99.0,100,0.009228758,1.832,0.0026816793001818,0.532,183.88,far,mudanca_regime,30.6902,33.887,4.429,32.4107,0.2899,3.1968,0.0,False
B-90001A,uni,2021-02-25 06:32:00,2021-02-25 06:46:00,14.0,15,0.006003989,1.192,0.0030622898452,0.608,183.73,far,glitch_sensor,34.1044,34.1044,1.6022,33.6238,0.2899,0.0,0.0,False
B-90001A,uni,2021-02-25 12:45:00,2021-02-25 12:50:00,5.0,6,0.0058378964,1.159,0.0029429018025,0.584,183.47,far,mudanca_regime,0.9156,38.4152,37.4996,49.1272,0.2899,37.4996,0.0,False
B-90001A,uni,2021-02-25 16:14:00,2021-02-25 17:53:00,99.0,100,0.0111085065,2.205,0.0031649959638181,0.628,183.32,far,precursor_parada,37.0571,35.6532,1.8922,36.4315,0.2899,1.4038,0.0,True
B-90001A,uni,2021-02-26 15:03:00,2021-02-26 15:05:00,2.0,3,0.0064858417,1.287,0.0053655745923076,1.065,182.37,far,mudanca_regime,32.3573,33.6696,1.4496,33.8679,0.2899,1.3123,0.0,False
B-90001A,uni,2021-02-26 15:07:00,2021-02-26 15:23:00,16.0,17,0.006293607,1.249,0.0038338521925925,0.761,182.37,far,mudanca_regime,32.1665,33.9137,1.793,33.8679,0.2899,1.7472,0.0,False
B-90001A,uni,2021-02-26 15:32:00,2021-02-26 15:33:00,1.0,2,0.011678368,2.318,0.0058585903333333,1.163,182.35,far,glitch_sensor,30.9305,33.9137,30.0607,33.8679,0.2899,2.9832,0.0,False
B-90001A,uni,2021-02-26 15:36:00,2021-02-26 15:37:00,1.0,2,0.011678368,2.318,0.0066293407083333,1.316,182.35,far,glitch_sensor,30.8847,33.9137,6.3707,41.1771,0.2899,3.029,0.0,False
B-90001A,uni,2021-02-26 15:39:00,2021-02-26 16:52:00,73.0,74,0.011678368,2.318,0.0037680332455952,0.748,182.35,far,mudanca_regime,30.8847,33.8603,4.677,41.1771,0.2899,2.9756,0.0,False
B-90001A,uni,2021-02-26 22:43:00,2021-02-26 23:39:00,56.0,57,0.0075049866,1.49,0.0011175192420895,0.222,182.05,far,mudanca_regime,31.6591,35.2641,1.5755,30.7703,0.2899,3.605,0.0,False
B-90001A,uni,2021-03-02 02:15:00,2021-03-02 02:16:00,1.0,2,0.005835557,1.158,0.0039236712416666,0.779,178.91,far,glitch_sensor,30.4727,30.9572,0.2442,31.6324,0.2899,0.4845,0.0,False
B-90001A,uni,2021-03-02 02:18:00,2021-03-02 03:04:00,46.0,47,0.005835557,1.158,0.0020639989914035,0.41,178.9,far,precursor_parada,30.4727,1.0147,1.5946,31.6324,0.2899,29.458,0.0,False
B-90001A,uni,2021-03-02 04:22:00,2021-03-02 05:20:00,58.0,59,0.00614548,1.22,0.0031586751423188,0.627,178.82,far,precursor_parada,30.8847,1.0147,29.9158,27.665,0.2899,29.87,0.0,False
B-90001A,uni,2021-03-04 14:11:00,2021-03-04 14:21:00,10.0,11,0.006994486,1.388,0.0051862553666666,1.029,176.41,far,glitch_sensor,35.7067,31.56,6.0121,54.0712,0.2899,4.1467,0.0,False
B-90001A,uni,2021-03-04 14:23:00,2021-03-04 14:46:00,23.0,24,0.0065515446,1.3,0.0050768750441176,1.008,176.4,far,glitch_sensor,35.6532,31.3425,3.8758,54.0712,0.2899,4.3107,0.0,False
B-90001A,uni,2021-03-04 14:48:00,2021-03-04 15:51:00,63.0,64,0.006683153,1.327,0.0017693148009459,0.351,176.38,far,mudanca_regime,35.1955,31.5867,5.4018,54.0712,0.2899,3.6088,0.0,False
B-90001A,uni,2021-03-05 07:21:00,2021-03-05 08:19:00,58.0,59,0.008479562,1.683,0.0029366645795652,0.583,175.69,far,mudanca_regime,28.2182,30.6902,4.6731,40.5973,0.2899,2.472,0.0,False
B-90001A,uni,2021-03-05 15:27:00,2021-03-05 15:45:00,18.0,19,0.0075681703,1.502,0.0052030694137931,1.033,175.36,far,mudanca_regime,24.0028,26.2078,23.0873,23.4993,0.2899,2.205,0.0,False
B-90001A,uni,2021-03-05 15:47:00,2021-03-05 15:47:00,0.0,1,0.006877282,1.365,0.0052319363,1.038,175.34,far,mudanca_regime,23.0834,26.2078,21.9695,23.4993,0.2899,3.1243,0.0,False
B-90001A,uni,2021-03-05 15:52:00,2021-03-05 16:05:00,13.0,14,0.006877282,1.365,0.0047118577166666,0.935,175.34,far,mudanca_regime,22.866,26.1086,5.2339,25.9178,0.2899,3.2426,0.0,False
B-90001A,uni,2021-03-05 16:07:00,2021-03-05 16:11:00,4.0,5,0.007132238,1.416,0.00466090648,0.925,175.33,far,glitch_sensor,22.866,26.0628,7.1718,25.9178,0.2899,3.1968,0.0,False
B-90001A,uni,2021-03-05 16:13:00,2021-03-05 16:56:00,43.0,44,0.007132238,1.416,0.0024156073266666,0.479,175.32,far,mudanca_regime,22.866,26.017,4.1658,25.9178,0.2899,3.151,0.0,False
B-90001A,uni,2021-03-08 01:48:00,2021-03-08 01:53:00,5.0,6,0.0067094113,1.332,0.00367404038125,0.729,172.93,far,glitch_sensor,29.4771,25.8187,4.2383,26.6427,0.2899,3.6584,0.0,False
B-90001A,uni,2021-03-08 01:55:00,2021-03-08 01:58:00,3.0,4,0.002277966,0.452,0.0020950511714285,0.416,172.92,far,transiente_curto,25.8454,25.8187,1.4763,26.6427,0.2899,0.0267,0.0,False
B-90001A,uni,2021-03-08 02:01:00,2021-03-08 02:07:00,6.0,7,0.002277966,0.452,0.0020597177411764,0.409,172.92,far,transiente_curto,25.0214,25.8721,0.7057,26.6427,0.2899,0.8507,0.0,False
B-90001A,uni,2021-03-08 02:09:00,2021-03-08 02:44:00,35.0,36,0.00454406,0.902,0.0019231397313043,0.382,172.91,far,mudanca_regime,24.5598,26.0399,2.0371,26.6427,0.2899,1.4801,0.0,False
B-90001A,uni,2021-03-12 10:11:00,2021-03-12 10:23:00,12.0,13,0.01505482,2.988,0.0072868231217391,1.446,168.58,far,mudanca_regime,0.969,27.1538,0.0458,45.7396,0.2899,26.1849,0.0,False
B-90001A,uni,2021-03-12 10:25:00,2021-03-12 10:25:00,0.0,1,0.009057407,1.798,0.0070509432181818,1.4,168.57,far,mudanca_regime,0.969,27.2263,0.1907,45.7396,0.2899,26.2574,0.0,False
B-90001A,uni,2021-03-12 10:28:00,2021-03-12 10:48:00,20.0,21,0.011005868,2.185,0.0076447581290322,1.517,168.56,far,mudanca_regime,0.969,27.131,32.7464,45.7396,0.2899,26.162,0.0,False
B-90001A,uni,2021-03-12 10:50:00,2021-03-12 10:50:00,0.0,1,0.011005868,2.185,0.0084387305090909,1.675,168.55,far,mudanca_regime,0.969,27.131,28.9697,45.7396,0.2899,26.162,0.0,False
B-90001A,uni,2021-03-12 10:52:00,2021-03-12 11:58:00,66.0,67,0.018354328,3.643,0.0034505451948051,0.685,168.55,far,mudanca_regime,0.969,28.0465,27.7108,45.7396,0.2899,27.0775,0.0,False
B-90001A,uni,2021-03-13 20:09:00,2021-03-13 20:09:00,0.0,1,0.006260989,1.243,0.0049162340363636,0.976,167.16,far,mudanca_regime,31.2967,29.5724,0.3357,42.6344,0.2899,1.7243,0.0,False
B-90001A,uni,2021-03-13 20:11:00,2021-03-13 20:14:00,3.0,4,0.0061461385,1.22,0.0045375234714285,0.901,167.16,far,mudanca_regime,31.3196,29.5495,2.3499,42.6344,0.2899,1.7701,0.0,False
B-90001A,uni,2021-03-13 20:16:00,2021-03-13 21:23:00,67.0,68,0.006087956,1.208,0.0027121841267948,0.538,167.16,far,mudanca_regime,31.3196,29.1147,3.4181,42.6344,0.2899,2.205,0.0,False
B-90001A,uni,2021-03-14 15:22:00,2021-03-14 16:00:00,38.0,39,0.009566947,1.899,0.0037002265122448,0.734,166.36,far,sustentado_sem_causa,0.969,1.0147,0.1907,27.4667,0.2899,0.0458,0.0,False
B-90001A,uni,2021-03-14 16:16:00,2021-03-14 16:20:00,4.0,5,0.0076040262,1.509,0.0028490278133333,0.566,166.32,far,transiente_curto,1.0147,1.0147,0.0458,27.4667,0.2899,0.0,0.0,False
B-90001A,uni,2021-03-16 12:50:00,2021-03-16 13:03:00,13.0,14,0.009780233,1.941,0.0030258640641666,0.601,164.47,far,transiente_curto,0.969,1.1139,0.0534,18.2196,0.2899,0.145,0.0,False
B-90001A,uni,2021-03-16 13:26:00,2021-03-16 13:26:00,0.0,1,0.008412057,1.67,0.0039426024536363,0.783,164.44,far,transiente_curto,0.969,1.1597,9.6896,27.5658,0.2899,0.1907,0.0,False
B-90001A,uni,2021-03-16 13:28:00,2021-03-16 13:51:00,23.0,24,0.008412057,1.67,0.0040933449382352,0.812,164.44,far,transiente_curto,0.969,1.1597,0.6256,27.5658,0.2899,0.1907,0.0,False
B-90001A,uni,2021-03-16 14:18:00,2021-03-16 15:08:00,50.0,51,0.0086769955,1.722,0.002384137914754,0.473,164.4,far,mudanca_regime,0.969,30.9801,0.2899,27.5658,0.2899,30.0111,0.0,False
B-90001A,uni,2021-03-16 15:10:00,2021-03-16 15:11:00,1.0,2,0.00452592,0.898,0.0025664153416666,0.509,164.37,far,mudanca_regime,1.1139,31.1518,0.7706,0.9232,0.2899,30.0378,0.0,False
B-90001A,uni,2021-03-16 15:14:00,2021-03-16 15:15:00,1.0,2,0.00452592,0.898,0.0034616639083333,0.687,164.37,far,mudanca_regime,1.1139,31.2967,22.866,20.3482,0.2899,30.1828,0.0,False
B-90001A,uni,2021-03-22 11:29:00,2021-03-22 13:13:00,104.0,105,0.009280545,1.842,0.0031379206353043,0.623,158.52,far,glitch_sensor,0.9156,34.1044,0.145,11.9633,0.2899,33.1889,0.0,False
B-90001A,uni,2021-03-24 17:07:00,2021-03-24 18:37:00,90.0,91,0.012352611,2.452,0.0043664172756435,0.867,156.29,far,precursor_parada,0.969,1.0147,0.5799,24.7124,0.2899,0.0458,0.0,True
B-90001A,uni,2021-04-01 09:29:00,2021-04-01 11:11:00,102.0,103,0.009570787,1.9,0.002947053868584,0.585,148.6,far,mudanca_regime,27.9016,30.8084,2.7161,24.514,0.2899,2.9069,0.0,False
B-90001A,uni,2021-04-01 15:33:00,2021-04-01 16:09:00,36.0,37,0.0064151944,1.273,0.0033131361042553,0.658,148.35,far,precursor_parada,31.6096,1.0376,2.06,21.7978,0.2899,30.5719,0.0,False
B-90001A,uni,2021-04-01 16:11:00,2021-04-01 16:11:00,0.0,1,0.005548671,1.101,0.0036532003818181,0.725,148.33,far,mudanca_regime,29.8662,1.0376,0.8965,21.7978,0.2899,28.8285,0.0,False
B-90001A,uni,2021-04-01 16:15:00,2021-04-01 17:15:00,60.0,61,0.006046022,1.2,0.0027527412598591,0.546,148.32,far,mudanca_regime,27.7833,31.7316,26.8677,21.7978,0.2899,3.9483,0.0,False
B-90001A,uni,2021-04-01 17:17:00,2021-04-01 17:18:00,1.0,2,0.004143666,0.822,0.0020125781541666,0.399,148.28,far,mudanca_regime,1.0147,31.7316,0.0992,0.145,0.2899,30.7169,0.0,False
B-90001A,uni,2021-04-08 08:47:00,2021-04-08 10:02:00,75.0,76,0.0065746754,1.305,0.0026600145593023,0.528,141.63,far,mudanca_regime,25.7004,30.6635,6.5653,41.5204,0.2899,4.9631,0.0,False
B-90001A,uni,2021-04-09 15:26:00,2021-04-09 15:31:00,5.0,6,0.0082298275,1.634,0.0026086783125,0.518,140.36,far,mudanca_regime,27.9016,1.0147,7.8509,38.2244,0.2899,26.8868,0.0,False
B-90001A,uni,2021-04-09 16:18:00,2021-04-09 17:26:00,68.0,69,0.009423366,1.87,0.003755738692405,0.745,140.32,far,mudanca_regime,33.9824,32.5022,33.9824,21.4164,0.2899,1.4802,0.0,False
B-90001A,uni,2021-04-09 17:28:00,2021-04-09 17:28:00,0.0,1,0.0067094336,1.332,0.0026645384181818,0.529,140.27,far,mudanca_regime,1.0147,32.5556,0.0458,1.0147,0.2899,31.5409,0.0,False
B-90001A,uni,2021-04-09 17:30:00,2021-04-09 17:30:00,0.0,1,0.0067094336,1.332,0.0032767384363636,0.65,140.27,far,mudanca_regime,1.0147,32.5556,34.5469,26.2612,0.2899,31.5409,0.0,False
B-90001A,uni,2021-04-09 17:32:00,2021-04-09 17:33:00,1.0,2,0.0067094336,1.332,0.0040423601166666,0.802,140.27,far,mudanca_regime,1.0147,32.5556,29.7021,26.2612,0.2899,31.5409,0.0,False
B-90001A,uni,2021-04-09 17:35:00,2021-04-09 17:36:00,1.0,2,0.0067094336,1.332,0.0045431532916666,0.902,140.27,far,mudanca_regime,1.0147,32.5556,29.6029,26.2612,0.2899,31.5409,0.0,False
B-90001A,uni,2021-04-09 17:38:00,2021-04-09 17:45:00,7.0,8,0.005754163,1.142,0.0040135562388888,0.797,140.27,far,mudanca_regime,1.0147,32.5785,30.282,26.2612,0.2899,31.5638,0.0,False
B-90001A,uni,2021-04-09 17:47:00,2021-04-09 18:09:00,22.0,23,0.0037372133,0.742,0.0032876013272727,0.653,140.26,far,mudanca_regime,1.0147,32.6014,32.0215,26.2612,0.2899,31.5867,0.0,False
B-90001A,uni,2021-04-10 05:34:00,2021-04-10 06:34:00,60.0,61,0.00865139,1.717,0.0034031384146478,0.675,139.77,far,mudanca_regime,28.3364,25.1396,5.4247,27.0394,0.2899,3.1968,0.0,False
B-90001A,uni,2021-04-11 02:59:00,2021-04-11 03:00:00,1.0,2,0.00935304,1.857,0.0055109650833333,1.094,138.88,far,glitch_sensor,29.1871,29.5267,5.2072,43.6033,0.2899,0.3395,0.0,False
B-90001A,uni,2021-04-11 03:04:00,2021-04-11 04:32:00,88.0,89,0.0060223914,1.195,0.0027093100740404,0.538,138.87,far,sustentado_sem_causa,29.1147,29.2596,1.8922,43.6033,0.2899,0.145,0.0,False
B-90001A,uni,2021-04-11 08:27:00,2021-04-11 08:36:00,9.0,10,0.0065855044,1.307,0.005172274095,1.027,138.65,far,mudanca_regime,28.2449,31.2204,3.9216,43.8932,0.2899,2.9756,0.0,False
B-90001A,uni,2021-04-11 08:38:00,2021-04-11 10:11:00,93.0,94,0.0071671475,1.423,0.0028331620705769,0.562,138.64,far,mudanca_regime,28.2907,32.0673,4.8448,43.8932,0.2899,3.7767,0.0,False
B-90001A,uni,2021-04-22 12:02:00,2021-04-22 13:12:00,70.0,71,0.0060273944,1.196,0.0024154890433333,0.479,127.5,far,glitch_sensor,29.0155,0.9156,28.1457,32.8532,0.2899,28.0999,0.0,True
B-90001A,uni,2021-04-28 22:47:00,2021-04-28 22:49:00,2.0,3,0.006826972,1.355,0.0053997718307692,1.072,121.05,far,glitch_sensor,24.9222,0.9156,1.6213,22.6218,0.2899,24.0066,0.0,True
B-90001A,uni,2021-05-05 13:59:00,2021-05-05 14:14:00,15.0,16,0.011414683,2.266,0.006459913576923,1.282,114.42,far,transiente_curto,0.9156,0.9156,0.0534,34.3028,0.2899,0.0,0.0,False
B-90001A,uni,2021-05-05 14:16:00,2021-05-05 14:20:00,4.0,5,0.009510505,1.888,0.0068397663933333,1.358,114.41,far,transiente_curto,0.9156,0.9156,19.0893,31.6858,0.2899,0.0,0.0,False
B-90001A,uni,2021-05-05 14:22:00,2021-05-05 14:39:00,17.0,18,0.009036544,1.794,0.0054794019142857,1.088,114.4,far,transiente_curto,0.9156,0.9156,0.0534,31.6858,0.2899,0.0,0.0,False
B-90001A,uni,2021-05-05 14:41:00,2021-05-05 14:44:00,3.0,4,0.014978929,2.973,0.0070670231285714,1.403,114.39,far,transiente_curto,0.9156,0.9156,0.0534,31.6858,0.2899,0.0,0.0,False
B-90001A,uni,2021-05-05 14:47:00,2021-05-05 14:47:00,0.0,1,0.014978929,2.973,0.0092706036,1.84,114.38,far,glitch_sensor,0.9156,0.9156,11.5284,32.1741,0.2899,0.0,0.0,False
B-90001A,uni,2021-05-05 14:52:00,2021-05-05 14:53:00,1.0,2,0.014978929,2.973,0.0083725657666666,1.662,114.38,far,glitch_sensor,0.9156,0.9156,0.0,32.1741,0.2899,0.0,0.0,False
B-90001A,uni,2021-05-05 14:55:00,2021-05-05 16:16:00,81.0,82,0.013795597,2.738,0.0046018336554347,0.913,114.38,far,mudanca_regime,0.9156,29.3588,12.7949,32.1741,0.2899,28.4433,0.0,False
B-90001A,uni,2021-05-05 16:23:00,2021-05-05 16:34:00,11.0,12,0.0045890976,0.911,0.0031626923318181,0.628,114.32,far,mudanca_regime,0.9156,29.4504,27.2759,26.6884,0.2899,28.5348,0.0,False
B-90001A,uni,2021-05-06 00:00:00,2021-05-06 00:01:00,1.0,2,0.0059000645,1.171,0.0035294009166666,0.701,114.0,far,mudanca_regime,0.9423,27.7566,27.2492,30.0378,0.2899,26.8143,0.0,False
B-90001A,uni,2021-05-06 00:03:00,2021-05-06 00:05:00,2.0,3,0.005261752,1.044,0.0023341563384615,0.463,114.0,far,mudanca_regime,12.112,27.7566,15.1639,11.6276,0.2899,15.6445,0.0,False
B-90001A,uni,2021-05-06 23:05:00,2021-05-06 23:09:00,4.0,5,0.008284488,1.644,0.0030186977039999,0.599,113.04,far,transiente_curto,29.1147,29.8929,1.3047,38.1787,0.2899,0.7782,0.0,False
B-90001A,uni,2021-05-08 13:38:00,2021-05-08 15:03:00,85.0,86,0.011455249,2.274,0.00381445102625,0.757,111.43,far,mudanca_regime,0.9156,33.063,47.1435,37.5912,0.2899,32.1474,0.0,False
B-90001A,uni,2021-05-18 14:53:00,2021-05-18 15:00:00,7.0,8,0.008666865,1.72,0.0063580784222222,1.262,101.38,far,glitch_sensor,25.5745,30.0111,24.6055,42.1537,0.2899,4.4366,0.0,False
B-90001A,uni,2021-05-18 15:02:00,2021-05-18 15:21:00,19.0,20,0.01170301,2.323,0.0066499632433333,1.32,101.37,far,glitch_sensor,25.5058,30.3507,24.5903,42.1537,0.2899,4.8448,0.0,False
B-90001A,uni,2021-05-18 15:24:00,2021-05-18 15:24:00,0.0,1,0.01170301,2.323,0.0089702917636363,1.781,101.36,far,glitch_sensor,25.2846,30.3507,2.327,42.1537,0.2899,5.0661,0.0,False
B-90001A,uni,2021-05-18 15:26:00,2021-05-18 15:28:00,2.0,3,0.01170301,2.323,0.009531114976923,1.892,101.36,far,glitch_sensor,25.2846,30.3964,2.617,42.1537,0.2899,5.1119,0.0,False
B-90001A,uni,2021-05-18 15:30:00,2021-05-18 15:35:00,5.0,6,0.0133316405,2.646,0.009576203275,1.901,101.35,far,glitch_sensor,25.3113,30.5185,4.4366,42.1537,0.2899,5.2072,0.0,False
B-90001A,uni,2021-05-18 15:37:00,2021-05-18 16:39:00,62.0,63,0.0133316405,2.646,0.0031065199865753,0.617,101.35,far,mudanca_regime,25.5516,29.8662,6.9506,42.1537,0.2899,4.3146,0.0,False
B-90001A,uni,2021-05-24 03:11:00,2021-05-24 03:11:00,0.0,1,0.009359944,1.858,0.0064557654818181,1.281,95.87,far,transiente_curto,0.9156,0.8698,0.0,30.5185,0.2899,0.0458,0.0,False
B-90001A,uni,2021-05-24 03:13:00,2021-05-24 04:54:00,101.0,102,0.009204312,1.827,0.0031446654799107,0.624,95.87,far,sustentado_sem_causa,0.9156,0.8698,0.0534,30.5185,0.2899,0.0458,0.0,False
B-90001A,uni,2021-05-27 10:09:00,2021-05-27 10:19:00,10.0,11,0.0064922203,1.289,0.0049120642285714,0.975,92.58,far,glitch_sensor,24.7772,27.5658,1.1406,29.9844,0.2899,2.7886,0.0,False
B-90001A,uni,2021-05-27 10:21:00,2021-05-27 10:41:00,20.0,21,0.0059361737,1.178,0.0031140591,0.618,92.57,far,glitch_sensor,24.7505,27.955,3.5859,29.9844,0.2899,3.2044,0.0,False
B-90001A,uni,2021-05-27 10:43:00,2021-05-27 11:15:00,32.0,33,0.0053689703,1.066,0.001937074372093,0.384,92.55,far,mudanca_regime,25.0214,28.4814,3.2693,29.9844,0.2899,3.46,0.0,False
B-90001A,uni,2021-05-30 12:17:00,2021-05-30 12:20:00,3.0,4,0.006618182,1.314,0.0054731377428571,1.086,89.49,far,mudanca_regime,0.9919,28.1915,26.3756,28.4433,0.2899,27.1996,0.0,False
B-90001A,uni,2021-05-30 12:23:00,2021-05-30 13:42:00,79.0,80,0.008483473,1.684,0.0028855055754444,0.573,89.48,far,mudanca_regime,1.0147,27.955,29.0231,28.4433,0.2899,26.9402,0.0,False
B-90001A,uni,2021-06-02 06:44:00,2021-06-02 07:29:00,45.0,46,0.0083701825,1.661,0.0014867453382142,0.295,86.72,far,mudanca_regime,0.9156,24.9222,24.2241,26.8868,0.2899,24.0066,0.0,False
B-90001A,uni,2021-06-02 07:31:00,2021-06-02 07:37:00,6.0,7,0.00091241946,0.181,0.0006999471305882,0.139,86.69,far,mudanca_regime,22.866,25.1434,1.4496,1.5946,0.2899,2.2774,0.0,False
B-90001A,uni,2021-06-03 11:50:00,2021-06-03 11:56:00,6.0,7,0.00872946,1.733,0.0059814056647058,1.187,85.51,far,mudanca_regime,0.9156,28.7027,12.3066,38.6593,0.2899,27.7871,0.0,False
B-90001A,uni,2021-06-03 11:59:00,2021-06-03 11:59:00,0.0,1,0.006482487,1.287,0.0050287356454545,0.998,85.5,far,mudanca_regime,0.9156,28.9697,23.5984,38.6593,0.2899,28.0541,0.0,False
B-90001A,uni,2021-06-03 12:01:00,2021-06-03 13:44:00,103.0,104,0.010286224,2.042,0.0033579013464035,0.667,85.5,far,mudanca_regime,0.9423,30.8084,30.3545,38.6593,0.2899,29.8662,0.0,False
B-90001A,uni,2021-06-07 03:36:00,2021-06-07 03:36:00,0.0,1,0.006763175,1.342,0.0054843063181818,1.089,81.85,far,mudanca_regime,0.9156,24.0524,22.721,40.0708,0.2899,23.1368,0.0,False
B-90001A,uni,2021-06-07 03:38:00,2021-06-07 04:11:00,33.0,34,0.006763175,1.342,0.0047448627613636,0.942,81.85,far,mudanca_regime,0.9156,24.514,23.2093,40.0708,0.2899,23.5984,0.0,False
B-90001A,uni,2021-06-07 04:13:00,2021-06-07 04:42:00,29.0,30,0.010859809,2.156,0.0040865439425,0.811,81.82,far,mudanca_regime,0.9156,24.5598,25.0023,40.0708,0.2899,23.6442,0.0,False
B-90001A,uni,2021-06-07 04:44:00,2021-06-07 04:54:00,10.0,11,0.002063346,0.41,0.0016260617047619,0.323,81.8,far,mudanca_regime,21.5079,24.5598,4.4099,2.617,0.2899,3.0519,0.0,False
B-90001A,uni,2021-06-07 04:56:00,2021-06-07 05:23:00,27.0,28,0.0016447979,0.326,0.0012780088726315,0.254,81.79,far,mudanca_regime,22.7401,24.514,2.6894,2.617,0.2899,1.7739,0.0,False
B-90001A,uni,2021-06-09 16:49:00,2021-06-09 17:13:00,24.0,25,0.009513368,1.888,0.0058653730971428,1.164,79.3,far,mudanca_regime,0.9156,26.7647,0.145,34.0129,0.2899,25.8492,0.0,False
B-90001A,uni,2021-06-09 17:16:00,2021-06-09 17:50:00,34.0,35,0.010944417,2.172,0.0056817711377777,1.128,79.28,far,mudanca_regime,0.9156,26.5435,27.0852,34.402,0.2899,25.6279,0.0,False
B-90001A,uni,2021-06-09 17:52:00,2021-06-09 18:35:00,43.0,44,0.004072099,0.808,0.0016155811751851,0.321,79.26,far,mudanca_regime,0.969,25.7195,27.3675,34.402,0.2899,24.7505,0.0,False
B-90001A,uni,2021-06-14 09:49:00,2021-06-14 11:31:00,102.0,103,0.008711681,1.729,0.0029386851423893,0.583,74.59,far,mudanca_regime,0.8698,25.9903,24.8497,29.9463,0.2899,25.1205,0.0,False
B-90001A,uni,2021-06-15 12:38:00,2021-06-15 14:24:00,106.0,107,0.012442066,2.47,0.0029019136338461,0.576,73.47,far,mudanca_regime,0.9156,29.4504,0.145,35.9966,0.2899,28.5348,0.0,False
B-90001A,uni,2021-06-18 12:03:00,2021-06-18 13:08:00,65.0,66,0.006427922,1.276,0.0018315523889473,0.364,70.5,far,mudanca_regime,0.9156,26.6884,25.4372,26.4519,0.2899,25.7729,0.0,False
B-90001A,uni,2021-06-24 09:43:00,2021-06-24 10:42:00,59.0,60,0.0073440564,1.458,0.0028430035271428,0.564,64.6,far,mudanca_regime,0.9156,24.9718,24.7124,31.2052,0.2899,24.0562,0.0,False
B-90001A,uni,2021-06-25 16:00:00,2021-06-25 17:39:00,99.0,100,0.008212319,1.63,0.0031020337063636,0.616,63.33,far,mudanca_regime,27.5391,29.1604,3.6126,23.0644,0.2899,1.6213,0.0,False
B-90001A,uni,2021-06-28 18:28:00,2021-06-28 18:42:00,14.0,15,0.008438383,1.675,0.006107963032,1.212,60.23,far,mudanca_regime,0.9156,26.3985,39.9258,33.433,0.2899,25.483,0.0,False
B-90001A,uni,2021-06-28 18:46:00,2021-06-28 20:16:00,90.0,91,0.009026587,1.792,0.0034344691076237,0.682,60.22,far,mudanca_regime,0.9156,23.8578,27.2301,33.433,0.2899,22.9423,0.0,False
B-90001A,uni,2021-06-29 14:44:00,2021-06-29 16:20:00,96.0,97,0.009141753,1.815,0.0035989471663551,0.714,59.39,far,sustentado_sem_causa,21.1188,21.9428,2.2279,16.5716,0.2899,0.824,0.0,False
B-90001A,uni,2021-06-29 18:27:00,2021-06-29 18:27:00,0.0,1,0.0065229055,1.295,0.005715821890909,1.135,59.23,far,transiente_curto,21.9199,21.363,1.4267,18.5095,0.2899,0.557,0.0,False
B-90001A,uni,2021-06-29 18:30:00,2021-06-29 18:30:00,0.0,1,0.0064640916,1.283,0.005431130090909,1.078,59.23,far,glitch_sensor,21.897,21.363,1.4039,18.5095,0.2899,0.5341,0.0,False
B-90001A,uni,2021-06-29 18:32:00,2021-06-29 20:11:00,99.0,100,0.008138831,1.615,0.0030060947418181,0.597,59.23,far,sustentado_sem_causa,21.897,21.7254,1.7472,18.5095,0.2899,0.1717,0.0,False
B-90001A,uni,2021-06-30 03:28:00,2021-06-30 04:25:00,57.0,58,0.005600226,1.112,0.0015763470072058,0.313,58.86,far,precursor_parada,21.363,0.8164,20.5466,16.0909,0.2899,20.5466,0.0,False
B-90001A,uni,2021-06-30 14:18:00,2021-06-30 15:17:00,59.0,60,0.0058333525,1.158,0.0020848719114285,0.414,58.4,far,mudanca_regime,0.9156,19.3526,25.7271,21.8513,0.2899,18.437,0.0,False
B-90001A,uni,2021-07-02 23:49:00,2021-07-03 00:46:00,57.0,58,0.006553881,1.301,0.0025518473725,0.507,56.01,far,mudanca_regime,0.9156,22.3319,22.2404,23.6442,0.2899,21.4164,0.0,False
B-90001A,uni,2021-07-03 10:16:00,2021-07-03 10:21:00,5.0,6,0.010258982,2.036,0.0072307788625,1.435,55.57,far,mudanca_regime,0.9156,25.8911,48.1582,47.5784,0.2899,24.9756,0.0,False
B-90001A,uni,2021-07-03 10:23:00,2021-07-03 10:24:00,1.0,2,0.011657679,2.314,0.0081353129333333,1.615,55.57,far,mudanca_regime,0.9156,25.9636,28.2449,47.5784,0.2899,25.0481,0.0,False
B-90001A,uni,2021-07-03 10:27:00,2021-07-03 10:33:00,6.0,7,0.011657679,2.314,0.0086594537529411,1.719,55.56,far,mudanca_regime,0.9156,26.2803,21.5613,47.5784,0.2899,25.3647,0.0,False
B-90001A,uni,2021-07-03 10:35:00,2021-07-03 12:15:00,100.0,101,0.013893595,2.758,0.0041071067103603,0.815,55.56,far,mudanca_regime,0.9156,26.2078,27.81,47.5784,0.2899,25.2922,0.0,False
B-90001A,uni,2021-07-03 19:21:00,2021-07-03 19:57:00,36.0,37,0.007606503,1.51,0.002418820574468,0.48,55.19,far,mudanca_regime,2.6589,22.9118,19.818,40.4065,0.2899,20.2528,0.0,False
B-90001A,uni,2021-07-03 20:00:00,2021-07-03 20:03:00,3.0,4,0.0026432825,0.525,0.0018634296571428,0.37,55.17,far,mudanca_regime,20.8747,22.8126,6.8361,3.3952,0.2899,1.9379,0.0,False
B-90001A,uni,2021-07-03 20:06:00,2021-07-03 20:20:00,14.0,15,0.0024762547,0.492,0.001930644784,0.383,55.16,far,transiente_curto,20.9738,21.9657,4.799,3.3952,0.2899,0.9918,0.0,False
B-90001A,uni,2021-07-03 22:07:00,2021-07-03 22:27:00,20.0,21,0.0064951163,1.289,0.0052245264225806,1.037,55.08,far,glitch_sensor,22.721,20.249,4.799,33.2804,0.2899,2.472,0.0,False
B-90001A,uni,2021-07-03 22:29:00,2021-07-03 22:41:00,12.0,13,0.00613221,1.217,0.0048518424217391,0.963,55.06,far,glitch_sensor,21.7254,20.3482,3.1701,33.2804,0.2899,1.3771,0.0,False
B-90001A,uni,2021-07-03 22:44:00,2021-07-03 22:44:00,0.0,1,0.0048672403,0.966,0.0042949243545454,0.853,55.05,far,glitch_sensor,19.837,20.394,0.6562,33.2804,0.2899,0.557,0.0,False
B-90001A,uni,2021-07-03 22:46:00,2021-07-03 23:54:00,68.0,69,0.009022085,1.791,0.0030980528860759,0.615,55.05,far,sustentado_sem_causa,19.7645,20.6381,1.4992,33.2804,0.2899,0.8736,0.0,False
B-90001A,uni,2021-07-04 09:55:00,2021-07-04 10:47:00,52.0,53,0.006640979,1.318,0.0023962845873015,0.476,54.59,far,mudanca_regime,1.1101,24.7276,23.114,35.8516,0.2899,23.6175,0.0,False
B-90001A,uni,2021-07-04 10:53:00,2021-07-04 10:53:00,0.0,1,0.0053619114,1.064,0.0038519410545454,0.765,54.55,far,mudanca_regime,22.3777,24.9489,21.5079,10.6052,0.2899,2.5712,0.0,False
B-90001A,uni,2021-07-04 11:07:00,2021-07-04 11:11:00,4.0,5,0.0061608865,1.223,0.00516813988,1.026,54.54,far,glitch_sensor,22.599,25.338,1.4802,32.754,0.2899,2.739,0.0,False
B-90001A,uni,2021-07-04 11:13:00,2021-07-04 11:44:00,31.0,32,0.008169649,1.622,0.0049428716,0.981,54.53,far,mudanca_regime,22.7439,25.8721,3.3647,32.754,0.2899,3.1282,0.0,False
B-90001A,uni,2021-07-04 11:51:00,2021-07-04 11:51:00,0.0,1,0.008169649,1.622,0.0059120228818181,1.173,54.51,far,glitch_sensor,23.4458,26.2536,22.5761,32.754,0.2899,2.8077,0.0,False
B-90001A,uni,2021-07-04 11:55:00,2021-07-04 11:55:00,0.0,1,0.006529116,1.296,0.0048703665363636,0.967,54.5,far,glitch_sensor,23.423,26.4519,22.3624,32.754,0.2899,3.029,0.0,False
B-90001A,uni,2021-07-04 11:59:00,2021-07-04 11:59:00,0.0,1,0.00610225,1.211,0.0046525877545454,0.924,54.5,far,glitch_sensor,23.4687,26.3794,6.4699,27.6193,0.2899,2.9107,0.0,False
B-90001A,uni,2021-07-04 12:01:00,2021-07-04 12:03:00,2.0,3,0.0055666687,1.105,0.0045571018461538,0.905,54.5,far,glitch_sensor,23.4916,26.4519,0.5341,27.6193,0.2899,2.9603,0.0,False
B-90001A,uni,2021-07-04 12:05:00,2021-07-04 13:42:00,97.0,98,0.006371895,1.265,0.0031561915823148,0.626,54.5,far,mudanca_regime,23.4916,26.9097,5.1882,27.6193,0.2899,3.4181,0.0,False
B-90001A,uni,2021-07-05 11:46:00,2021-07-05 11:46:00,0.0,1,0.011572204,2.297,0.0061050093545454,1.212,53.51,far,transiente_curto,0.8698,0.9156,39.9716,47.2884,0.2899,0.0458,0.0,False
B-90001A,uni,2021-07-05 11:49:00,2021-07-05 12:15:00,26.0,27,0.0084669925,1.681,0.0047439698432432,0.942,53.51,far,transiente_curto,0.8698,0.9156,47.9141,47.2884,0.2899,0.0458,0.0,False
B-90001A,uni,2021-07-05 12:20:00,2021-07-05 12:20:00,0.0,1,0.0084669925,1.681,0.00661002,1.312,53.49,far,glitch_sensor,0.9156,0.9156,0.0458,47.2884,0.2899,0.0,0.0,False
B-90001A,uni,2021-07-05 12:23:00,2021-07-05 12:23:00,0.0,1,0.0076499125,1.518,0.0061883009636363,1.228,53.48,far,glitch_sensor,0.9156,0.9156,0.0458,47.2884,0.2899,0.0,0.0,False
B-90001A,uni,2021-07-05 12:25:00,2021-07-05 12:25:00,0.0,1,0.0064696907,1.284,0.0059417937636363,1.179,53.48,far,glitch_sensor,0.9156,0.9156,0.0,47.2884,0.2899,0.0,0.0,False
B-90001A,uni,2021-07-05 12:27:00,2021-07-05 12:27:00,0.0,1,0.007238363,1.437,0.0060521059272727,1.201,53.48,far,glitch_sensor,0.9156,0.9156,0.0458,47.2884,0.2899,0.0,0.0,False
B-90001A,uni,2021-07-05 12:30:00,2021-07-05 13:36:00,66.0,67,0.011541438,2.291,0.003369034368961,0.669,53.48,far,sustentado_sem_causa,0.9156,0.9156,0.0458,47.2884,0.2899,0.0,0.0,False
B-90001A,uni,2021-07-05 16:07:00,2021-07-05 16:10:00,3.0,4,0.009778486,1.941,0.0075395614214285,1.497,53.33,far,glitch_sensor,0.9156,26.8868,42.5428,47.4334,0.2899,25.9713,0.0,False
B-90001A,uni,2021-07-05 16:12:00,2021-07-05 16:14:00,2.0,3,0.008821159,1.751,0.0073342683923076,1.456,53.33,far,glitch_sensor,0.9156,26.7151,26.307,47.4334,0.2899,25.7996,0.0,False
B-90001A,uni,2021-07-05 16:16:00,2021-07-05 17:55:00,99.0,100,0.012695223,2.52,0.0043060869718181,0.855,53.32,far,mudanca_regime,0.9156,24.9222,28.5348,47.4334,0.2899,24.0066,0.0,False
B-90001A,uni,2021-07-06 16:01:00,2021-07-06 16:18:00,17.0,18,0.012802098,2.541,0.0065094573214285,1.292,52.33,far,mudanca_regime,0.9156,22.721,0.145,46.5102,0.2899,21.8055,0.0,False
B-90001A,uni,2021-07-06 16:21:00,2021-07-06 16:24:00,3.0,4,0.011898533,2.362,0.0073153593571428,1.452,52.32,far,mudanca_regime,0.9156,22.6676,40.0708,46.5102,0.2899,21.7521,0.0,False
B-90001A,uni,2021-07-06 16:26:00,2021-07-06 16:38:00,12.0,13,0.011898533,2.362,0.0078685119130434,1.562,52.32,far,mudanca_regime,0.9156,22.6447,32.2657,46.5102,0.2899,21.7292,0.0,False
B-90001A,uni,2021-07-06 16:40:00,2021-07-06 18:12:00,92.0,93,0.013330326,2.646,0.0039390657864077,0.782,52.31,far,mudanca_regime,0.9156,21.3859,23.4001,46.5102,0.2899,20.4703,0.0,False
B-90001A,uni,2021-07-07 23:24:00,2021-07-07 23:51:00,27.0,28,0.0062254057,1.236,0.0030059614078947,0.597,51.02,far,mudanca_regime,0.9156,21.775,24.4682,22.187,0.2899,20.8594,0.0,False
B-90001A,uni,2021-07-08 09:59:00,2021-07-08 10:58:00,59.0,60,0.00889194,1.765,0.0029392109842857,0.583,50.58,far,glitch_sensor,21.0692,25.1396,4.5587,18.9444,0.2899,4.0704,0.0,False
B-90001A,uni,2021-07-10 12:42:00,2021-07-10 12:51:00,9.0,10,0.01030047,2.045,0.0065810913599999,1.306,48.47,far,mudanca_regime,0.9156,28.8247,24.7581,33.433,0.2899,27.9092,0.0,False
B-90001A,uni,2021-07-10 12:53:00,2021-07-10 13:56:00,63.0,64,0.006432699,1.277,0.0034623363666216,0.687,48.46,far,mudanca_regime,23.3734,29.0422,6.756,10.7578,0.2899,5.6688,0.0,False
B-90001A,uni,2021-07-11 08:33:00,2021-07-11 10:12:00,99.0,100,0.007952298,1.578,0.0032444451018181,0.644,47.64,far,mudanca_regime,0.8698,27.4209,32.9447,28.2983,0.2899,26.5511,0.0,False
B-90001A,uni,2021-07-11 23:49:00,2021-07-11 23:50:00,1.0,2,0.0076335995,1.515,0.0061227648833333,1.215,47.01,far,glitch_sensor,23.5908,22.9347,0.7782,22.7668,0.2899,0.6562,0.0,False
B-90001A,uni,2021-07-11 23:53:00,2021-07-11 23:55:00,2.0,3,0.0076335995,1.515,0.0067892294307692,1.348,47.0,far,glitch_sensor,23.5679,22.9576,1.6709,22.7668,0.2899,0.6104,0.0,False
B-90001A,uni,2021-07-11 23:58:00,2021-07-12 01:19:00,81.0,82,0.007388212,1.467,0.0033641647582608,0.668,47.0,far,sustentado_sem_causa,23.4687,23.4001,2.1058,22.7668,0.2899,0.0687,0.0,False
B-90001A,uni,2021-07-13 14:23:00,2021-07-13 14:54:00,31.0,32,0.009148007,1.816,0.0045586932690476,0.905,45.4,far,glitch_sensor,27.562,29.3054,26.6465,22.9118,0.2899,1.7434,0.0,False
B-90001A,uni,2021-07-13 14:56:00,2021-07-13 14:56:00,0.0,1,0.009148007,1.816,0.0057475507181818,1.141,45.38,far,mudanca_regime,1.0147,29.3054,29.5038,46.3195,0.2899,28.2907,0.0,False
B-90001A,uni,2021-07-13 14:58:00,2021-07-13 15:00:00,2.0,3,0.009148007,1.816,0.0050063125307692,0.994,45.38,far,mudanca_regime,1.0147,29.3588,29.1681,46.3195,0.2899,28.3441,0.0,False
B-90001A,uni,2021-07-13 15:02:00,2021-07-13 16:02:00,60.0,61,0.009148007,1.816,0.0032069262047887,0.637,45.37,far,mudanca_regime,1.0147,29.5953,29.9387,46.3195,0.2899,28.5806,0.0,False
B-90001A,uni,2021-07-24 00:46:00,2021-07-24 00:54:00,8.0,9,0.005923304,1.176,0.0053062939789473,1.053,34.97,far,mudanca_regime,0.9156,26.4252,22.1946,39.1934,0.2899,25.5097,0.0,False
B-90001A,uni,2021-07-24 00:56:00,2021-07-24 00:57:00,1.0,2,0.005923304,1.176,0.0055094010916666,1.094,34.96,far,mudanca_regime,0.9156,26.6427,21.9504,39.1934,0.2899,25.7271,0.0,False
B-90001A,uni,2021-07-24 00:59:00,2021-07-24 02:25:00,86.0,87,0.009024872,1.791,0.0036056891814432,0.716,34.96,far,mudanca_regime,0.9156,32.796,29.5038,39.1934,0.2899,31.8804,0.0,False
B-90001A,uni,2021-07-24 06:22:00,2021-07-24 06:37:00,15.0,16,0.010634894,2.111,0.0051563480038461,1.023,34.73,far,glitch_sensor,36.1148,37.1105,2.2088,25.338,0.2899,0.9957,0.0,False
B-90001A,uni,2021-07-24 06:39:00,2021-07-24 06:43:00,4.0,5,0.0072660926,1.442,0.0053888895999999,1.07,34.72,far,glitch_sensor,36.4544,37.0342,1.6709,25.338,0.2899,0.5799,0.0,False
B-90001A,uni,2021-07-24 06:45:00,2021-07-24 07:51:00,66.0,67,0.0072660926,1.442,0.0023806769661038,0.473,34.72,far,mudanca_regime,36.6222,34.8827,2.4262,25.338,0.2899,1.7396,0.0,False
B-90001A,uni,2021-07-29 23:54:00,2021-07-29 23:55:00,1.0,2,0.010600248,2.104,0.008215336025,1.631,29.0,far,glitch_sensor,35.1192,35.1192,34.2494,34.6461,0.2899,0.0,0.0,False
B-90001A,uni,2021-07-29 23:57:00,2021-07-29 23:57:00,0.0,1,0.010600248,2.104,0.0084612171818181,1.679,29.0,far,glitch_sensor,35.0276,35.1192,1.8922,34.6461,0.2899,0.0915,0.0,False
B-90001A,uni,2021-07-29 23:59:00,2021-07-30 00:10:00,11.0,12,0.010600248,2.104,0.009007698340909,1.788,29.0,far,glitch_sensor,35.0009,35.3137,3.7576,34.6461,0.2899,0.3128,0.0,False
B-90001A,uni,2021-07-30 00:12:00,2021-07-30 00:43:00,31.0,32,0.010566948,2.097,0.0065923079333333,1.309,28.99,far,glitch_sensor,34.7606,35.7524,3.0747,34.6461,0.2899,0.9918,0.0,False
B-90001A,uni,2021-07-30 00:45:00,2021-07-30 00:55:00,10.0,11,0.005037869,1.0,0.0028286557242857,0.561,28.97,far,mudanca_regime,33.6238,35.8249,3.6317,32.9447,0.2899,2.2011,0.0,False
B-90001A,uni,2021-07-30 00:57:00,2021-07-30 01:34:00,37.0,38,0.0047407947,0.941,0.0009597072095833,0.19,28.96,far,mudanca_regime,33.6238,35.7753,4.5015,2.617,0.2899,2.1515,0.0,False
B-90001A,uni,2021-08-07 00:34:00,2021-08-07 00:39:00,5.0,6,0.007446833,1.478,0.00561628179375,1.115,20.98,far,mudanca_regime,0.9156,36.6222,29.0689,45.4497,0.2899,35.7067,0.0,False
B-90001A,uni,2021-08-07 00:41:00,2021-08-07 00:44:00,3.0,4,0.005931787,1.177,0.0052930332714285,1.051,20.97,far,mudanca_regime,0.9156,36.7939,32.8532,45.4497,0.2899,35.8783,0.0,False
B-90001A,uni,2021-08-07 00:46:00,2021-08-07 02:20:00,94.0,95,0.0076378756,1.516,0.0028486085171428,0.565,20.97,far,mudanca_regime,0.9156,38.171,38.0795,45.4497,0.2899,37.2555,0.0,False
B-90001A,uni,2021-08-07 14:39:00,2021-08-07 14:39:00,0.0,1,0.007660181,1.52,0.0052213254181818,1.036,20.39,far,transiente_curto,43.4088,42.4894,42.4932,32.6548,0.2899,0.9194,0.0,False
B-90001A,uni,2021-08-07 14:41:00,2021-08-07 14:45:00,4.0,5,0.007660181,1.52,0.004250494302,0.844,20.39,far,transiente_curto,43.3363,42.4894,42.4665,32.6548,0.2899,0.8469,0.0,False
B-90001A,uni,2021-08-07 14:47:00,2021-08-07 14:47:00,0.0,1,0.005324019,1.057,0.0030136496936363,0.598,20.38,far,mudanca_regime,1.7434,42.4894,31.3463,32.7998,0.2899,40.746,0.0,False
B-90001A,uni,2021-08-07 14:49:00,2021-08-07 14:51:00,2.0,3,0.0043554483,0.865,0.002762529386923,0.548,20.38,far,mudanca_regime,1.7434,42.4894,32.7502,32.7998,0.2899,40.746,0.0,False
B-90001A,uni,2021-08-07 14:53:00,2021-08-07 15:36:00,43.0,44,0.0043554483,0.865,0.0021891164944444,0.435,20.38,far,mudanca_regime,1.7434,41.5204,42.539,32.7998,0.2899,39.7771,0.0,False
B-90001A,uni,2021-08-09 11:29:00,2021-08-09 11:31:00,2.0,3,0.012536417,2.488,0.0090395781538461,1.794,18.52,far,mudanca_regime,0.8698,43.7712,13.2756,50.2411,0.2899,42.9014,0.0,False
B-90001A,uni,2021-08-09 11:33:00,2021-08-09 11:43:00,10.0,11,0.016539274,3.283,0.0102200122380952,2.029,18.52,far,mudanca_regime,0.8698,43.7712,0.2899,50.2411,0.2899,42.9014,0.0,False
B-90001A,uni,2021-08-09 11:46:00,2021-08-09 13:15:00,89.0,90,0.016539274,3.283,0.0065945639142,1.309,18.51,far,mudanca_regime,0.8698,41.612,46.6094,54.8418,0.2899,40.7422,0.0,False
B-90001A,uni,2021-08-09 13:17:00,2021-08-09 13:28:00,11.0,12,0.001023513,0.203,0.0007908558231818,0.157,18.45,far,mudanca_regime,43.8665,41.5662,1.6213,3.5401,0.2899,2.3003,0.0,False
B-90001A,uni,2021-08-09 21:46:00,2021-08-09 23:29:00,103.0,104,0.011071269,2.198,0.0033957407785087,0.674,18.09,far,sustentado_sem_causa,39.4375,38.8272,2.1287,37.0647,0.2899,0.6104,0.0,False
B-90001A,uni,2021-08-10 23:25:00,2021-08-10 23:27:00,2.0,3,0.0073805875,1.465,0.0059751471,1.186,17.02,far,mudanca_regime,39.8724,36.3094,4.9898,34.0129,0.2899,3.563,0.0,False
B-90001A,uni,2021-08-10 23:30:00,2021-08-10 23:34:00,4.0,5,0.006822589,1.354,0.0054717607666666,1.086,17.02,far,glitch_sensor,39.8724,36.2865,5.1882,34.0129,0.2899,3.5859,0.0,False
B-90001A,uni,2021-08-10 23:36:00,2021-08-11 01:07:00,91.0,92,0.009084602,1.803,0.0027934201359803,0.554,17.02,far,mudanca_regime,39.8724,36.2331,4.7533,34.0129,0.2899,3.6393,0.0,False
B-90001A,uni,2021-08-11 06:40:00,2021-08-11 06:40:00,0.0,1,0.007771143,1.543,0.0070355598090909,1.397,16.72,far,glitch_sensor,36.9884,0.8698,36.1187,35.4167,0.2899,36.1187,0.0,False
B-90001A,uni,2021-08-11 06:42:00,2021-08-11 06:43:00,1.0,2,0.007456752,1.48,0.0068399145166666,1.358,16.72,far,glitch_sensor,36.9884,0.8698,36.1187,35.4167,0.2899,36.1187,0.0,False
B-90001A,uni,2021-08-11 06:45:00,2021-08-11 08:17:00,92.0,93,0.012086586,2.399,0.0036302982654368,0.721,16.72,far,mudanca_regime,36.9388,32.9676,36.1225,35.4167,0.2899,3.9712,0.0,False
B-90001A,uni,2021-08-11 09:43:00,2021-08-11 09:47:00,4.0,5,0.005829031,1.157,0.002837133184,0.563,16.6,far,mudanca_regime,0.9156,36.3323,33.5246,47.5326,0.2899,35.4167,0.0,False
B-90001A,uni,2021-08-12 11:46:00,2021-08-12 12:43:00,57.0,58,0.007856321,1.559,0.0025395572332352,0.504,15.51,far,mudanca_regime,36.1873,42.1461,6.4928,30.8618,0.2899,5.9587,0.0,False
B-90001A,uni,2021-08-20 22:19:00,2021-08-20 22:25:00,6.0,7,0.00915972,1.818,0.0057941138235294,1.15,7.07,near_10d,mudanca_regime,0.9156,40.3073,47.6775,53.9262,0.2899,39.3918,0.0,False
B-90001A,uni,2021-08-20 22:27:00,2021-08-20 22:50:00,23.0,24,0.0068412423,1.358,0.0049269829294117,0.978,7.06,near_10d,mudanca_regime,0.9156,40.0632,42.0545,53.9262,0.2899,39.1476,0.0,False
B-90001A,uni,2021-08-20 22:52:00,2021-08-20 23:08:00,16.0,17,0.010546084,2.093,0.005059519,1.004,7.05,near_10d,mudanca_regime,0.9156,39.819,41.7646,53.9262,0.2899,38.9035,0.0,False
B-90001A,uni,2021-08-20 23:10:00,2021-08-21 00:04:00,54.0,55,0.010546084,2.093,0.001676737008923,0.333,7.03,near_10d,mudanca_regime,0.9156,38.5373,41.4747,53.9262,0.2899,37.6217,0.0,False
B-90001A,uni,2021-08-21 01:47:00,2021-08-21 01:54:00,7.0,8,0.008794095,1.746,0.0064795688222222,1.286,6.93,near_10d,glitch_sensor,39.1934,37.7628,4.5091,52.8581,0.2899,1.4305,0.0,False
B-90001A,uni,2021-08-21 01:56:00,2021-08-21 03:27:00,91.0,92,0.009179489,1.822,0.0028255088064705,0.561,6.92,near_10d,sustentado_sem_causa,38.9492,37.9345,4.944,52.8581,0.2899,1.0147,0.0,False
B-90001A,uni,2021-08-21 10:47:00,2021-08-21 11:00:00,13.0,14,0.0062328903,1.237,0.0041131126541666,0.816,6.55,near_10d,glitch_sensor,39.3841,41.2763,3.441,36.2331,0.2899,1.8921,0.0,False
B-90001A,uni,2021-08-21 11:02:00,2021-08-21 11:21:00,19.0,20,0.0062835617,1.247,0.0036859141433333,0.732,6.54,near_10d,glitch_sensor,39.2659,41.8104,1.4306,36.2331,0.2899,2.5445,0.0,False
B-90001A,uni,2021-08-21 11:23:00,2021-08-21 12:10:00,47.0,48,0.0057771476,1.147,0.0013003793346551,0.258,6.53,near_10d,mudanca_regime,38.9721,43.3134,2.884,36.2331,0.2899,4.3413,0.0,False
B-90001A,uni,2021-08-22 08:55:00,2021-08-22 09:02:00,7.0,8,0.011506977,2.284,0.0084361904277777,1.675,5.63,near_10d,glitch_sensor,41.5433,39.0446,3.2197,56.299,0.2899,2.4987,0.0,False
B-90001A,uni,2021-08-22 09:05:00,2021-08-22 09:07:00,2.0,3,0.00809727,1.607,0.0079472312692307,1.577,5.62,near_10d,glitch_sensor,41.3755,39.1896,3.975,56.299,0.2899,2.1859,0.0,False
B-90001A,uni,2021-08-22 09:09:00,2021-08-22 10:38:00,89.0,90,0.009976093,1.98,0.0037205352302,0.738,5.62,near_10d,sustentado_sem_causa,41.3221,40.7422,4.5549,56.299,0.2899,0.5799,0.0,False
